file_path,file_name,file_extension,label,width,height,channels
/Users/saanvimalla/Downloads/macro_project/data/raw/Asellus sp/CPH-Asellus sp.-87-t.png,CPH-Asellus sp.-87-t.png,.png,Asellus sp,600,338,3
/Users/saanvimalla/Downloads/macro_project/data/raw/Asellus sp/CPH-Asellus sp.-151-t.png,CPH-Asellus sp.-151-t.png,.png,Asellus sp,600,338,3
/Users/saanvimalla/Downloads/macro_project/data/raw/Asellus sp/CPH-Asellus sp.-114-t.png,CPH-Asellus sp.-114-t.png,.png,Asellus sp,600,338,3
/Users/saanvimalla/Downloads/macro_project/data/raw/Asellus sp/CPH-Asellus sp.-250-t.png,CPH-Asellus sp.-250-t.png,.png,Asellus sp,600,338,3
/Users/saanvimalla/Downloads/macro_project/data/raw/Asellus sp/CPH-Asellus sp.-191-t.png,CPH-Asellus sp.-191-t.png,.png,Asellus sp,600,338,3
/Users/saanvimalla/Downloads/macro_project/data/raw/Asellus sp/CPH-Asellus sp.-47-t.png,CPH-Asellus sp.-47-t.png,.png,Asellus sp,600,450,3
/Users/saanvimalla/Downloads/macro_project/data/raw/Asellus sp/CPH-Asellus sp.-228-t.png,CPH-Asellus sp.-228-t.png,.png,Asellus sp,600,338,3
/Users/saanvimalla/Downloads/macro_project/data/raw/Asellus sp/CPH-Asellus sp.-290-t.png,CPH-Asellus sp.-290-t.png,.png,Asellus sp,600,450,3
/Users/saanvimalla/Downloads/macro_project/data/raw/Asellus sp/CPH-Asellus sp.-129-t.png,CPH-Asellus sp.-129-t.png,.png,Asellus sp,600,338,3
/Users/saanvimalla/Downloads/macro_project/data/raw/Asellus sp/CPH-Asellus sp.-3-t.png,CPH-Asellus sp.-3-t.png,.png,Asellus sp,600,450,3
/Users/saanvimalla/Downloads/macro_project/data/raw/Asellus sp/CPH-Asellus sp.-148-t.png,CPH-Asellus sp.-148-t.png,.png,Asellus sp,600,338,3
/Users/saanvimalla/Downloads/macro_project/data/raw/Asellus sp/CPH-Asellus sp.-63-t.png,CPH-Asellus sp.-63-t.png,.png,Asellus sp,600,338,3
/Users/saanvimalla/Downloads/macro_project/data/raw/Asellus sp/CPH-Asellus sp.-26-t.png,CPH-Asellus sp.-26-t.png,.png,Asellus sp,600,338,3
/Users/saanvimalla/Downloads/macro_project/data/raw/Asellus sp/CPH-Asellus sp.-249-t.png,CPH-Asellus sp.-249-t.png,.png,Asellus sp,600,338,3
/Users/saanvimalla/Downloads/macro_project/data/raw/Asellus sp/CPH-Asellus sp.-274-t.png,CPH-Asellus sp.-274-t.png,.png,Asellus sp,600,338,3
/Users/saanvimalla/Downloads/macro_project/data/raw/Asellus sp/CPH-Asellus sp.-231-t.png,CPH-Asellus sp.-231-t.png,.png,Asellus sp,600,338,3
/Users/saanvimalla/Downloads/macro_project/data/raw/Asellus sp/CPH-Asellus sp.-188-t.png,CPH-Asellus sp.-188-t.png,.png,Asellus sp,600,338,3
/Users/saanvimalla/Downloads/macro_project/data/raw/Asellus sp/CPH-Asellus sp.-175-t.png,CPH-Asellus sp.-175-t.png,.png,Asellus sp,600,338,3
/Users/saanvimalla/Downloads/macro_project/data/raw/Asellus sp/CPH-Asellus sp.-130-t.png,CPH-Asellus sp.-130-t.png,.png,Asellus sp,600,338,3
/Users/saanvimalla/Downloads/macro_project/data/raw/Asellus sp/CPH-Asellus sp.-289-t.png,CPH-Asellus sp.-289-t.png,.png,Asellus sp,600,450,3
/Users/saanvimalla/Downloads/macro_project/data/raw/Asellus sp/CPH-Asellus sp.-177-t.png,CPH-Asellus sp.-177-t.png,.png,Asellus sp,600,338,3
/Users/saanvimalla/Downloads/macro_project/data/raw/Asellus sp/CPH-Asellus sp.-132-t.png,CPH-Asellus sp.-132-t.png,.png,Asellus sp,600,338,3
/Users/saanvimalla/Downloads/macro_project/data/raw/Asellus sp/CPH-Asellus sp.-19-t.png,CPH-Asellus sp.-19-t.png,.png,Asellus sp,600,450,3
/Users/saanvimalla/Downloads/macro_project/data/raw/Asellus sp/CPH-Asellus sp.-276-t.png,CPH-Asellus sp.-276-t.png,.png,Asellus sp,600,338,3
/Users/saanvimalla/Downloads/macro_project/data/raw/Asellus sp/CPH-Asellus sp.-233-t.png,CPH-Asellus sp.-233-t.png,.png,Asellus sp,600,338,3
/Users/saanvimalla/Downloads/macro_project/data/raw/Asellus sp/CPH-Asellus sp.-61-t.png,CPH-Asellus sp.-61-t.png,.png,Asellus sp,600,338,3
/Users/saanvimalla/Downloads/macro_project/data/raw/Asellus sp/CPH-Asellus sp.-24-t.png,CPH-Asellus sp.-24-t.png,.png,Asellus sp,600,338,3
/Users/saanvimalla/Downloads/macro_project/data/raw/Asellus sp/CPH-Asellus sp.-292-t.png,CPH-Asellus sp.-292-t.png,.png,Asellus sp,600,450,3
/Users/saanvimalla/Downloads/macro_project/data/raw/Asellus sp/CPH-Asellus sp.-45-t.png,CPH-Asellus sp.-45-t.png,.png,Asellus sp,600,450,3
/Users/saanvimalla/Downloads/macro_project/data/raw/Asellus sp/CPH-Asellus sp.-193-t.png,CPH-Asellus sp.-193-t.png,.png,Asellus sp,600,338,3
/Users/saanvimalla/Downloads/macro_project/data/raw/Asellus sp/CPH-Asellus sp.-1-t.png,CPH-Asellus sp.-1-t.png,.png,Asellus sp,600,450,3
/Users/saanvimalla/Downloads/macro_project/data/raw/Asellus sp/CPH-Asellus sp.-215-v.png,CPH-Asellus sp.-215-v.png,.png,Asellus sp,600,338,3
/Users/saanvimalla/Downloads/macro_project/data/raw/Asellus sp/CPH-Asellus sp.-78-t.png,CPH-Asellus sp.-78-t.png,.png,Asellus sp,600,338,3
/Users/saanvimalla/Downloads/macro_project/data/raw/Asellus sp/CPH-Asellus sp.-252-t.png,CPH-Asellus sp.-252-t.png,.png,Asellus sp,600,338,3
/Users/saanvimalla/Downloads/macro_project/data/raw/Asellus sp/CPH-Asellus sp.-217-t.png,CPH-Asellus sp.-217-t.png,.png,Asellus sp,600,338,3
/Users/saanvimalla/Downloads/macro_project/data/raw/Asellus sp/CPH-Asellus sp.-153-t.png,CPH-Asellus sp.-153-t.png,.png,Asellus sp,600,338,3
/Users/saanvimalla/Downloads/macro_project/data/raw/Asellus sp/CPH-Asellus sp.-116-t.png,CPH-Asellus sp.-116-t.png,.png,Asellus sp,600,338,3
/Users/saanvimalla/Downloads/macro_project/data/raw/Asellus sp/CPH-Asellus sp.-85-t.png,CPH-Asellus sp.-85-t.png,.png,Asellus sp,600,338,3
/Users/saanvimalla/Downloads/macro_project/data/raw/Asellus sp/CPH-Asellus sp.-5-t.png,CPH-Asellus sp.-5-t.png,.png,Asellus sp,600,450,3
/Users/saanvimalla/Downloads/macro_project/data/raw/Asellus sp/CPH-Asellus sp.-41-t.png,CPH-Asellus sp.-41-t.png,.png,Asellus sp,600,450,3
/Users/saanvimalla/Downloads/macro_project/data/raw/Asellus sp/CPH-Asellus sp.-197-t.png,CPH-Asellus sp.-197-t.png,.png,Asellus sp,600,338,3
/Users/saanvimalla/Downloads/macro_project/data/raw/Asellus sp/CPH-Asellus sp.-157-t.png,CPH-Asellus sp.-157-t.png,.png,Asellus sp,600,338,3
/Users/saanvimalla/Downloads/macro_project/data/raw/Asellus sp/CPH-Asellus sp.-112-t.png,CPH-Asellus sp.-112-t.png,.png,Asellus sp,600,338,3
/Users/saanvimalla/Downloads/macro_project/data/raw/Asellus sp/CPH-Asellus sp.-81-t.png,CPH-Asellus sp.-81-t.png,.png,Asellus sp,600,338,3
/Users/saanvimalla/Downloads/macro_project/data/raw/Asellus sp/CPH-Asellus sp.-39-t.png,CPH-Asellus sp.-39-t.png,.png,Asellus sp,600,450,3
/Users/saanvimalla/Downloads/macro_project/data/raw/Asellus sp/CPH-Asellus sp.-256-t.png,CPH-Asellus sp.-256-t.png,.png,Asellus sp,600,338,3
/Users/saanvimalla/Downloads/macro_project/data/raw/Asellus sp/CPH-Asellus sp.-213-t.png,CPH-Asellus sp.-213-t.png,.png,Asellus sp,600,338,3
/Users/saanvimalla/Downloads/macro_project/data/raw/Asellus sp/CPH-Asellus sp.-58-t.png,CPH-Asellus sp.-58-t.png,.png,Asellus sp,600,338,3
/Users/saanvimalla/Downloads/macro_project/data/raw/Asellus sp/CPH-Asellus sp.-272-t.png,CPH-Asellus sp.-272-t.png,.png,Asellus sp,600,338,3
/Users/saanvimalla/Downloads/macro_project/data/raw/Asellus sp/CPH-Asellus sp.-237-t.png,CPH-Asellus sp.-237-t.png,.png,Asellus sp,600,338,3
/Users/saanvimalla/Downloads/macro_project/data/raw/Asellus sp/CPH-Asellus sp.-173-t.png,CPH-Asellus sp.-173-t.png,.png,Asellus sp,600,338,3
/Users/saanvimalla/Downloads/macro_project/data/raw/Asellus sp/CPH-Asellus sp.-136-t.png,CPH-Asellus sp.-136-t.png,.png,Asellus sp,600,338,3
/Users/saanvimalla/Downloads/macro_project/data/raw/Asellus sp/CPH-Asellus sp.-98-t.png,CPH-Asellus sp.-98-t.png,.png,Asellus sp,600,338,3
/Users/saanvimalla/Downloads/macro_project/data/raw/Asellus sp/CPH-Asellus sp.-65-t.png,CPH-Asellus sp.-65-t.png,.png,Asellus sp,600,338,3
/Users/saanvimalla/Downloads/macro_project/data/raw/Asellus sp/CPH-Asellus sp.-20-t.png,CPH-Asellus sp.-20-t.png,.png,Asellus sp,600,338,3
/Users/saanvimalla/Downloads/macro_project/data/raw/Asellus sp/CPH-Asellus sp.-67-t.png,CPH-Asellus sp.-67-t.png,.png,Asellus sp,600,338,3
/Users/saanvimalla/Downloads/macro_project/data/raw/Asellus sp/CPH-Asellus sp.-22-t.png,CPH-Asellus sp.-22-t.png,.png,Asellus sp,600,338,3
/Users/saanvimalla/Downloads/macro_project/data/raw/Asellus sp/CPH-Asellus sp.-208-t.png,CPH-Asellus sp.-208-t.png,.png,Asellus sp,600,338,3
/Users/saanvimalla/Downloads/macro_project/data/raw/Asellus sp/CPH-Asellus sp.-109-t.png,CPH-Asellus sp.-109-t.png,.png,Asellus sp,600,338,3
/Users/saanvimalla/Downloads/macro_project/data/raw/Asellus sp/CPH-Asellus sp.-171-t.png,CPH-Asellus sp.-171-t.png,.png,Asellus sp,600,338,3
/Users/saanvimalla/Downloads/macro_project/data/raw/Asellus sp/CPH-Asellus sp.-134-t.png,CPH-Asellus sp.-134-t.png,.png,Asellus sp,600,338,3
/Users/saanvimalla/Downloads/macro_project/data/raw/Asellus sp/CPH-Asellus sp.-270-t.png,CPH-Asellus sp.-270-t.png,.png,Asellus sp,600,338,3
/Users/saanvimalla/Downloads/macro_project/data/raw/Asellus sp/CPH-Asellus sp.-235-t.png,CPH-Asellus sp.-235-t.png,.png,Asellus sp,600,338,3
/Users/saanvimalla/Downloads/macro_project/data/raw/Asellus sp/CPH-Asellus sp.-254-t.png,CPH-Asellus sp.-254-t.png,.png,Asellus sp,600,338,3
/Users/saanvimalla/Downloads/macro_project/data/raw/Asellus sp/CPH-Asellus sp.-211-t.png,CPH-Asellus sp.-211-t.png,.png,Asellus sp,600,338,3
/Users/saanvimalla/Downloads/macro_project/data/raw/Asellus sp/CPH-Asellus sp.-83-t.png,CPH-Asellus sp.-83-t.png,.png,Asellus sp,600,338,3
/Users/saanvimalla/Downloads/macro_project/data/raw/Asellus sp/CPH-Asellus sp.-155-t.png,CPH-Asellus sp.-155-t.png,.png,Asellus sp,600,338,3
/Users/saanvimalla/Downloads/macro_project/data/raw/Asellus sp/CPH-Asellus sp.-110-t.png,CPH-Asellus sp.-110-t.png,.png,Asellus sp,600,338,3
/Users/saanvimalla/Downloads/macro_project/data/raw/Asellus sp/CPH-Asellus sp.-7-t.png,CPH-Asellus sp.-7-t.png,.png,Asellus sp,600,450,3
/Users/saanvimalla/Downloads/macro_project/data/raw/Asellus sp/CPH-Asellus sp.-168-t.png,CPH-Asellus sp.-168-t.png,.png,Asellus sp,600,338,3
/Users/saanvimalla/Downloads/macro_project/data/raw/Asellus sp/CPH-Asellus sp.-195-t.png,CPH-Asellus sp.-195-t.png,.png,Asellus sp,600,338,3
/Users/saanvimalla/Downloads/macro_project/data/raw/Asellus sp/CPH-Asellus sp.-43-t.png,CPH-Asellus sp.-43-t.png,.png,Asellus sp,600,450,3
/Users/saanvimalla/Downloads/macro_project/data/raw/Asellus sp/CPH-Asellus sp.-269-t.png,CPH-Asellus sp.-269-t.png,.png,Asellus sp,600,338,3
/Users/saanvimalla/Downloads/macro_project/data/raw/Asellus sp/CPH-Asellus sp.-25-t.png,CPH-Asellus sp.-25-t.png,.png,Asellus sp,600,450,3
/Users/saanvimalla/Downloads/macro_project/data/raw/Asellus sp/CPH-Asellus sp.-60-t.png,CPH-Asellus sp.-60-t.png,.png,Asellus sp,600,338,3
/Users/saanvimalla/Downloads/macro_project/data/raw/Asellus sp/CPH-Asellus sp.-133-t.png,CPH-Asellus sp.-133-t.png,.png,Asellus sp,600,338,3
/Users/saanvimalla/Downloads/macro_project/data/raw/Asellus sp/CPH-Asellus sp.-176-t.png,CPH-Asellus sp.-176-t.png,.png,Asellus sp,600,338,3
/Users/saanvimalla/Downloads/macro_project/data/raw/Asellus sp/CPH-Asellus sp.-18-t.png,CPH-Asellus sp.-18-t.png,.png,Asellus sp,600,338,3
/Users/saanvimalla/Downloads/macro_project/data/raw/Asellus sp/CPH-Asellus sp.-232-t.png,CPH-Asellus sp.-232-t.png,.png,Asellus sp,600,338,3
/Users/saanvimalla/Downloads/macro_project/data/raw/Asellus sp/CPH-Asellus sp.-277-t.png,CPH-Asellus sp.-277-t.png,.png,Asellus sp,600,338,3
/Users/saanvimalla/Downloads/macro_project/data/raw/Asellus sp/CPH-Asellus sp.-79-t.png,CPH-Asellus sp.-79-t.png,.png,Asellus sp,600,338,3
/Users/saanvimalla/Downloads/macro_project/data/raw/Asellus sp/CPH-Asellus sp.-216-t.png,CPH-Asellus sp.-216-t.png,.png,Asellus sp,600,338,3
/Users/saanvimalla/Downloads/macro_project/data/raw/Asellus sp/CPH-Asellus sp.-253-t.png,CPH-Asellus sp.-253-t.png,.png,Asellus sp,600,338,3
/Users/saanvimalla/Downloads/macro_project/data/raw/Asellus sp/CPH-Asellus sp.-117-t.png,CPH-Asellus sp.-117-t.png,.png,Asellus sp,600,338,3
/Users/saanvimalla/Downloads/macro_project/data/raw/Asellus sp/CPH-Asellus sp.-152-t.png,CPH-Asellus sp.-152-t.png,.png,Asellus sp,600,338,3
/Users/saanvimalla/Downloads/macro_project/data/raw/Asellus sp/CPH-Asellus sp.-84-t.png,CPH-Asellus sp.-84-t.png,.png,Asellus sp,600,338,3
/Users/saanvimalla/Downloads/macro_project/data/raw/Asellus sp/CPH-Asellus sp.-0-t.png,CPH-Asellus sp.-0-t.png,.png,Asellus sp,600,338,3
/Users/saanvimalla/Downloads/macro_project/data/raw/Asellus sp/CPH-Asellus sp.-46-v.png,CPH-Asellus sp.-46-v.png,.png,Asellus sp,600,338,3
/Users/saanvimalla/Downloads/macro_project/data/raw/Asellus sp/CPH-Asellus sp.-293-t.png,CPH-Asellus sp.-293-t.png,.png,Asellus sp,600,450,3
/Users/saanvimalla/Downloads/macro_project/data/raw/Asellus sp/CPH-Asellus sp.-44-t.png,CPH-Asellus sp.-44-t.png,.png,Asellus sp,600,338,3
/Users/saanvimalla/Downloads/macro_project/data/raw/Asellus sp/CPH-Asellus sp.-192-t.png,CPH-Asellus sp.-192-t.png,.png,Asellus sp,600,338,3
/Users/saanvimalla/Downloads/macro_project/data/raw/Asellus sp/CPH-Asellus sp.-2-t.png,CPH-Asellus sp.-2-t.png,.png,Asellus sp,600,338,3
/Users/saanvimalla/Downloads/macro_project/data/raw/Asellus sp/CPH-Asellus sp.-190-t.png,CPH-Asellus sp.-190-t.png,.png,Asellus sp,600,338,3
/Users/saanvimalla/Downloads/macro_project/data/raw/Asellus sp/CPH-Asellus sp.-229-t.png,CPH-Asellus sp.-229-t.png,.png,Asellus sp,600,338,3
/Users/saanvimalla/Downloads/macro_project/data/raw/Asellus sp/CPH-Asellus sp.-291-t.png,CPH-Asellus sp.-291-t.png,.png,Asellus sp,600,450,3
/Users/saanvimalla/Downloads/macro_project/data/raw/Asellus sp/CPH-Asellus sp.-128-t.png,CPH-Asellus sp.-128-t.png,.png,Asellus sp,600,338,3
/Users/saanvimalla/Downloads/macro_project/data/raw/Asellus sp/CPH-Asellus sp.-86-t.png,CPH-Asellus sp.-86-t.png,.png,Asellus sp,600,338,3
/Users/saanvimalla/Downloads/macro_project/data/raw/Asellus sp/CPH-Asellus sp.-115-t.png,CPH-Asellus sp.-115-t.png,.png,Asellus sp,600,338,3
/Users/saanvimalla/Downloads/macro_project/data/raw/Asellus sp/CPH-Asellus sp.-150-t.png,CPH-Asellus sp.-150-t.png,.png,Asellus sp,600,338,3
/Users/saanvimalla/Downloads/macro_project/data/raw/Asellus sp/CPH-Asellus sp.-214-t.png,CPH-Asellus sp.-214-t.png,.png,Asellus sp,600,338,3
/Users/saanvimalla/Downloads/macro_project/data/raw/Asellus sp/CPH-Asellus sp.-251-t.png,CPH-Asellus sp.-251-t.png,.png,Asellus sp,600,338,3
/Users/saanvimalla/Downloads/macro_project/data/raw/Asellus sp/CPH-Asellus sp.-230-t.png,CPH-Asellus sp.-230-t.png,.png,Asellus sp,600,338,3
/Users/saanvimalla/Downloads/macro_project/data/raw/Asellus sp/CPH-Asellus sp.-275-t.png,CPH-Asellus sp.-275-t.png,.png,Asellus sp,600,338,3
/Users/saanvimalla/Downloads/macro_project/data/raw/Asellus sp/CPH-Asellus sp.-189-t.png,CPH-Asellus sp.-189-t.png,.png,Asellus sp,600,338,3
/Users/saanvimalla/Downloads/macro_project/data/raw/Asellus sp/CPH-Asellus sp.-131-t.png,CPH-Asellus sp.-131-t.png,.png,Asellus sp,600,338,3
/Users/saanvimalla/Downloads/macro_project/data/raw/Asellus sp/CPH-Asellus sp.-174-t.png,CPH-Asellus sp.-174-t.png,.png,Asellus sp,600,338,3
/Users/saanvimalla/Downloads/macro_project/data/raw/Asellus sp/CPH-Asellus sp.-288-t.png,CPH-Asellus sp.-288-t.png,.png,Asellus sp,600,450,3
/Users/saanvimalla/Downloads/macro_project/data/raw/Asellus sp/CPH-Asellus sp.-149-t.png,CPH-Asellus sp.-149-t.png,.png,Asellus sp,600,338,3
/Users/saanvimalla/Downloads/macro_project/data/raw/Asellus sp/CPH-Asellus sp.-27-t.png,CPH-Asellus sp.-27-t.png,.png,Asellus sp,600,450,3
/Users/saanvimalla/Downloads/macro_project/data/raw/Asellus sp/CPH-Asellus sp.-62-t.png,CPH-Asellus sp.-62-t.png,.png,Asellus sp,600,338,3
/Users/saanvimalla/Downloads/macro_project/data/raw/Asellus sp/CPH-Asellus sp.-248-t.png,CPH-Asellus sp.-248-t.png,.png,Asellus sp,600,338,3
/Users/saanvimalla/Downloads/macro_project/data/raw/Asellus sp/CPH-Asellus sp.-135-t.png,CPH-Asellus sp.-135-t.png,.png,Asellus sp,600,338,3
/Users/saanvimalla/Downloads/macro_project/data/raw/Asellus sp/CPH-Asellus sp.-170-t.png,CPH-Asellus sp.-170-t.png,.png,Asellus sp,600,338,3
/Users/saanvimalla/Downloads/macro_project/data/raw/Asellus sp/CPH-Asellus sp.-234-t.png,CPH-Asellus sp.-234-t.png,.png,Asellus sp,600,338,3
/Users/saanvimalla/Downloads/macro_project/data/raw/Asellus sp/CPH-Asellus sp.-271-t.png,CPH-Asellus sp.-271-t.png,.png,Asellus sp,600,338,3
/Users/saanvimalla/Downloads/macro_project/data/raw/Asellus sp/CPH-Asellus sp.-23-t.png,CPH-Asellus sp.-23-t.png,.png,Asellus sp,600,450,3
/Users/saanvimalla/Downloads/macro_project/data/raw/Asellus sp/CPH-Asellus sp.-66-t.png,CPH-Asellus sp.-66-t.png,.png,Asellus sp,600,338,3
/Users/saanvimalla/Downloads/macro_project/data/raw/Asellus sp/CPH-Asellus sp.-209-t.png,CPH-Asellus sp.-209-t.png,.png,Asellus sp,600,338,3
/Users/saanvimalla/Downloads/macro_project/data/raw/Asellus sp/CPH-Asellus sp.-108-t.png,CPH-Asellus sp.-108-t.png,.png,Asellus sp,600,338,3
/Users/saanvimalla/Downloads/macro_project/data/raw/Asellus sp/CPH-Asellus sp.-169-t.png,CPH-Asellus sp.-169-t.png,.png,Asellus sp,600,338,3
/Users/saanvimalla/Downloads/macro_project/data/raw/Asellus sp/CPH-Asellus sp.-194-t.png,CPH-Asellus sp.-194-t.png,.png,Asellus sp,600,338,3
/Users/saanvimalla/Downloads/macro_project/data/raw/Asellus sp/CPH-Asellus sp.-42-t.png,CPH-Asellus sp.-42-t.png,.png,Asellus sp,600,338,3
/Users/saanvimalla/Downloads/macro_project/data/raw/Asellus sp/CPH-Asellus sp.-268-t.png,CPH-Asellus sp.-268-t.png,.png,Asellus sp,600,338,3
/Users/saanvimalla/Downloads/macro_project/data/raw/Asellus sp/CPH-Asellus sp.-6-t.png,CPH-Asellus sp.-6-t.png,.png,Asellus sp,600,338,3
/Users/saanvimalla/Downloads/macro_project/data/raw/Asellus sp/CPH-Asellus sp.-210-t.png,CPH-Asellus sp.-210-t.png,.png,Asellus sp,600,338,3
/Users/saanvimalla/Downloads/macro_project/data/raw/Asellus sp/CPH-Asellus sp.-255-t.png,CPH-Asellus sp.-255-t.png,.png,Asellus sp,600,338,3
/Users/saanvimalla/Downloads/macro_project/data/raw/Asellus sp/CPH-Asellus sp.-82-t.png,CPH-Asellus sp.-82-t.png,.png,Asellus sp,600,338,3
/Users/saanvimalla/Downloads/macro_project/data/raw/Asellus sp/CPH-Asellus sp.-111-t.png,CPH-Asellus sp.-111-t.png,.png,Asellus sp,600,338,3
/Users/saanvimalla/Downloads/macro_project/data/raw/Asellus sp/CPH-Asellus sp.-154-t.png,CPH-Asellus sp.-154-t.png,.png,Asellus sp,600,338,3
/Users/saanvimalla/Downloads/macro_project/data/raw/Asellus sp/CPH-Asellus sp.-113-t.png,CPH-Asellus sp.-113-t.png,.png,Asellus sp,600,338,3
/Users/saanvimalla/Downloads/macro_project/data/raw/Asellus sp/CPH-Asellus sp.-156-t.png,CPH-Asellus sp.-156-t.png,.png,Asellus sp,600,338,3
/Users/saanvimalla/Downloads/macro_project/data/raw/Asellus sp/CPH-Asellus sp.-80-t.png,CPH-Asellus sp.-80-t.png,.png,Asellus sp,600,338,3
/Users/saanvimalla/Downloads/macro_project/data/raw/Asellus sp/CPH-Asellus sp.-38-t.png,CPH-Asellus sp.-38-t.png,.png,Asellus sp,600,338,3
/Users/saanvimalla/Downloads/macro_project/data/raw/Asellus sp/CPH-Asellus sp.-212-t.png,CPH-Asellus sp.-212-t.png,.png,Asellus sp,600,338,3
/Users/saanvimalla/Downloads/macro_project/data/raw/Asellus sp/CPH-Asellus sp.-257-t.png,CPH-Asellus sp.-257-t.png,.png,Asellus sp,600,338,3
/Users/saanvimalla/Downloads/macro_project/data/raw/Asellus sp/CPH-Asellus sp.-40-t.png,CPH-Asellus sp.-40-t.png,.png,Asellus sp,600,338,3
/Users/saanvimalla/Downloads/macro_project/data/raw/Asellus sp/CPH-Asellus sp.-196-t.png,CPH-Asellus sp.-196-t.png,.png,Asellus sp,600,338,3
/Users/saanvimalla/Downloads/macro_project/data/raw/Asellus sp/CPH-Asellus sp.-4-t.png,CPH-Asellus sp.-4-t.png,.png,Asellus sp,600,338,3
/Users/saanvimalla/Downloads/macro_project/data/raw/Asellus sp/CPH-Asellus sp.-99-t.png,CPH-Asellus sp.-99-t.png,.png,Asellus sp,600,338,3
/Users/saanvimalla/Downloads/macro_project/data/raw/Asellus sp/CPH-Asellus sp.-21-t.png,CPH-Asellus sp.-21-t.png,.png,Asellus sp,600,450,3
/Users/saanvimalla/Downloads/macro_project/data/raw/Asellus sp/CPH-Asellus sp.-64-t.png,CPH-Asellus sp.-64-t.png,.png,Asellus sp,600,338,3
/Users/saanvimalla/Downloads/macro_project/data/raw/Asellus sp/CPH-Asellus sp.-59-t.png,CPH-Asellus sp.-59-t.png,.png,Asellus sp,600,338,3
/Users/saanvimalla/Downloads/macro_project/data/raw/Asellus sp/CPH-Asellus sp.-236-t.png,CPH-Asellus sp.-236-t.png,.png,Asellus sp,600,338,3
/Users/saanvimalla/Downloads/macro_project/data/raw/Asellus sp/CPH-Asellus sp.-273-t.png,CPH-Asellus sp.-273-t.png,.png,Asellus sp,600,338,3
/Users/saanvimalla/Downloads/macro_project/data/raw/Asellus sp/CPH-Asellus sp.-137-t.png,CPH-Asellus sp.-137-t.png,.png,Asellus sp,600,338,3
/Users/saanvimalla/Downloads/macro_project/data/raw/Asellus sp/CPH-Asellus sp.-172-t.png,CPH-Asellus sp.-172-t.png,.png,Asellus sp,600,338,3
/Users/saanvimalla/Downloads/macro_project/data/raw/Asellus sp/CPH-Asellus sp.-55-t.png,CPH-Asellus sp.-55-t.png,.png,Asellus sp,600,338,3
/Users/saanvimalla/Downloads/macro_project/data/raw/Asellus sp/CPH-Asellus sp.-10-t.png,CPH-Asellus sp.-10-t.png,.png,Asellus sp,600,338,3
/Users/saanvimalla/Downloads/macro_project/data/raw/Asellus sp/CPH-Asellus sp.-183-t.png,CPH-Asellus sp.-183-t.png,.png,Asellus sp,600,338,3
/Users/saanvimalla/Downloads/macro_project/data/raw/Asellus sp/CPH-Asellus sp.-143-t.png,CPH-Asellus sp.-143-t.png,.png,Asellus sp,600,338,3
/Users/saanvimalla/Downloads/macro_project/data/raw/Asellus sp/CPH-Asellus sp.-106-t.png,CPH-Asellus sp.-106-t.png,.png,Asellus sp,600,338,3
/Users/saanvimalla/Downloads/macro_project/data/raw/Asellus sp/CPH-Asellus sp.-95-t.png,CPH-Asellus sp.-95-t.png,.png,Asellus sp,600,338,3
/Users/saanvimalla/Downloads/macro_project/data/raw/Asellus sp/CPH-Asellus sp.-207-t.png,CPH-Asellus sp.-207-t.png,.png,Asellus sp,600,338,3
/Users/saanvimalla/Downloads/macro_project/data/raw/Asellus sp/CPH-Asellus sp.-68-t.png,CPH-Asellus sp.-68-t.png,.png,Asellus sp,600,338,3
/Users/saanvimalla/Downloads/macro_project/data/raw/Asellus sp/CPH-Asellus sp.-266-t.png,CPH-Asellus sp.-266-t.png,.png,Asellus sp,600,338,3
/Users/saanvimalla/Downloads/macro_project/data/raw/Asellus sp/CPH-Asellus sp.-223-t.png,CPH-Asellus sp.-223-t.png,.png,Asellus sp,600,338,3
/Users/saanvimalla/Downloads/macro_project/data/raw/Asellus sp/CPH-Asellus sp.-167-t.png,CPH-Asellus sp.-167-t.png,.png,Asellus sp,600,338,3
/Users/saanvimalla/Downloads/macro_project/data/raw/Asellus sp/CPH-Asellus sp.-122-t.png,CPH-Asellus sp.-122-t.png,.png,Asellus sp,600,338,3
/Users/saanvimalla/Downloads/macro_project/data/raw/Asellus sp/CPH-Asellus sp.-8-t.png,CPH-Asellus sp.-8-t.png,.png,Asellus sp,600,338,3
/Users/saanvimalla/Downloads/macro_project/data/raw/Asellus sp/CPH-Asellus sp.-71-t.png,CPH-Asellus sp.-71-t.png,.png,Asellus sp,600,338,3
/Users/saanvimalla/Downloads/macro_project/data/raw/Asellus sp/CPH-Asellus sp.-34-t.png,CPH-Asellus sp.-34-t.png,.png,Asellus sp,600,338,3
/Users/saanvimalla/Downloads/macro_project/data/raw/Asellus sp/CPH-Asellus sp.-259-t.png,CPH-Asellus sp.-259-t.png,.png,Asellus sp,600,338,3
/Users/saanvimalla/Downloads/macro_project/data/raw/Asellus sp/CPH-Asellus sp.-73-t.png,CPH-Asellus sp.-73-t.png,.png,Asellus sp,600,338,3
/Users/saanvimalla/Downloads/macro_project/data/raw/Asellus sp/CPH-Asellus sp.-36-t.png,CPH-Asellus sp.-36-t.png,.png,Asellus sp,600,338,3
/Users/saanvimalla/Downloads/macro_project/data/raw/Asellus sp/CPH-Asellus sp.-158-t.png,CPH-Asellus sp.-158-t.png,.png,Asellus sp,600,338,3
/Users/saanvimalla/Downloads/macro_project/data/raw/Asellus sp/CPH-Asellus sp.-165-t.png,CPH-Asellus sp.-165-t.png,.png,Asellus sp,600,338,3
/Users/saanvimalla/Downloads/macro_project/data/raw/Asellus sp/CPH-Asellus sp.-120-t.png,CPH-Asellus sp.-120-t.png,.png,Asellus sp,600,338,3
/Users/saanvimalla/Downloads/macro_project/data/raw/Asellus sp/CPH-Asellus sp.-264-t.png,CPH-Asellus sp.-264-t.png,.png,Asellus sp,600,338,3
/Users/saanvimalla/Downloads/macro_project/data/raw/Asellus sp/CPH-Asellus sp.-221-t.png,CPH-Asellus sp.-221-t.png,.png,Asellus sp,600,338,3
/Users/saanvimalla/Downloads/macro_project/data/raw/Asellus sp/CPH-Asellus sp.-198-t.png,CPH-Asellus sp.-198-t.png,.png,Asellus sp,600,338,3
/Users/saanvimalla/Downloads/macro_project/data/raw/Asellus sp/CPH-Asellus sp.-240-t.png,CPH-Asellus sp.-240-t.png,.png,Asellus sp,600,338,3
/Users/saanvimalla/Downloads/macro_project/data/raw/Asellus sp/CPH-Asellus sp.-205-t.png,CPH-Asellus sp.-205-t.png,.png,Asellus sp,600,338,3
/Users/saanvimalla/Downloads/macro_project/data/raw/Asellus sp/CPH-Asellus sp.-97-t.png,CPH-Asellus sp.-97-t.png,.png,Asellus sp,600,338,3
/Users/saanvimalla/Downloads/macro_project/data/raw/Asellus sp/CPH-Asellus sp.-141-t.png,CPH-Asellus sp.-141-t.png,.png,Asellus sp,600,338,3
/Users/saanvimalla/Downloads/macro_project/data/raw/Asellus sp/CPH-Asellus sp.-104-t.png,CPH-Asellus sp.-104-t.png,.png,Asellus sp,600,338,3
/Users/saanvimalla/Downloads/macro_project/data/raw/Asellus sp/CPH-Asellus sp.-242-v.png,CPH-Asellus sp.-242-v.png,.png,Asellus sp,600,338,3
/Users/saanvimalla/Downloads/macro_project/data/raw/Asellus sp/CPH-Asellus sp.-282-v.png,CPH-Asellus sp.-282-v.png,.png,Asellus sp,600,338,3
/Users/saanvimalla/Downloads/macro_project/data/raw/Asellus sp/CPH-Asellus sp.-280-t.png,CPH-Asellus sp.-280-t.png,.png,Asellus sp,600,338,3
/Users/saanvimalla/Downloads/macro_project/data/raw/Asellus sp/CPH-Asellus sp.-139-t.png,CPH-Asellus sp.-139-t.png,.png,Asellus sp,600,338,3
/Users/saanvimalla/Downloads/macro_project/data/raw/Asellus sp/CPH-Asellus sp.-181-t.png,CPH-Asellus sp.-181-t.png,.png,Asellus sp,600,338,3
/Users/saanvimalla/Downloads/macro_project/data/raw/Asellus sp/CPH-Asellus sp.-238-t.png,CPH-Asellus sp.-238-t.png,.png,Asellus sp,600,338,3
/Users/saanvimalla/Downloads/macro_project/data/raw/Asellus sp/CPH-Asellus sp.-57-t.png,CPH-Asellus sp.-57-t.png,.png,Asellus sp,600,338,3
/Users/saanvimalla/Downloads/macro_project/data/raw/Asellus sp/CPH-Asellus sp.-12-t.png,CPH-Asellus sp.-12-t.png,.png,Asellus sp,600,338,3
/Users/saanvimalla/Downloads/macro_project/data/raw/Asellus sp/CPH-Asellus sp.-203-v.png,CPH-Asellus sp.-203-v.png,.png,Asellus sp,600,338,3
/Users/saanvimalla/Downloads/macro_project/data/raw/Asellus sp/CPH-Asellus sp.-145-t.png,CPH-Asellus sp.-145-t.png,.png,Asellus sp,600,338,3
/Users/saanvimalla/Downloads/macro_project/data/raw/Asellus sp/CPH-Asellus sp.-100-t.png,CPH-Asellus sp.-100-t.png,.png,Asellus sp,600,338,3
/Users/saanvimalla/Downloads/macro_project/data/raw/Asellus sp/CPH-Asellus sp.-244-t.png,CPH-Asellus sp.-244-t.png,.png,Asellus sp,600,338,3
/Users/saanvimalla/Downloads/macro_project/data/raw/Asellus sp/CPH-Asellus sp.-201-t.png,CPH-Asellus sp.-201-t.png,.png,Asellus sp,600,338,3
/Users/saanvimalla/Downloads/macro_project/data/raw/Asellus sp/CPH-Asellus sp.-185-t.png,CPH-Asellus sp.-185-t.png,.png,Asellus sp,600,338,3
/Users/saanvimalla/Downloads/macro_project/data/raw/Asellus sp/CPH-Asellus sp.-279-t.png,CPH-Asellus sp.-279-t.png,.png,Asellus sp,600,338,3
/Users/saanvimalla/Downloads/macro_project/data/raw/Asellus sp/CPH-Asellus sp.-53-t.png,CPH-Asellus sp.-53-t.png,.png,Asellus sp,600,338,3
/Users/saanvimalla/Downloads/macro_project/data/raw/Asellus sp/CPH-Asellus sp.-16-t.png,CPH-Asellus sp.-16-t.png,.png,Asellus sp,600,338,3
/Users/saanvimalla/Downloads/macro_project/data/raw/Asellus sp/CPH-Asellus sp.-284-t.png,CPH-Asellus sp.-284-t.png,.png,Asellus sp,600,338,3
/Users/saanvimalla/Downloads/macro_project/data/raw/Asellus sp/CPH-Asellus sp.-119-t.png,CPH-Asellus sp.-119-t.png,.png,Asellus sp,600,338,3
/Users/saanvimalla/Downloads/macro_project/data/raw/Asellus sp/CPH-Asellus sp.-218-t.png,CPH-Asellus sp.-218-t.png,.png,Asellus sp,600,338,3
/Users/saanvimalla/Downloads/macro_project/data/raw/Asellus sp/CPH-Asellus sp.-32-t.png,CPH-Asellus sp.-32-t.png,.png,Asellus sp,600,338,3
/Users/saanvimalla/Downloads/macro_project/data/raw/Asellus sp/CPH-Asellus sp.-260-t.png,CPH-Asellus sp.-260-t.png,.png,Asellus sp,600,338,3
/Users/saanvimalla/Downloads/macro_project/data/raw/Asellus sp/CPH-Asellus sp.-225-t.png,CPH-Asellus sp.-225-t.png,.png,Asellus sp,600,338,3
/Users/saanvimalla/Downloads/macro_project/data/raw/Asellus sp/CPH-Asellus sp.-161-t.png,CPH-Asellus sp.-161-t.png,.png,Asellus sp,600,338,3
/Users/saanvimalla/Downloads/macro_project/data/raw/Asellus sp/CPH-Asellus sp.-124-t.png,CPH-Asellus sp.-124-t.png,.png,Asellus sp,600,338,3
/Users/saanvimalla/Downloads/macro_project/data/raw/Asellus sp/CPH-Asellus sp.-163-t.png,CPH-Asellus sp.-163-t.png,.png,Asellus sp,600,338,3
/Users/saanvimalla/Downloads/macro_project/data/raw/Asellus sp/CPH-Asellus sp.-126-t.png,CPH-Asellus sp.-126-t.png,.png,Asellus sp,600,338,3
/Users/saanvimalla/Downloads/macro_project/data/raw/Asellus sp/CPH-Asellus sp.-262-t.png,CPH-Asellus sp.-262-t.png,.png,Asellus sp,600,338,3
/Users/saanvimalla/Downloads/macro_project/data/raw/Asellus sp/CPH-Asellus sp.-227-t.png,CPH-Asellus sp.-227-t.png,.png,Asellus sp,600,338,3
/Users/saanvimalla/Downloads/macro_project/data/raw/Asellus sp/CPH-Asellus sp.-48-t.png,CPH-Asellus sp.-48-t.png,.png,Asellus sp,600,338,3
/Users/saanvimalla/Downloads/macro_project/data/raw/Asellus sp/CPH-Asellus sp.-75-t.png,CPH-Asellus sp.-75-t.png,.png,Asellus sp,600,338,3
/Users/saanvimalla/Downloads/macro_project/data/raw/Asellus sp/CPH-Asellus sp.-30-t.png,CPH-Asellus sp.-30-t.png,.png,Asellus sp,600,338,3
/Users/saanvimalla/Downloads/macro_project/data/raw/Asellus sp/CPH-Asellus sp.-88-t.png,CPH-Asellus sp.-88-t.png,.png,Asellus sp,600,338,3
/Users/saanvimalla/Downloads/macro_project/data/raw/Asellus sp/CPH-Asellus sp.-77-v.png,CPH-Asellus sp.-77-v.png,.png,Asellus sp,600,338,3
/Users/saanvimalla/Downloads/macro_project/data/raw/Asellus sp/CPH-Asellus sp.-286-t.png,CPH-Asellus sp.-286-t.png,.png,Asellus sp,600,338,3
/Users/saanvimalla/Downloads/macro_project/data/raw/Asellus sp/CPH-Asellus sp.-51-t.png,CPH-Asellus sp.-51-t.png,.png,Asellus sp,600,338,3
/Users/saanvimalla/Downloads/macro_project/data/raw/Asellus sp/CPH-Asellus sp.-14-t.png,CPH-Asellus sp.-14-t.png,.png,Asellus sp,600,338,3
/Users/saanvimalla/Downloads/macro_project/data/raw/Asellus sp/CPH-Asellus sp.-187-t.png,CPH-Asellus sp.-187-t.png,.png,Asellus sp,600,338,3
/Users/saanvimalla/Downloads/macro_project/data/raw/Asellus sp/CPH-Asellus sp.-178-v.png,CPH-Asellus sp.-178-v.png,.png,Asellus sp,600,338,3
/Users/saanvimalla/Downloads/macro_project/data/raw/Asellus sp/CPH-Asellus sp.-93-v.png,CPH-Asellus sp.-93-v.png,.png,Asellus sp,600,338,3
/Users/saanvimalla/Downloads/macro_project/data/raw/Asellus sp/CPH-Asellus sp.-246-t.png,CPH-Asellus sp.-246-t.png,.png,Asellus sp,600,338,3
/Users/saanvimalla/Downloads/macro_project/data/raw/Asellus sp/CPH-Asellus sp.-29-t.png,CPH-Asellus sp.-29-t.png,.png,Asellus sp,600,450,3
/Users/saanvimalla/Downloads/macro_project/data/raw/Asellus sp/CPH-Asellus sp.-147-t.png,CPH-Asellus sp.-147-t.png,.png,Asellus sp,600,338,3
/Users/saanvimalla/Downloads/macro_project/data/raw/Asellus sp/CPH-Asellus sp.-102-t.png,CPH-Asellus sp.-102-t.png,.png,Asellus sp,600,338,3
/Users/saanvimalla/Downloads/macro_project/data/raw/Asellus sp/CPH-Asellus sp.-91-t.png,CPH-Asellus sp.-91-t.png,.png,Asellus sp,600,338,3
/Users/saanvimalla/Downloads/macro_project/data/raw/Asellus sp/CPH-Asellus sp.-222-v.png,CPH-Asellus sp.-222-v.png,.png,Asellus sp,600,338,3
/Users/saanvimalla/Downloads/macro_project/data/raw/Asellus sp/CPH-Asellus sp.-121-t.png,CPH-Asellus sp.-121-t.png,.png,Asellus sp,600,338,3
/Users/saanvimalla/Downloads/macro_project/data/raw/Asellus sp/CPH-Asellus sp.-164-t.png,CPH-Asellus sp.-164-t.png,.png,Asellus sp,600,338,3
/Users/saanvimalla/Downloads/macro_project/data/raw/Asellus sp/CPH-Asellus sp.-220-t.png,CPH-Asellus sp.-220-t.png,.png,Asellus sp,600,338,3
/Users/saanvimalla/Downloads/macro_project/data/raw/Asellus sp/CPH-Asellus sp.-265-t.png,CPH-Asellus sp.-265-t.png,.png,Asellus sp,600,338,3
/Users/saanvimalla/Downloads/macro_project/data/raw/Asellus sp/CPH-Asellus sp.-199-t.png,CPH-Asellus sp.-199-t.png,.png,Asellus sp,600,338,3
/Users/saanvimalla/Downloads/macro_project/data/raw/Asellus sp/CPH-Asellus sp.-258-t.png,CPH-Asellus sp.-258-t.png,.png,Asellus sp,600,338,3
/Users/saanvimalla/Downloads/macro_project/data/raw/Asellus sp/CPH-Asellus sp.-37-t.png,CPH-Asellus sp.-37-t.png,.png,Asellus sp,600,450,3
/Users/saanvimalla/Downloads/macro_project/data/raw/Asellus sp/CPH-Asellus sp.-72-t.png,CPH-Asellus sp.-72-t.png,.png,Asellus sp,600,338,3
/Users/saanvimalla/Downloads/macro_project/data/raw/Asellus sp/CPH-Asellus sp.-159-t.png,CPH-Asellus sp.-159-t.png,.png,Asellus sp,600,338,3
/Users/saanvimalla/Downloads/macro_project/data/raw/Asellus sp/CPH-Asellus sp.-281-t.png,CPH-Asellus sp.-281-t.png,.png,Asellus sp,600,338,3
/Users/saanvimalla/Downloads/macro_project/data/raw/Asellus sp/CPH-Asellus sp.-138-t.png,CPH-Asellus sp.-138-t.png,.png,Asellus sp,600,338,3
/Users/saanvimalla/Downloads/macro_project/data/raw/Asellus sp/CPH-Asellus sp.-180-t.png,CPH-Asellus sp.-180-t.png,.png,Asellus sp,600,338,3
/Users/saanvimalla/Downloads/macro_project/data/raw/Asellus sp/CPH-Asellus sp.-239-t.png,CPH-Asellus sp.-239-t.png,.png,Asellus sp,600,338,3
/Users/saanvimalla/Downloads/macro_project/data/raw/Asellus sp/CPH-Asellus sp.-13-t.png,CPH-Asellus sp.-13-t.png,.png,Asellus sp,600,450,3
/Users/saanvimalla/Downloads/macro_project/data/raw/Asellus sp/CPH-Asellus sp.-56-t.png,CPH-Asellus sp.-56-t.png,.png,Asellus sp,600,338,3
/Users/saanvimalla/Downloads/macro_project/data/raw/Asellus sp/CPH-Asellus sp.-204-t.png,CPH-Asellus sp.-204-t.png,.png,Asellus sp,600,338,3
/Users/saanvimalla/Downloads/macro_project/data/raw/Asellus sp/CPH-Asellus sp.-241-t.png,CPH-Asellus sp.-241-t.png,.png,Asellus sp,600,338,3
/Users/saanvimalla/Downloads/macro_project/data/raw/Asellus sp/CPH-Asellus sp.-96-t.png,CPH-Asellus sp.-96-t.png,.png,Asellus sp,600,338,3
/Users/saanvimalla/Downloads/macro_project/data/raw/Asellus sp/CPH-Asellus sp.-105-t.png,CPH-Asellus sp.-105-t.png,.png,Asellus sp,600,338,3
/Users/saanvimalla/Downloads/macro_project/data/raw/Asellus sp/CPH-Asellus sp.-140-t.png,CPH-Asellus sp.-140-t.png,.png,Asellus sp,600,338,3
/Users/saanvimalla/Downloads/macro_project/data/raw/Asellus sp/CPH-Asellus sp.-107-t.png,CPH-Asellus sp.-107-t.png,.png,Asellus sp,600,338,3
/Users/saanvimalla/Downloads/macro_project/data/raw/Asellus sp/CPH-Asellus sp.-142-t.png,CPH-Asellus sp.-142-t.png,.png,Asellus sp,600,338,3
/Users/saanvimalla/Downloads/macro_project/data/raw/Asellus sp/CPH-Asellus sp.-94-t.png,CPH-Asellus sp.-94-t.png,.png,Asellus sp,600,338,3
/Users/saanvimalla/Downloads/macro_project/data/raw/Asellus sp/CPH-Asellus sp.-206-t.png,CPH-Asellus sp.-206-t.png,.png,Asellus sp,600,338,3
/Users/saanvimalla/Downloads/macro_project/data/raw/Asellus sp/CPH-Asellus sp.-243-t.png,CPH-Asellus sp.-243-t.png,.png,Asellus sp,600,338,3
/Users/saanvimalla/Downloads/macro_project/data/raw/Asellus sp/CPH-Asellus sp.-69-t.png,CPH-Asellus sp.-69-t.png,.png,Asellus sp,600,338,3
/Users/saanvimalla/Downloads/macro_project/data/raw/Asellus sp/CPH-Asellus sp.-11-t.png,CPH-Asellus sp.-11-t.png,.png,Asellus sp,600,450,3
/Users/saanvimalla/Downloads/macro_project/data/raw/Asellus sp/CPH-Asellus sp.-54-t.png,CPH-Asellus sp.-54-t.png,.png,Asellus sp,600,338,3
/Users/saanvimalla/Downloads/macro_project/data/raw/Asellus sp/CPH-Asellus sp.-182-t.png,CPH-Asellus sp.-182-t.png,.png,Asellus sp,600,338,3
/Users/saanvimalla/Downloads/macro_project/data/raw/Asellus sp/CPH-Asellus sp.-283-t.png,CPH-Asellus sp.-283-t.png,.png,Asellus sp,600,338,3
/Users/saanvimalla/Downloads/macro_project/data/raw/Asellus sp/CPH-Asellus sp.-35-t.png,CPH-Asellus sp.-35-t.png,.png,Asellus sp,600,450,3
/Users/saanvimalla/Downloads/macro_project/data/raw/Asellus sp/CPH-Asellus sp.-70-t.png,CPH-Asellus sp.-70-t.png,.png,Asellus sp,600,338,3
/Users/saanvimalla/Downloads/macro_project/data/raw/Asellus sp/CPH-Asellus sp.-9-t.png,CPH-Asellus sp.-9-t.png,.png,Asellus sp,600,450,3
/Users/saanvimalla/Downloads/macro_project/data/raw/Asellus sp/CPH-Asellus sp.-267-t.png,CPH-Asellus sp.-267-t.png,.png,Asellus sp,600,338,3
/Users/saanvimalla/Downloads/macro_project/data/raw/Asellus sp/CPH-Asellus sp.-123-t.png,CPH-Asellus sp.-123-t.png,.png,Asellus sp,600,338,3
/Users/saanvimalla/Downloads/macro_project/data/raw/Asellus sp/CPH-Asellus sp.-166-t.png,CPH-Asellus sp.-166-t.png,.png,Asellus sp,600,338,3
/Users/saanvimalla/Downloads/macro_project/data/raw/Asellus sp/CPH-Asellus sp.-76-v.png,CPH-Asellus sp.-76-v.png,.png,Asellus sp,600,338,3
/Users/saanvimalla/Downloads/macro_project/data/raw/Asellus sp/CPH-Asellus sp.-31-t.png,CPH-Asellus sp.-31-t.png,.png,Asellus sp,600,450,3
/Users/saanvimalla/Downloads/macro_project/data/raw/Asellus sp/CPH-Asellus sp.-74-t.png,CPH-Asellus sp.-74-t.png,.png,Asellus sp,600,338,3
/Users/saanvimalla/Downloads/macro_project/data/raw/Asellus sp/CPH-Asellus sp.-89-t.png,CPH-Asellus sp.-89-t.png,.png,Asellus sp,600,338,3
/Users/saanvimalla/Downloads/macro_project/data/raw/Asellus sp/CPH-Asellus sp.-127-t.png,CPH-Asellus sp.-127-t.png,.png,Asellus sp,600,338,3
/Users/saanvimalla/Downloads/macro_project/data/raw/Asellus sp/CPH-Asellus sp.-162-t.png,CPH-Asellus sp.-162-t.png,.png,Asellus sp,600,338,3
/Users/saanvimalla/Downloads/macro_project/data/raw/Asellus sp/CPH-Asellus sp.-226-t.png,CPH-Asellus sp.-226-t.png,.png,Asellus sp,600,338,3
/Users/saanvimalla/Downloads/macro_project/data/raw/Asellus sp/CPH-Asellus sp.-263-t.png,CPH-Asellus sp.-263-t.png,.png,Asellus sp,600,338,3
/Users/saanvimalla/Downloads/macro_project/data/raw/Asellus sp/CPH-Asellus sp.-49-t.png,CPH-Asellus sp.-49-t.png,.png,Asellus sp,600,450,3
/Users/saanvimalla/Downloads/macro_project/data/raw/Asellus sp/CPH-Asellus sp.-202-t.png,CPH-Asellus sp.-202-t.png,.png,Asellus sp,600,338,3
/Users/saanvimalla/Downloads/macro_project/data/raw/Asellus sp/CPH-Asellus sp.-247-t.png,CPH-Asellus sp.-247-t.png,.png,Asellus sp,600,338,3
/Users/saanvimalla/Downloads/macro_project/data/raw/Asellus sp/CPH-Asellus sp.-103-t.png,CPH-Asellus sp.-103-t.png,.png,Asellus sp,600,338,3
/Users/saanvimalla/Downloads/macro_project/data/raw/Asellus sp/CPH-Asellus sp.-146-t.png,CPH-Asellus sp.-146-t.png,.png,Asellus sp,600,338,3
/Users/saanvimalla/Downloads/macro_project/data/raw/Asellus sp/CPH-Asellus sp.-90-t.png,CPH-Asellus sp.-90-t.png,.png,Asellus sp,600,338,3
/Users/saanvimalla/Downloads/macro_project/data/raw/Asellus sp/CPH-Asellus sp.-287-t.png,CPH-Asellus sp.-287-t.png,.png,Asellus sp,600,450,3
/Users/saanvimalla/Downloads/macro_project/data/raw/Asellus sp/CPH-Asellus sp.-50-t.png,CPH-Asellus sp.-50-t.png,.png,Asellus sp,600,338,3
/Users/saanvimalla/Downloads/macro_project/data/raw/Asellus sp/CPH-Asellus sp.-186-t.png,CPH-Asellus sp.-186-t.png,.png,Asellus sp,600,338,3
/Users/saanvimalla/Downloads/macro_project/data/raw/Asellus sp/CPH-Asellus sp.-15-v.png,CPH-Asellus sp.-15-v.png,.png,Asellus sp,600,450,3
/Users/saanvimalla/Downloads/macro_project/data/raw/Asellus sp/CPH-Asellus sp.-184-t.png,CPH-Asellus sp.-184-t.png,.png,Asellus sp,600,338,3
/Users/saanvimalla/Downloads/macro_project/data/raw/Asellus sp/CPH-Asellus sp.-278-t.png,CPH-Asellus sp.-278-t.png,.png,Asellus sp,600,338,3
/Users/saanvimalla/Downloads/macro_project/data/raw/Asellus sp/CPH-Asellus sp.-17-t.png,CPH-Asellus sp.-17-t.png,.png,Asellus sp,600,450,3
/Users/saanvimalla/Downloads/macro_project/data/raw/Asellus sp/CPH-Asellus sp.-52-t.png,CPH-Asellus sp.-52-t.png,.png,Asellus sp,600,338,3
/Users/saanvimalla/Downloads/macro_project/data/raw/Asellus sp/CPH-Asellus sp.-285-t.png,CPH-Asellus sp.-285-t.png,.png,Asellus sp,600,338,3
/Users/saanvimalla/Downloads/macro_project/data/raw/Asellus sp/CPH-Asellus sp.-179-t.png,CPH-Asellus sp.-179-t.png,.png,Asellus sp,600,338,3
/Users/saanvimalla/Downloads/macro_project/data/raw/Asellus sp/CPH-Asellus sp.-92-t.png,CPH-Asellus sp.-92-t.png,.png,Asellus sp,600,338,3
/Users/saanvimalla/Downloads/macro_project/data/raw/Asellus sp/CPH-Asellus sp.-101-t.png,CPH-Asellus sp.-101-t.png,.png,Asellus sp,600,338,3
/Users/saanvimalla/Downloads/macro_project/data/raw/Asellus sp/CPH-Asellus sp.-144-t.png,CPH-Asellus sp.-144-t.png,.png,Asellus sp,600,338,3
/Users/saanvimalla/Downloads/macro_project/data/raw/Asellus sp/CPH-Asellus sp.-200-t.png,CPH-Asellus sp.-200-t.png,.png,Asellus sp,600,338,3
/Users/saanvimalla/Downloads/macro_project/data/raw/Asellus sp/CPH-Asellus sp.-245-t.png,CPH-Asellus sp.-245-t.png,.png,Asellus sp,600,338,3
/Users/saanvimalla/Downloads/macro_project/data/raw/Asellus sp/CPH-Asellus sp.-28-v.png,CPH-Asellus sp.-28-v.png,.png,Asellus sp,600,338,3
/Users/saanvimalla/Downloads/macro_project/data/raw/Asellus sp/CPH-Asellus sp.-224-t.png,CPH-Asellus sp.-224-t.png,.png,Asellus sp,600,338,3
/Users/saanvimalla/Downloads/macro_project/data/raw/Asellus sp/CPH-Asellus sp.-261-t.png,CPH-Asellus sp.-261-t.png,.png,Asellus sp,600,338,3
/Users/saanvimalla/Downloads/macro_project/data/raw/Asellus sp/CPH-Asellus sp.-125-t.png,CPH-Asellus sp.-125-t.png,.png,Asellus sp,600,338,3
/Users/saanvimalla/Downloads/macro_project/data/raw/Asellus sp/CPH-Asellus sp.-160-t.png,CPH-Asellus sp.-160-t.png,.png,Asellus sp,600,338,3
/Users/saanvimalla/Downloads/macro_project/data/raw/Asellus sp/CPH-Asellus sp.-118-t.png,CPH-Asellus sp.-118-t.png,.png,Asellus sp,600,338,3
/Users/saanvimalla/Downloads/macro_project/data/raw/Asellus sp/CPH-Asellus sp.-219-t.png,CPH-Asellus sp.-219-t.png,.png,Asellus sp,600,338,3
/Users/saanvimalla/Downloads/macro_project/data/raw/Asellus sp/CPH-Asellus sp.-33-t.png,CPH-Asellus sp.-33-t.png,.png,Asellus sp,600,450,3
/Users/saanvimalla/Downloads/macro_project/data/raw/Elmis sp/CPH-Elmis sp.-553-t.png,CPH-Elmis sp.-553-t.png,.png,Elmis sp,600,338,3
/Users/saanvimalla/Downloads/macro_project/data/raw/Elmis sp/CPH-Elmis sp.-516-t.png,CPH-Elmis sp.-516-t.png,.png,Elmis sp,600,338,3
/Users/saanvimalla/Downloads/macro_project/data/raw/Elmis sp/CPH-Elmis sp.-676-v.png,CPH-Elmis sp.-676-v.png,.png,Elmis sp,600,338,3
/Users/saanvimalla/Downloads/macro_project/data/raw/Elmis sp/CPH-Elmis sp.-530-t.png,CPH-Elmis sp.-530-t.png,.png,Elmis sp,600,338,3
/Users/saanvimalla/Downloads/macro_project/data/raw/Elmis sp/CPH-Elmis sp.-529-t.png,CPH-Elmis sp.-529-t.png,.png,Elmis sp,600,338,3
/Users/saanvimalla/Downloads/macro_project/data/raw/Elmis sp/CPH-Elmis sp.-551-t.png,CPH-Elmis sp.-551-t.png,.png,Elmis sp,600,338,3
/Users/saanvimalla/Downloads/macro_project/data/raw/Elmis sp/CPH-Elmis sp.-514-t.png,CPH-Elmis sp.-514-t.png,.png,Elmis sp,600,338,3
/Users/saanvimalla/Downloads/macro_project/data/raw/Elmis sp/CPH-Elmis sp.-555-t.png,CPH-Elmis sp.-555-t.png,.png,Elmis sp,600,338,3
/Users/saanvimalla/Downloads/macro_project/data/raw/Elmis sp/CPH-Elmis sp.-510-t.png,CPH-Elmis sp.-510-t.png,.png,Elmis sp,600,338,3
/Users/saanvimalla/Downloads/macro_project/data/raw/Elmis sp/CPH-Elmis sp.-637-v.png,CPH-Elmis sp.-637-v.png,.png,Elmis sp,600,338,3
/Users/saanvimalla/Downloads/macro_project/data/raw/Elmis sp/CPH-Elmis sp.-509-t.png,CPH-Elmis sp.-509-t.png,.png,Elmis sp,600,338,3
/Users/saanvimalla/Downloads/macro_project/data/raw/Elmis sp/CPH-Elmis sp.-512-t.png,CPH-Elmis sp.-512-t.png,.png,Elmis sp,600,338,3
/Users/saanvimalla/Downloads/macro_project/data/raw/Elmis sp/CPH-Elmis sp.-677-v.png,CPH-Elmis sp.-677-v.png,.png,Elmis sp,600,338,3
/Users/saanvimalla/Downloads/macro_project/data/raw/Elmis sp/CPH-Elmis sp.-515-t.png,CPH-Elmis sp.-515-t.png,.png,Elmis sp,600,338,3
/Users/saanvimalla/Downloads/macro_project/data/raw/Elmis sp/CPH-Elmis sp.-550-t.png,CPH-Elmis sp.-550-t.png,.png,Elmis sp,600,338,3
/Users/saanvimalla/Downloads/macro_project/data/raw/Elmis sp/CPH-Elmis sp.-528-t.png,CPH-Elmis sp.-528-t.png,.png,Elmis sp,600,338,3
/Users/saanvimalla/Downloads/macro_project/data/raw/Elmis sp/CPH-Elmis sp.-517-t.png,CPH-Elmis sp.-517-t.png,.png,Elmis sp,600,338,3
/Users/saanvimalla/Downloads/macro_project/data/raw/Elmis sp/CPH-Elmis sp.-552-t.png,CPH-Elmis sp.-552-t.png,.png,Elmis sp,600,338,3
/Users/saanvimalla/Downloads/macro_project/data/raw/Elmis sp/CPH-Elmis sp.-668-v.png,CPH-Elmis sp.-668-v.png,.png,Elmis sp,600,338,3
/Users/saanvimalla/Downloads/macro_project/data/raw/Elmis sp/CPH-Elmis sp.-513-t.png,CPH-Elmis sp.-513-t.png,.png,Elmis sp,600,338,3
/Users/saanvimalla/Downloads/macro_project/data/raw/Elmis sp/CPH-Elmis sp.-556-t.png,CPH-Elmis sp.-556-t.png,.png,Elmis sp,600,338,3
/Users/saanvimalla/Downloads/macro_project/data/raw/Elmis sp/CPH-Elmis sp.-511-t.png,CPH-Elmis sp.-511-t.png,.png,Elmis sp,600,338,3
/Users/saanvimalla/Downloads/macro_project/data/raw/Elmis sp/CPH-Elmis sp.-554-t.png,CPH-Elmis sp.-554-t.png,.png,Elmis sp,600,338,3
/Users/saanvimalla/Downloads/macro_project/data/raw/Elmis sp/CPH-Elmis sp.-504-t.png,CPH-Elmis sp.-504-t.png,.png,Elmis sp,600,338,3
/Users/saanvimalla/Downloads/macro_project/data/raw/Elmis sp/CPH-Elmis sp.-642-v.png,CPH-Elmis sp.-642-v.png,.png,Elmis sp,600,338,3
/Users/saanvimalla/Downloads/macro_project/data/raw/Elmis sp/CPH-Elmis sp.-520-t.png,CPH-Elmis sp.-520-t.png,.png,Elmis sp,600,338,3
/Users/saanvimalla/Downloads/macro_project/data/raw/Elmis sp/CPH-Elmis sp.-522-t.png,CPH-Elmis sp.-522-t.png,.png,Elmis sp,600,338,3
/Users/saanvimalla/Downloads/macro_project/data/raw/Elmis sp/CPH-Elmis sp.-506-t.png,CPH-Elmis sp.-506-t.png,.png,Elmis sp,600,338,3
/Users/saanvimalla/Downloads/macro_project/data/raw/Elmis sp/CPH-Elmis sp.-547-t.png,CPH-Elmis sp.-547-t.png,.png,Elmis sp,600,338,3
/Users/saanvimalla/Downloads/macro_project/data/raw/Elmis sp/CPH-Elmis sp.-526-t.png,CPH-Elmis sp.-526-t.png,.png,Elmis sp,600,338,3
/Users/saanvimalla/Downloads/macro_project/data/raw/Elmis sp/CPH-Elmis sp.-627-v.png,CPH-Elmis sp.-627-v.png,.png,Elmis sp,600,450,3
/Users/saanvimalla/Downloads/macro_project/data/raw/Elmis sp/CPH-Elmis sp.-561-t.png,CPH-Elmis sp.-561-t.png,.png,Elmis sp,600,338,3
/Users/saanvimalla/Downloads/macro_project/data/raw/Elmis sp/CPH-Elmis sp.-524-t.png,CPH-Elmis sp.-524-t.png,.png,Elmis sp,600,338,3
/Users/saanvimalla/Downloads/macro_project/data/raw/Elmis sp/CPH-Elmis sp.-519-t.png,CPH-Elmis sp.-519-t.png,.png,Elmis sp,600,338,3
/Users/saanvimalla/Downloads/macro_project/data/raw/Elmis sp/CPH-Elmis sp.-505-t.png,CPH-Elmis sp.-505-t.png,.png,Elmis sp,600,338,3
/Users/saanvimalla/Downloads/macro_project/data/raw/Elmis sp/CPH-Elmis sp.-667-v.png,CPH-Elmis sp.-667-v.png,.png,Elmis sp,600,338,3
/Users/saanvimalla/Downloads/macro_project/data/raw/Elmis sp/CPH-Elmis sp.-521-t.png,CPH-Elmis sp.-521-t.png,.png,Elmis sp,600,338,3
/Users/saanvimalla/Downloads/macro_project/data/raw/Elmis sp/CPH-Elmis sp.-525-t.png,CPH-Elmis sp.-525-t.png,.png,Elmis sp,600,338,3
/Users/saanvimalla/Downloads/macro_project/data/raw/Elmis sp/CPH-Elmis sp.-560-t.png,CPH-Elmis sp.-560-t.png,.png,Elmis sp,600,338,3
/Users/saanvimalla/Downloads/macro_project/data/raw/Elmis sp/CPH-Elmis sp.-626-v.png,CPH-Elmis sp.-626-v.png,.png,Elmis sp,600,450,3
/Users/saanvimalla/Downloads/macro_project/data/raw/Elmis sp/CPH-Elmis sp.-678-v.png,CPH-Elmis sp.-678-v.png,.png,Elmis sp,600,338,3
/Users/saanvimalla/Downloads/macro_project/data/raw/Elmis sp/CPH-Elmis sp.-503-t.png,CPH-Elmis sp.-503-t.png,.png,Elmis sp,600,338,3
/Users/saanvimalla/Downloads/macro_project/data/raw/Elmis sp/CPH-Elmis sp.-546-t.png,CPH-Elmis sp.-546-t.png,.png,Elmis sp,600,338,3
/Users/saanvimalla/Downloads/macro_project/data/raw/Elmis sp/CPH-Elmis sp.-527-t.png,CPH-Elmis sp.-527-t.png,.png,Elmis sp,600,338,3
/Users/saanvimalla/Downloads/macro_project/data/raw/Elmis sp/CPH-Elmis sp.-562-t.png,CPH-Elmis sp.-562-t.png,.png,Elmis sp,600,338,3
/Users/saanvimalla/Downloads/macro_project/data/raw/Gammarus sp/CPH-Gammarus sp.-1630-t.png,CPH-Gammarus sp.-1630-t.png,.png,Gammarus sp,600,338,3
/Users/saanvimalla/Downloads/macro_project/data/raw/Gammarus sp/CPH-Gammarus sp.-1675-t.png,CPH-Gammarus sp.-1675-t.png,.png,Gammarus sp,600,338,3
/Users/saanvimalla/Downloads/macro_project/data/raw/Gammarus sp/CPH-Gammarus sp.-864-t.png,CPH-Gammarus sp.-864-t.png,.png,Gammarus sp,600,450,3
/Users/saanvimalla/Downloads/macro_project/data/raw/Gammarus sp/CPH-Gammarus sp.-821-t.png,CPH-Gammarus sp.-821-t.png,.png,Gammarus sp,600,450,3
/Users/saanvimalla/Downloads/macro_project/data/raw/Gammarus sp/CPH-Gammarus sp.-1158-t.png,CPH-Gammarus sp.-1158-t.png,.png,Gammarus sp,600,450,3
/Users/saanvimalla/Downloads/macro_project/data/raw/Gammarus sp/CPH-Gammarus sp.-1589-t.png,CPH-Gammarus sp.-1589-t.png,.png,Gammarus sp,600,338,3
/Users/saanvimalla/Downloads/macro_project/data/raw/Gammarus sp/CPH-Gammarus sp.-1531-t.png,CPH-Gammarus sp.-1531-t.png,.png,Gammarus sp,600,338,3
/Users/saanvimalla/Downloads/macro_project/data/raw/Gammarus sp/CPH-Gammarus sp.-1574-t.png,CPH-Gammarus sp.-1574-t.png,.png,Gammarus sp,600,338,3
/Users/saanvimalla/Downloads/macro_project/data/raw/Gammarus sp/CPH-Gammarus sp.-899-t.png,CPH-Gammarus sp.-899-t.png,.png,Gammarus sp,600,450,3
/Users/saanvimalla/Downloads/macro_project/data/raw/Gammarus sp/CPH-Gammarus sp.-1688-t.png,CPH-Gammarus sp.-1688-t.png,.png,Gammarus sp,600,338,3
/Users/saanvimalla/Downloads/macro_project/data/raw/Gammarus sp/CPH-Gammarus sp.-1259-t.png,CPH-Gammarus sp.-1259-t.png,.png,Gammarus sp,600,338,3
/Users/saanvimalla/Downloads/macro_project/data/raw/Gammarus sp/CPH-Gammarus sp.-984-t.png,CPH-Gammarus sp.-984-t.png,.png,Gammarus sp,600,450,3
/Users/saanvimalla/Downloads/macro_project/data/raw/Gammarus sp/CPH-Gammarus sp.-1469-t.png,CPH-Gammarus sp.-1469-t.png,.png,Gammarus sp,600,338,3
/Users/saanvimalla/Downloads/macro_project/data/raw/Gammarus sp/CPH-Gammarus sp.-1344-t.png,CPH-Gammarus sp.-1344-t.png,.png,Gammarus sp,600,338,3
/Users/saanvimalla/Downloads/macro_project/data/raw/Gammarus sp/CPH-Gammarus sp.-1301-t.png,CPH-Gammarus sp.-1301-t.png,.png,Gammarus sp,600,338,3
/Users/saanvimalla/Downloads/macro_project/data/raw/Gammarus sp/CPH-Gammarus sp.-1494-t.png,CPH-Gammarus sp.-1494-t.png,.png,Gammarus sp,600,338,3
/Users/saanvimalla/Downloads/macro_project/data/raw/Gammarus sp/CPH-Gammarus sp.-1045-t.png,CPH-Gammarus sp.-1045-t.png,.png,Gammarus sp,600,450,3
/Users/saanvimalla/Downloads/macro_project/data/raw/Gammarus sp/CPH-Gammarus sp.-1000-t.png,CPH-Gammarus sp.-1000-t.png,.png,Gammarus sp,600,450,3
/Users/saanvimalla/Downloads/macro_project/data/raw/Gammarus sp/CPH-Gammarus sp.-979-t.png,CPH-Gammarus sp.-979-t.png,.png,Gammarus sp,600,450,3
/Users/saanvimalla/Downloads/macro_project/data/raw/Gammarus sp/CPH-Gammarus sp.-1384-t.png,CPH-Gammarus sp.-1384-t.png,.png,Gammarus sp,600,338,3
/Users/saanvimalla/Downloads/macro_project/data/raw/Gammarus sp/CPH-Gammarus sp.-1710-t.png,CPH-Gammarus sp.-1710-t.png,.png,Gammarus sp,600,338,3
/Users/saanvimalla/Downloads/macro_project/data/raw/Gammarus sp/CPH-Gammarus sp.-1078-t.png,CPH-Gammarus sp.-1078-t.png,.png,Gammarus sp,600,450,3
/Users/saanvimalla/Downloads/macro_project/data/raw/Gammarus sp/CPH-Gammarus sp.-901-t.png,CPH-Gammarus sp.-901-t.png,.png,Gammarus sp,600,450,3
/Users/saanvimalla/Downloads/macro_project/data/raw/Gammarus sp/CPH-Gammarus sp.-944-t.png,CPH-Gammarus sp.-944-t.png,.png,Gammarus sp,600,450,3
/Users/saanvimalla/Downloads/macro_project/data/raw/Gammarus sp/CPH-Gammarus sp.-1454-t.png,CPH-Gammarus sp.-1454-t.png,.png,Gammarus sp,600,338,3
/Users/saanvimalla/Downloads/macro_project/data/raw/Gammarus sp/CPH-Gammarus sp.-1085-t.png,CPH-Gammarus sp.-1085-t.png,.png,Gammarus sp,600,450,3
/Users/saanvimalla/Downloads/macro_project/data/raw/Gammarus sp/CPH-Gammarus sp.-1411-t.png,CPH-Gammarus sp.-1411-t.png,.png,Gammarus sp,600,338,3
/Users/saanvimalla/Downloads/macro_project/data/raw/Gammarus sp/CPH-Gammarus sp.-1379-t.png,CPH-Gammarus sp.-1379-t.png,.png,Gammarus sp,600,338,3
/Users/saanvimalla/Downloads/macro_project/data/raw/Gammarus sp/CPH-Gammarus sp.-1198-t.png,CPH-Gammarus sp.-1198-t.png,.png,Gammarus sp,600,450,3
/Users/saanvimalla/Downloads/macro_project/data/raw/Gammarus sp/CPH-Gammarus sp.-1549-t.png,CPH-Gammarus sp.-1549-t.png,.png,Gammarus sp,600,338,3
/Users/saanvimalla/Downloads/macro_project/data/raw/Gammarus sp/CPH-Gammarus sp.-1221-t.png,CPH-Gammarus sp.-1221-t.png,.png,Gammarus sp,600,338,3
/Users/saanvimalla/Downloads/macro_project/data/raw/Gammarus sp/CPH-Gammarus sp.-1264-t.png,CPH-Gammarus sp.-1264-t.png,.png,Gammarus sp,600,338,3
/Users/saanvimalla/Downloads/macro_project/data/raw/Gammarus sp/CPH-Gammarus sp.-1648-t.png,CPH-Gammarus sp.-1648-t.png,.png,Gammarus sp,600,338,3
/Users/saanvimalla/Downloads/macro_project/data/raw/Gammarus sp/CPH-Gammarus sp.-1299-t.png,CPH-Gammarus sp.-1299-t.png,.png,Gammarus sp,600,338,3
/Users/saanvimalla/Downloads/macro_project/data/raw/Gammarus sp/CPH-Gammarus sp.-772-t.png,CPH-Gammarus sp.-772-t.png,.png,Gammarus sp,600,450,3
/Users/saanvimalla/Downloads/macro_project/data/raw/Gammarus sp/CPH-Gammarus sp.-859-t.png,CPH-Gammarus sp.-859-t.png,.png,Gammarus sp,600,450,3
/Users/saanvimalla/Downloads/macro_project/data/raw/Gammarus sp/CPH-Gammarus sp.-1120-t.png,CPH-Gammarus sp.-1120-t.png,.png,Gammarus sp,600,450,3
/Users/saanvimalla/Downloads/macro_project/data/raw/Gammarus sp/CPH-Gammarus sp.-1165-t.png,CPH-Gammarus sp.-1165-t.png,.png,Gammarus sp,600,450,3
/Users/saanvimalla/Downloads/macro_project/data/raw/Gammarus sp/CPH-Gammarus sp.-1318-t.png,CPH-Gammarus sp.-1318-t.png,.png,Gammarus sp,600,338,3
/Users/saanvimalla/Downloads/macro_project/data/raw/Gammarus sp/CPH-Gammarus sp.-1470-t.png,CPH-Gammarus sp.-1470-t.png,.png,Gammarus sp,600,338,3
/Users/saanvimalla/Downloads/macro_project/data/raw/Gammarus sp/CPH-Gammarus sp.-1435-t.png,CPH-Gammarus sp.-1435-t.png,.png,Gammarus sp,600,338,3
/Users/saanvimalla/Downloads/macro_project/data/raw/Gammarus sp/CPH-Gammarus sp.-1019-t.png,CPH-Gammarus sp.-1019-t.png,.png,Gammarus sp,600,450,3
/Users/saanvimalla/Downloads/macro_project/data/raw/Gammarus sp/CPH-Gammarus sp.-925-t.png,CPH-Gammarus sp.-925-t.png,.png,Gammarus sp,600,450,3
/Users/saanvimalla/Downloads/macro_project/data/raw/Gammarus sp/CPH-Gammarus sp.-960-t.png,CPH-Gammarus sp.-960-t.png,.png,Gammarus sp,600,450,3
/Users/saanvimalla/Downloads/macro_project/data/raw/Gammarus sp/CPH-Gammarus sp.-838-t.png,CPH-Gammarus sp.-838-t.png,.png,Gammarus sp,600,450,3
/Users/saanvimalla/Downloads/macro_project/data/raw/Gammarus sp/CPH-Gammarus sp.-1104-t.png,CPH-Gammarus sp.-1104-t.png,.png,Gammarus sp,600,450,3
/Users/saanvimalla/Downloads/macro_project/data/raw/Gammarus sp/CPH-Gammarus sp.-1590-t.png,CPH-Gammarus sp.-1590-t.png,.png,Gammarus sp,600,338,3
/Users/saanvimalla/Downloads/macro_project/data/raw/Gammarus sp/CPH-Gammarus sp.-1141-t.png,CPH-Gammarus sp.-1141-t.png,.png,Gammarus sp,600,450,3
/Users/saanvimalla/Downloads/macro_project/data/raw/Gammarus sp/CPH-Gammarus sp.-1629-t.png,CPH-Gammarus sp.-1629-t.png,.png,Gammarus sp,600,338,3
/Users/saanvimalla/Downloads/macro_project/data/raw/Gammarus sp/CPH-Gammarus sp.-756-t.png,CPH-Gammarus sp.-756-t.png,.png,Gammarus sp,600,450,3
/Users/saanvimalla/Downloads/macro_project/data/raw/Gammarus sp/CPH-Gammarus sp.-1205-t.png,CPH-Gammarus sp.-1205-t.png,.png,Gammarus sp,600,338,3
/Users/saanvimalla/Downloads/macro_project/data/raw/Gammarus sp/CPH-Gammarus sp.-1240-t.png,CPH-Gammarus sp.-1240-t.png,.png,Gammarus sp,600,338,3
/Users/saanvimalla/Downloads/macro_project/data/raw/Gammarus sp/CPH-Gammarus sp.-1691-t.png,CPH-Gammarus sp.-1691-t.png,.png,Gammarus sp,600,338,3
/Users/saanvimalla/Downloads/macro_project/data/raw/Gammarus sp/CPH-Gammarus sp.-1528-t.png,CPH-Gammarus sp.-1528-t.png,.png,Gammarus sp,600,338,3
/Users/saanvimalla/Downloads/macro_project/data/raw/Gammarus sp/CPH-Gammarus sp.-880-t.png,CPH-Gammarus sp.-880-t.png,.png,Gammarus sp,600,450,3
/Users/saanvimalla/Downloads/macro_project/data/raw/Gammarus sp/CPH-Gammarus sp.-796-t.png,CPH-Gammarus sp.-796-t.png,.png,Gammarus sp,600,450,3
/Users/saanvimalla/Downloads/macro_project/data/raw/Gammarus sp/CPH-Gammarus sp.-1238-t.png,CPH-Gammarus sp.-1238-t.png,.png,Gammarus sp,600,338,3
/Users/saanvimalla/Downloads/macro_project/data/raw/Gammarus sp/CPH-Gammarus sp.-1515-t.png,CPH-Gammarus sp.-1515-t.png,.png,Gammarus sp,600,338,3
/Users/saanvimalla/Downloads/macro_project/data/raw/Gammarus sp/CPH-Gammarus sp.-1550-t.png,CPH-Gammarus sp.-1550-t.png,.png,Gammarus sp,600,338,3
/Users/saanvimalla/Downloads/macro_project/data/raw/Gammarus sp/CPH-Gammarus sp.-1181-t.png,CPH-Gammarus sp.-1181-t.png,.png,Gammarus sp,600,450,3
/Users/saanvimalla/Downloads/macro_project/data/raw/Gammarus sp/CPH-Gammarus sp.-840-t.png,CPH-Gammarus sp.-840-t.png,.png,Gammarus sp,600,450,3
/Users/saanvimalla/Downloads/macro_project/data/raw/Gammarus sp/CPH-Gammarus sp.-805-t.png,CPH-Gammarus sp.-805-t.png,.png,Gammarus sp,600,450,3
/Users/saanvimalla/Downloads/macro_project/data/raw/Gammarus sp/CPH-Gammarus sp.-1139-t.png,CPH-Gammarus sp.-1139-t.png,.png,Gammarus sp,600,450,3
/Users/saanvimalla/Downloads/macro_project/data/raw/Gammarus sp/CPH-Gammarus sp.-1614-t.png,CPH-Gammarus sp.-1614-t.png,.png,Gammarus sp,600,338,3
/Users/saanvimalla/Downloads/macro_project/data/raw/Gammarus sp/CPH-Gammarus sp.-1280-t.png,CPH-Gammarus sp.-1280-t.png,.png,Gammarus sp,600,338,3
/Users/saanvimalla/Downloads/macro_project/data/raw/Gammarus sp/CPH-Gammarus sp.-1651-t.png,CPH-Gammarus sp.-1651-t.png,.png,Gammarus sp,600,338,3
/Users/saanvimalla/Downloads/macro_project/data/raw/Gammarus sp/CPH-Gammarus sp.-1061-t.png,CPH-Gammarus sp.-1061-t.png,.png,Gammarus sp,600,450,3
/Users/saanvimalla/Downloads/macro_project/data/raw/Gammarus sp/CPH-Gammarus sp.-1024-t.png,CPH-Gammarus sp.-1024-t.png,.png,Gammarus sp,600,450,3
/Users/saanvimalla/Downloads/macro_project/data/raw/Gammarus sp/CPH-Gammarus sp.-918-t.png,CPH-Gammarus sp.-918-t.png,.png,Gammarus sp,600,450,3
/Users/saanvimalla/Downloads/macro_project/data/raw/Gammarus sp/CPH-Gammarus sp.-1709-t.png,CPH-Gammarus sp.-1709-t.png,.png,Gammarus sp,600,338,3
/Users/saanvimalla/Downloads/macro_project/data/raw/Gammarus sp/CPH-Gammarus sp.-1360-t.png,CPH-Gammarus sp.-1360-t.png,.png,Gammarus sp,600,338,3
/Users/saanvimalla/Downloads/macro_project/data/raw/Gammarus sp/CPH-Gammarus sp.-1325-t.png,CPH-Gammarus sp.-1325-t.png,.png,Gammarus sp,600,338,3
/Users/saanvimalla/Downloads/macro_project/data/raw/Gammarus sp/CPH-Gammarus sp.-1408-t.png,CPH-Gammarus sp.-1408-t.png,.png,Gammarus sp,600,338,3
/Users/saanvimalla/Downloads/macro_project/data/raw/Gammarus sp/CPH-Gammarus sp.-1616-t.png,CPH-Gammarus sp.-1616-t.png,.png,Gammarus sp,600,338,3
/Users/saanvimalla/Downloads/macro_project/data/raw/Gammarus sp/CPH-Gammarus sp.-1282-t.png,CPH-Gammarus sp.-1282-t.png,.png,Gammarus sp,600,338,3
/Users/saanvimalla/Downloads/macro_project/data/raw/Gammarus sp/CPH-Gammarus sp.-1653-t.png,CPH-Gammarus sp.-1653-t.png,.png,Gammarus sp,600,338,3
/Users/saanvimalla/Downloads/macro_project/data/raw/Gammarus sp/CPH-Gammarus sp.-769-t.png,CPH-Gammarus sp.-769-t.png,.png,Gammarus sp,600,450,3
/Users/saanvimalla/Downloads/macro_project/data/raw/Gammarus sp/CPH-Gammarus sp.-842-t.png,CPH-Gammarus sp.-842-t.png,.png,Gammarus sp,600,450,3
/Users/saanvimalla/Downloads/macro_project/data/raw/Gammarus sp/CPH-Gammarus sp.-807-t.png,CPH-Gammarus sp.-807-t.png,.png,Gammarus sp,600,450,3
/Users/saanvimalla/Downloads/macro_project/data/raw/Gammarus sp/CPH-Gammarus sp.-1517-t.png,CPH-Gammarus sp.-1517-t.png,.png,Gammarus sp,600,338,3
/Users/saanvimalla/Downloads/macro_project/data/raw/Gammarus sp/CPH-Gammarus sp.-1552-t.png,CPH-Gammarus sp.-1552-t.png,.png,Gammarus sp,600,338,3
/Users/saanvimalla/Downloads/macro_project/data/raw/Gammarus sp/CPH-Gammarus sp.-1183-t.png,CPH-Gammarus sp.-1183-t.png,.png,Gammarus sp,600,450,3
/Users/saanvimalla/Downloads/macro_project/data/raw/Gammarus sp/CPH-Gammarus sp.-794-t.png,CPH-Gammarus sp.-794-t.png,.png,Gammarus sp,600,450,3
/Users/saanvimalla/Downloads/macro_project/data/raw/Gammarus sp/CPH-Gammarus sp.-1362-t.png,CPH-Gammarus sp.-1362-t.png,.png,Gammarus sp,600,338,3
/Users/saanvimalla/Downloads/macro_project/data/raw/Gammarus sp/CPH-Gammarus sp.-1327-t.png,CPH-Gammarus sp.-1327-t.png,.png,Gammarus sp,600,338,3
/Users/saanvimalla/Downloads/macro_project/data/raw/Gammarus sp/CPH-Gammarus sp.-1063-t.png,CPH-Gammarus sp.-1063-t.png,.png,Gammarus sp,600,450,3
/Users/saanvimalla/Downloads/macro_project/data/raw/Gammarus sp/CPH-Gammarus sp.-1026-t.png,CPH-Gammarus sp.-1026-t.png,.png,Gammarus sp,600,450,3
/Users/saanvimalla/Downloads/macro_project/data/raw/Gammarus sp/CPH-Gammarus sp.-927-t.png,CPH-Gammarus sp.-927-t.png,.png,Gammarus sp,600,450,3
/Users/saanvimalla/Downloads/macro_project/data/raw/Gammarus sp/CPH-Gammarus sp.-962-t.png,CPH-Gammarus sp.-962-t.png,.png,Gammarus sp,600,450,3
/Users/saanvimalla/Downloads/macro_project/data/raw/Gammarus sp/CPH-Gammarus sp.-1472-t.png,CPH-Gammarus sp.-1472-t.png,.png,Gammarus sp,600,338,3
/Users/saanvimalla/Downloads/macro_project/data/raw/Gammarus sp/CPH-Gammarus sp.-1437-t.png,CPH-Gammarus sp.-1437-t.png,.png,Gammarus sp,600,338,3
/Users/saanvimalla/Downloads/macro_project/data/raw/Gammarus sp/CPH-Gammarus sp.-882-t.png,CPH-Gammarus sp.-882-t.png,.png,Gammarus sp,600,450,3
/Users/saanvimalla/Downloads/macro_project/data/raw/Gammarus sp/CPH-Gammarus sp.-1771-v.png,CPH-Gammarus sp.-1771-v.png,.png,Gammarus sp,600,338,3
/Users/saanvimalla/Downloads/macro_project/data/raw/Gammarus sp/CPH-Gammarus sp.-1207-t.png,CPH-Gammarus sp.-1207-t.png,.png,Gammarus sp,600,338,3
/Users/saanvimalla/Downloads/macro_project/data/raw/Gammarus sp/CPH-Gammarus sp.-1242-t.png,CPH-Gammarus sp.-1242-t.png,.png,Gammarus sp,600,338,3
/Users/saanvimalla/Downloads/macro_project/data/raw/Gammarus sp/CPH-Gammarus sp.-1693-t.png,CPH-Gammarus sp.-1693-t.png,.png,Gammarus sp,600,338,3
/Users/saanvimalla/Downloads/macro_project/data/raw/Gammarus sp/CPH-Gammarus sp.-754-t.png,CPH-Gammarus sp.-754-t.png,.png,Gammarus sp,600,450,3
/Users/saanvimalla/Downloads/macro_project/data/raw/Gammarus sp/CPH-Gammarus sp.-1106-t.png,CPH-Gammarus sp.-1106-t.png,.png,Gammarus sp,600,450,3
/Users/saanvimalla/Downloads/macro_project/data/raw/Gammarus sp/CPH-Gammarus sp.-1592-t.png,CPH-Gammarus sp.-1592-t.png,.png,Gammarus sp,600,338,3
/Users/saanvimalla/Downloads/macro_project/data/raw/Gammarus sp/CPH-Gammarus sp.-1143-t.png,CPH-Gammarus sp.-1143-t.png,.png,Gammarus sp,600,450,3
/Users/saanvimalla/Downloads/macro_project/data/raw/Gammarus sp/CPH-Gammarus sp.-1456-t.png,CPH-Gammarus sp.-1456-t.png,.png,Gammarus sp,600,338,3
/Users/saanvimalla/Downloads/macro_project/data/raw/Gammarus sp/CPH-Gammarus sp.-1087-t.png,CPH-Gammarus sp.-1087-t.png,.png,Gammarus sp,600,450,3
/Users/saanvimalla/Downloads/macro_project/data/raw/Gammarus sp/CPH-Gammarus sp.-1413-t.png,CPH-Gammarus sp.-1413-t.png,.png,Gammarus sp,600,338,3
/Users/saanvimalla/Downloads/macro_project/data/raw/Gammarus sp/CPH-Gammarus sp.-903-t.png,CPH-Gammarus sp.-903-t.png,.png,Gammarus sp,600,450,3
/Users/saanvimalla/Downloads/macro_project/data/raw/Gammarus sp/CPH-Gammarus sp.-946-t.png,CPH-Gammarus sp.-946-t.png,.png,Gammarus sp,600,450,3
/Users/saanvimalla/Downloads/macro_project/data/raw/Gammarus sp/CPH-Gammarus sp.-1386-t.png,CPH-Gammarus sp.-1386-t.png,.png,Gammarus sp,600,338,3
/Users/saanvimalla/Downloads/macro_project/data/raw/Gammarus sp/CPH-Gammarus sp.-1712-t.png,CPH-Gammarus sp.-1712-t.png,.png,Gammarus sp,600,338,3
/Users/saanvimalla/Downloads/macro_project/data/raw/Gammarus sp/CPH-Gammarus sp.-1122-t.png,CPH-Gammarus sp.-1122-t.png,.png,Gammarus sp,600,450,3
/Users/saanvimalla/Downloads/macro_project/data/raw/Gammarus sp/CPH-Gammarus sp.-1167-t.png,CPH-Gammarus sp.-1167-t.png,.png,Gammarus sp,600,450,3
/Users/saanvimalla/Downloads/macro_project/data/raw/Gammarus sp/CPH-Gammarus sp.-770-t.png,CPH-Gammarus sp.-770-t.png,.png,Gammarus sp,600,450,3
/Users/saanvimalla/Downloads/macro_project/data/raw/Gammarus sp/CPH-Gammarus sp.-1266-t.png,CPH-Gammarus sp.-1266-t.png,.png,Gammarus sp,600,338,3
/Users/saanvimalla/Downloads/macro_project/data/raw/Gammarus sp/CPH-Gammarus sp.-1533-t.png,CPH-Gammarus sp.-1533-t.png,.png,Gammarus sp,600,338,3
/Users/saanvimalla/Downloads/macro_project/data/raw/Gammarus sp/CPH-Gammarus sp.-1576-t.png,CPH-Gammarus sp.-1576-t.png,.png,Gammarus sp,600,338,3
/Users/saanvimalla/Downloads/macro_project/data/raw/Gammarus sp/CPH-Gammarus sp.-866-t.png,CPH-Gammarus sp.-866-t.png,.png,Gammarus sp,600,450,3
/Users/saanvimalla/Downloads/macro_project/data/raw/Gammarus sp/CPH-Gammarus sp.-823-t.png,CPH-Gammarus sp.-823-t.png,.png,Gammarus sp,600,450,3
/Users/saanvimalla/Downloads/macro_project/data/raw/Gammarus sp/CPH-Gammarus sp.-1632-t.png,CPH-Gammarus sp.-1632-t.png,.png,Gammarus sp,600,338,3
/Users/saanvimalla/Downloads/macro_project/data/raw/Gammarus sp/CPH-Gammarus sp.-1677-t.png,CPH-Gammarus sp.-1677-t.png,.png,Gammarus sp,600,338,3
/Users/saanvimalla/Downloads/macro_project/data/raw/Gammarus sp/CPH-Gammarus sp.-1496-t.png,CPH-Gammarus sp.-1496-t.png,.png,Gammarus sp,600,338,3
/Users/saanvimalla/Downloads/macro_project/data/raw/Gammarus sp/CPH-Gammarus sp.-1047-t.png,CPH-Gammarus sp.-1047-t.png,.png,Gammarus sp,600,450,3
/Users/saanvimalla/Downloads/macro_project/data/raw/Gammarus sp/CPH-Gammarus sp.-1002-t.png,CPH-Gammarus sp.-1002-t.png,.png,Gammarus sp,600,450,3
/Users/saanvimalla/Downloads/macro_project/data/raw/Gammarus sp/CPH-Gammarus sp.-1346-t.png,CPH-Gammarus sp.-1346-t.png,.png,Gammarus sp,600,338,3
/Users/saanvimalla/Downloads/macro_project/data/raw/Gammarus sp/CPH-Gammarus sp.-1303-t.png,CPH-Gammarus sp.-1303-t.png,.png,Gammarus sp,600,338,3
/Users/saanvimalla/Downloads/macro_project/data/raw/Gammarus sp/CPH-Gammarus sp.-789-t.png,CPH-Gammarus sp.-789-t.png,.png,Gammarus sp,600,450,3
/Users/saanvimalla/Downloads/macro_project/data/raw/Gammarus sp/CPH-Gammarus sp.-1227-t.png,CPH-Gammarus sp.-1227-t.png,.png,Gammarus sp,600,338,3
/Users/saanvimalla/Downloads/macro_project/data/raw/Gammarus sp/CPH-Gammarus sp.-1262-t.png,CPH-Gammarus sp.-1262-t.png,.png,Gammarus sp,600,338,3
/Users/saanvimalla/Downloads/macro_project/data/raw/Gammarus sp/CPH-Gammarus sp.-1714-v.png,CPH-Gammarus sp.-1714-v.png,.png,Gammarus sp,600,338,3
/Users/saanvimalla/Downloads/macro_project/data/raw/Gammarus sp/CPH-Gammarus sp.-1126-t.png,CPH-Gammarus sp.-1126-t.png,.png,Gammarus sp,600,450,3
/Users/saanvimalla/Downloads/macro_project/data/raw/Gammarus sp/CPH-Gammarus sp.-1163-t.png,CPH-Gammarus sp.-1163-t.png,.png,Gammarus sp,600,450,3
/Users/saanvimalla/Downloads/macro_project/data/raw/Gammarus sp/CPH-Gammarus sp.-774-t.png,CPH-Gammarus sp.-774-t.png,.png,Gammarus sp,600,450,3
/Users/saanvimalla/Downloads/macro_project/data/raw/Gammarus sp/CPH-Gammarus sp.-907-t.png,CPH-Gammarus sp.-907-t.png,.png,Gammarus sp,600,450,3
/Users/saanvimalla/Downloads/macro_project/data/raw/Gammarus sp/CPH-Gammarus sp.-942-t.png,CPH-Gammarus sp.-942-t.png,.png,Gammarus sp,600,450,3
/Users/saanvimalla/Downloads/macro_project/data/raw/Gammarus sp/CPH-Gammarus sp.-1382-t.png,CPH-Gammarus sp.-1382-t.png,.png,Gammarus sp,600,338,3
/Users/saanvimalla/Downloads/macro_project/data/raw/Gammarus sp/CPH-Gammarus sp.-1716-t.png,CPH-Gammarus sp.-1716-t.png,.png,Gammarus sp,600,338,3
/Users/saanvimalla/Downloads/macro_project/data/raw/Gammarus sp/CPH-Gammarus sp.-1452-t.png,CPH-Gammarus sp.-1452-t.png,.png,Gammarus sp,600,338,3
/Users/saanvimalla/Downloads/macro_project/data/raw/Gammarus sp/CPH-Gammarus sp.-1083-t.png,CPH-Gammarus sp.-1083-t.png,.png,Gammarus sp,600,450,3
/Users/saanvimalla/Downloads/macro_project/data/raw/Gammarus sp/CPH-Gammarus sp.-1417-t.png,CPH-Gammarus sp.-1417-t.png,.png,Gammarus sp,600,338,3
/Users/saanvimalla/Downloads/macro_project/data/raw/Gammarus sp/CPH-Gammarus sp.-1342-t.png,CPH-Gammarus sp.-1342-t.png,.png,Gammarus sp,600,338,3
/Users/saanvimalla/Downloads/macro_project/data/raw/Gammarus sp/CPH-Gammarus sp.-1307-t.png,CPH-Gammarus sp.-1307-t.png,.png,Gammarus sp,600,338,3
/Users/saanvimalla/Downloads/macro_project/data/raw/Gammarus sp/CPH-Gammarus sp.-982-t.png,CPH-Gammarus sp.-982-t.png,.png,Gammarus sp,600,450,3
/Users/saanvimalla/Downloads/macro_project/data/raw/Gammarus sp/CPH-Gammarus sp.-1492-t.png,CPH-Gammarus sp.-1492-t.png,.png,Gammarus sp,600,338,3
/Users/saanvimalla/Downloads/macro_project/data/raw/Gammarus sp/CPH-Gammarus sp.-1043-t.png,CPH-Gammarus sp.-1043-t.png,.png,Gammarus sp,600,450,3
/Users/saanvimalla/Downloads/macro_project/data/raw/Gammarus sp/CPH-Gammarus sp.-1006-t.png,CPH-Gammarus sp.-1006-t.png,.png,Gammarus sp,600,450,3
/Users/saanvimalla/Downloads/macro_project/data/raw/Gammarus sp/CPH-Gammarus sp.-862-t.png,CPH-Gammarus sp.-862-t.png,.png,Gammarus sp,600,450,3
/Users/saanvimalla/Downloads/macro_project/data/raw/Gammarus sp/CPH-Gammarus sp.-827-t.png,CPH-Gammarus sp.-827-t.png,.png,Gammarus sp,600,450,3
/Users/saanvimalla/Downloads/macro_project/data/raw/Gammarus sp/CPH-Gammarus sp.-1636-t.png,CPH-Gammarus sp.-1636-t.png,.png,Gammarus sp,600,338,3
/Users/saanvimalla/Downloads/macro_project/data/raw/Gammarus sp/CPH-Gammarus sp.-1673-t.png,CPH-Gammarus sp.-1673-t.png,.png,Gammarus sp,600,338,3
/Users/saanvimalla/Downloads/macro_project/data/raw/Gammarus sp/CPH-Gammarus sp.-749-t.png,CPH-Gammarus sp.-749-t.png,.png,Gammarus sp,600,450,3
/Users/saanvimalla/Downloads/macro_project/data/raw/Gammarus sp/CPH-Gammarus sp.-1537-t.png,CPH-Gammarus sp.-1537-t.png,.png,Gammarus sp,600,338,3
/Users/saanvimalla/Downloads/macro_project/data/raw/Gammarus sp/CPH-Gammarus sp.-1572-t.png,CPH-Gammarus sp.-1572-t.png,.png,Gammarus sp,600,338,3
/Users/saanvimalla/Downloads/macro_project/data/raw/Gammarus sp/CPH-Gammarus sp.-1067-t.png,CPH-Gammarus sp.-1067-t.png,.png,Gammarus sp,600,450,3
/Users/saanvimalla/Downloads/macro_project/data/raw/Gammarus sp/CPH-Gammarus sp.-1022-t.png,CPH-Gammarus sp.-1022-t.png,.png,Gammarus sp,600,450,3
/Users/saanvimalla/Downloads/macro_project/data/raw/Gammarus sp/CPH-Gammarus sp.-1366-t.png,CPH-Gammarus sp.-1366-t.png,.png,Gammarus sp,600,338,3
/Users/saanvimalla/Downloads/macro_project/data/raw/Gammarus sp/CPH-Gammarus sp.-1323-t.png,CPH-Gammarus sp.-1323-t.png,.png,Gammarus sp,600,338,3
/Users/saanvimalla/Downloads/macro_project/data/raw/Gammarus sp/CPH-Gammarus sp.-1513-t.png,CPH-Gammarus sp.-1513-t.png,.png,Gammarus sp,600,338,3
/Users/saanvimalla/Downloads/macro_project/data/raw/Gammarus sp/CPH-Gammarus sp.-1556-t.png,CPH-Gammarus sp.-1556-t.png,.png,Gammarus sp,600,338,3
/Users/saanvimalla/Downloads/macro_project/data/raw/Gammarus sp/CPH-Gammarus sp.-1187-t.png,CPH-Gammarus sp.-1187-t.png,.png,Gammarus sp,600,450,3
/Users/saanvimalla/Downloads/macro_project/data/raw/Gammarus sp/CPH-Gammarus sp.-790-t.png,CPH-Gammarus sp.-790-t.png,.png,Gammarus sp,600,450,3
/Users/saanvimalla/Downloads/macro_project/data/raw/Gammarus sp/CPH-Gammarus sp.-1612-t.png,CPH-Gammarus sp.-1612-t.png,.png,Gammarus sp,600,338,3
/Users/saanvimalla/Downloads/macro_project/data/raw/Gammarus sp/CPH-Gammarus sp.-1286-t.png,CPH-Gammarus sp.-1286-t.png,.png,Gammarus sp,600,338,3
/Users/saanvimalla/Downloads/macro_project/data/raw/Gammarus sp/CPH-Gammarus sp.-1657-t.png,CPH-Gammarus sp.-1657-t.png,.png,Gammarus sp,600,338,3
/Users/saanvimalla/Downloads/macro_project/data/raw/Gammarus sp/CPH-Gammarus sp.-846-t.png,CPH-Gammarus sp.-846-t.png,.png,Gammarus sp,600,450,3
/Users/saanvimalla/Downloads/macro_project/data/raw/Gammarus sp/CPH-Gammarus sp.-803-t.png,CPH-Gammarus sp.-803-t.png,.png,Gammarus sp,600,450,3
/Users/saanvimalla/Downloads/macro_project/data/raw/Gammarus sp/CPH-Gammarus sp.-750-t.png,CPH-Gammarus sp.-750-t.png,.png,Gammarus sp,600,450,3
/Users/saanvimalla/Downloads/macro_project/data/raw/Gammarus sp/CPH-Gammarus sp.-1102-t.png,CPH-Gammarus sp.-1102-t.png,.png,Gammarus sp,600,450,3
/Users/saanvimalla/Downloads/macro_project/data/raw/Gammarus sp/CPH-Gammarus sp.-1596-t.png,CPH-Gammarus sp.-1596-t.png,.png,Gammarus sp,600,338,3
/Users/saanvimalla/Downloads/macro_project/data/raw/Gammarus sp/CPH-Gammarus sp.-1147-t.png,CPH-Gammarus sp.-1147-t.png,.png,Gammarus sp,600,450,3
/Users/saanvimalla/Downloads/macro_project/data/raw/Gammarus sp/CPH-Gammarus sp.-886-t.png,CPH-Gammarus sp.-886-t.png,.png,Gammarus sp,600,450,3
/Users/saanvimalla/Downloads/macro_project/data/raw/Gammarus sp/CPH-Gammarus sp.-1203-t.png,CPH-Gammarus sp.-1203-t.png,.png,Gammarus sp,600,338,3
/Users/saanvimalla/Downloads/macro_project/data/raw/Gammarus sp/CPH-Gammarus sp.-1246-t.png,CPH-Gammarus sp.-1246-t.png,.png,Gammarus sp,600,338,3
/Users/saanvimalla/Downloads/macro_project/data/raw/Gammarus sp/CPH-Gammarus sp.-1697-t.png,CPH-Gammarus sp.-1697-t.png,.png,Gammarus sp,600,338,3
/Users/saanvimalla/Downloads/macro_project/data/raw/Gammarus sp/CPH-Gammarus sp.-1476-t.png,CPH-Gammarus sp.-1476-t.png,.png,Gammarus sp,600,338,3
/Users/saanvimalla/Downloads/macro_project/data/raw/Gammarus sp/CPH-Gammarus sp.-1433-t.png,CPH-Gammarus sp.-1433-t.png,.png,Gammarus sp,600,338,3
/Users/saanvimalla/Downloads/macro_project/data/raw/Gammarus sp/CPH-Gammarus sp.-923-t.png,CPH-Gammarus sp.-923-t.png,.png,Gammarus sp,600,450,3
/Users/saanvimalla/Downloads/macro_project/data/raw/Gammarus sp/CPH-Gammarus sp.-966-t.png,CPH-Gammarus sp.-966-t.png,.png,Gammarus sp,600,450,3
/Users/saanvimalla/Downloads/macro_project/data/raw/Gammarus sp/CPH-Gammarus sp.-1201-t.png,CPH-Gammarus sp.-1201-t.png,.png,Gammarus sp,600,338,3
/Users/saanvimalla/Downloads/macro_project/data/raw/Gammarus sp/CPH-Gammarus sp.-1244-t.png,CPH-Gammarus sp.-1244-t.png,.png,Gammarus sp,600,338,3
/Users/saanvimalla/Downloads/macro_project/data/raw/Gammarus sp/CPH-Gammarus sp.-1695-t.png,CPH-Gammarus sp.-1695-t.png,.png,Gammarus sp,600,338,3
/Users/saanvimalla/Downloads/macro_project/data/raw/Gammarus sp/CPH-Gammarus sp.-1569-t.png,CPH-Gammarus sp.-1569-t.png,.png,Gammarus sp,600,338,3
/Users/saanvimalla/Downloads/macro_project/data/raw/Gammarus sp/CPH-Gammarus sp.-884-t.png,CPH-Gammarus sp.-884-t.png,.png,Gammarus sp,600,450,3
/Users/saanvimalla/Downloads/macro_project/data/raw/Gammarus sp/CPH-Gammarus sp.-879-t.png,CPH-Gammarus sp.-879-t.png,.png,Gammarus sp,600,450,3
/Users/saanvimalla/Downloads/macro_project/data/raw/Gammarus sp/CPH-Gammarus sp.-1100-t.png,CPH-Gammarus sp.-1100-t.png,.png,Gammarus sp,600,450,3
/Users/saanvimalla/Downloads/macro_project/data/raw/Gammarus sp/CPH-Gammarus sp.-1594-t.png,CPH-Gammarus sp.-1594-t.png,.png,Gammarus sp,600,338,3
/Users/saanvimalla/Downloads/macro_project/data/raw/Gammarus sp/CPH-Gammarus sp.-1145-t.png,CPH-Gammarus sp.-1145-t.png,.png,Gammarus sp,600,450,3
/Users/saanvimalla/Downloads/macro_project/data/raw/Gammarus sp/CPH-Gammarus sp.-1668-t.png,CPH-Gammarus sp.-1668-t.png,.png,Gammarus sp,600,338,3
/Users/saanvimalla/Downloads/macro_project/data/raw/Gammarus sp/CPH-Gammarus sp.-752-t.png,CPH-Gammarus sp.-752-t.png,.png,Gammarus sp,600,450,3
/Users/saanvimalla/Downloads/macro_project/data/raw/Gammarus sp/CPH-Gammarus sp.-1058-t.png,CPH-Gammarus sp.-1058-t.png,.png,Gammarus sp,600,450,3
/Users/saanvimalla/Downloads/macro_project/data/raw/Gammarus sp/CPH-Gammarus sp.-1489-t.png,CPH-Gammarus sp.-1489-t.png,.png,Gammarus sp,600,338,3
/Users/saanvimalla/Downloads/macro_project/data/raw/Gammarus sp/CPH-Gammarus sp.-921-t.png,CPH-Gammarus sp.-921-t.png,.png,Gammarus sp,600,450,3
/Users/saanvimalla/Downloads/macro_project/data/raw/Gammarus sp/CPH-Gammarus sp.-964-t.png,CPH-Gammarus sp.-964-t.png,.png,Gammarus sp,600,450,3
/Users/saanvimalla/Downloads/macro_project/data/raw/Gammarus sp/CPH-Gammarus sp.-1730-t.png,CPH-Gammarus sp.-1730-t.png,.png,Gammarus sp,600,338,3
/Users/saanvimalla/Downloads/macro_project/data/raw/Gammarus sp/CPH-Gammarus sp.-1359-t.png,CPH-Gammarus sp.-1359-t.png,.png,Gammarus sp,600,338,3
/Users/saanvimalla/Downloads/macro_project/data/raw/Gammarus sp/CPH-Gammarus sp.-999-t.png,CPH-Gammarus sp.-999-t.png,.png,Gammarus sp,600,450,3
/Users/saanvimalla/Downloads/macro_project/data/raw/Gammarus sp/CPH-Gammarus sp.-1474-t.png,CPH-Gammarus sp.-1474-t.png,.png,Gammarus sp,600,338,3
/Users/saanvimalla/Downloads/macro_project/data/raw/Gammarus sp/CPH-Gammarus sp.-1431-t.png,CPH-Gammarus sp.-1431-t.png,.png,Gammarus sp,600,338,3
/Users/saanvimalla/Downloads/macro_project/data/raw/Gammarus sp/CPH-Gammarus sp.-1364-t.png,CPH-Gammarus sp.-1364-t.png,.png,Gammarus sp,600,338,3
/Users/saanvimalla/Downloads/macro_project/data/raw/Gammarus sp/CPH-Gammarus sp.-1321-t.png,CPH-Gammarus sp.-1321-t.png,.png,Gammarus sp,600,338,3
/Users/saanvimalla/Downloads/macro_project/data/raw/Gammarus sp/CPH-Gammarus sp.-1098-t.png,CPH-Gammarus sp.-1098-t.png,.png,Gammarus sp,600,450,3
/Users/saanvimalla/Downloads/macro_project/data/raw/Gammarus sp/CPH-Gammarus sp.-1449-t.png,CPH-Gammarus sp.-1449-t.png,.png,Gammarus sp,600,338,3
/Users/saanvimalla/Downloads/macro_project/data/raw/Gammarus sp/CPH-Gammarus sp.-1065-t.png,CPH-Gammarus sp.-1065-t.png,.png,Gammarus sp,600,450,3
/Users/saanvimalla/Downloads/macro_project/data/raw/Gammarus sp/CPH-Gammarus sp.-1020-t.png,CPH-Gammarus sp.-1020-t.png,.png,Gammarus sp,600,450,3
/Users/saanvimalla/Downloads/macro_project/data/raw/Gammarus sp/CPH-Gammarus sp.-959-t.png,CPH-Gammarus sp.-959-t.png,.png,Gammarus sp,600,450,3
/Users/saanvimalla/Downloads/macro_project/data/raw/Gammarus sp/CPH-Gammarus sp.-1399-t.png,CPH-Gammarus sp.-1399-t.png,.png,Gammarus sp,600,338,3
/Users/saanvimalla/Downloads/macro_project/data/raw/Gammarus sp/CPH-Gammarus sp.-844-t.png,CPH-Gammarus sp.-844-t.png,.png,Gammarus sp,600,450,3
/Users/saanvimalla/Downloads/macro_project/data/raw/Gammarus sp/CPH-Gammarus sp.-801-t.png,CPH-Gammarus sp.-801-t.png,.png,Gammarus sp,600,450,3
/Users/saanvimalla/Downloads/macro_project/data/raw/Gammarus sp/CPH-Gammarus sp.-1178-t.png,CPH-Gammarus sp.-1178-t.png,.png,Gammarus sp,600,450,3
/Users/saanvimalla/Downloads/macro_project/data/raw/Gammarus sp/CPH-Gammarus sp.-1610-t.png,CPH-Gammarus sp.-1610-t.png,.png,Gammarus sp,600,338,3
/Users/saanvimalla/Downloads/macro_project/data/raw/Gammarus sp/CPH-Gammarus sp.-1284-t.png,CPH-Gammarus sp.-1284-t.png,.png,Gammarus sp,600,338,3
/Users/saanvimalla/Downloads/macro_project/data/raw/Gammarus sp/CPH-Gammarus sp.-1655-t.png,CPH-Gammarus sp.-1655-t.png,.png,Gammarus sp,600,338,3
/Users/saanvimalla/Downloads/macro_project/data/raw/Gammarus sp/CPH-Gammarus sp.-792-t.png,CPH-Gammarus sp.-792-t.png,.png,Gammarus sp,600,450,3
/Users/saanvimalla/Downloads/macro_project/data/raw/Gammarus sp/CPH-Gammarus sp.-1279-t.png,CPH-Gammarus sp.-1279-t.png,.png,Gammarus sp,600,338,3
/Users/saanvimalla/Downloads/macro_project/data/raw/Gammarus sp/CPH-Gammarus sp.-1511-t.png,CPH-Gammarus sp.-1511-t.png,.png,Gammarus sp,600,338,3
/Users/saanvimalla/Downloads/macro_project/data/raw/Gammarus sp/CPH-Gammarus sp.-1554-t.png,CPH-Gammarus sp.-1554-t.png,.png,Gammarus sp,600,338,3
/Users/saanvimalla/Downloads/macro_project/data/raw/Gammarus sp/CPH-Gammarus sp.-1185-t.png,CPH-Gammarus sp.-1185-t.png,.png,Gammarus sp,600,450,3
/Users/saanvimalla/Downloads/macro_project/data/raw/Gammarus sp/CPH-Gammarus sp.-1729-t.png,CPH-Gammarus sp.-1729-t.png,.png,Gammarus sp,600,338,3
/Users/saanvimalla/Downloads/macro_project/data/raw/Gammarus sp/CPH-Gammarus sp.-1490-t.png,CPH-Gammarus sp.-1490-t.png,.png,Gammarus sp,600,338,3
/Users/saanvimalla/Downloads/macro_project/data/raw/Gammarus sp/CPH-Gammarus sp.-1041-t.png,CPH-Gammarus sp.-1041-t.png,.png,Gammarus sp,600,450,3
/Users/saanvimalla/Downloads/macro_project/data/raw/Gammarus sp/CPH-Gammarus sp.-1004-t.png,CPH-Gammarus sp.-1004-t.png,.png,Gammarus sp,600,450,3
/Users/saanvimalla/Downloads/macro_project/data/raw/Gammarus sp/CPH-Gammarus sp.-938-t.png,CPH-Gammarus sp.-938-t.png,.png,Gammarus sp,600,450,3
/Users/saanvimalla/Downloads/macro_project/data/raw/Gammarus sp/CPH-Gammarus sp.-980-t.png,CPH-Gammarus sp.-980-t.png,.png,Gammarus sp,600,450,3
/Users/saanvimalla/Downloads/macro_project/data/raw/Gammarus sp/CPH-Gammarus sp.-1428-t.png,CPH-Gammarus sp.-1428-t.png,.png,Gammarus sp,600,338,3
/Users/saanvimalla/Downloads/macro_project/data/raw/Gammarus sp/CPH-Gammarus sp.-1340-t.png,CPH-Gammarus sp.-1340-t.png,.png,Gammarus sp,600,338,3
/Users/saanvimalla/Downloads/macro_project/data/raw/Gammarus sp/CPH-Gammarus sp.-1305-t.png,CPH-Gammarus sp.-1305-t.png,.png,Gammarus sp,600,338,3
/Users/saanvimalla/Downloads/macro_project/data/raw/Gammarus sp/CPH-Gammarus sp.-1535-t.png,CPH-Gammarus sp.-1535-t.png,.png,Gammarus sp,600,338,3
/Users/saanvimalla/Downloads/macro_project/data/raw/Gammarus sp/CPH-Gammarus sp.-1570-t.png,CPH-Gammarus sp.-1570-t.png,.png,Gammarus sp,600,338,3
/Users/saanvimalla/Downloads/macro_project/data/raw/Gammarus sp/CPH-Gammarus sp.-1218-t.png,CPH-Gammarus sp.-1218-t.png,.png,Gammarus sp,600,338,3
/Users/saanvimalla/Downloads/macro_project/data/raw/Gammarus sp/CPH-Gammarus sp.-1634-t.png,CPH-Gammarus sp.-1634-t.png,.png,Gammarus sp,600,338,3
/Users/saanvimalla/Downloads/macro_project/data/raw/Gammarus sp/CPH-Gammarus sp.-1671-t.png,CPH-Gammarus sp.-1671-t.png,.png,Gammarus sp,600,338,3
/Users/saanvimalla/Downloads/macro_project/data/raw/Gammarus sp/CPH-Gammarus sp.-860-t.png,CPH-Gammarus sp.-860-t.png,.png,Gammarus sp,600,450,3
/Users/saanvimalla/Downloads/macro_project/data/raw/Gammarus sp/CPH-Gammarus sp.-825-t.png,CPH-Gammarus sp.-825-t.png,.png,Gammarus sp,600,450,3
/Users/saanvimalla/Downloads/macro_project/data/raw/Gammarus sp/CPH-Gammarus sp.-1793-v.png,CPH-Gammarus sp.-1793-v.png,.png,Gammarus sp,600,338,3
/Users/saanvimalla/Downloads/macro_project/data/raw/Gammarus sp/CPH-Gammarus sp.-1342-v.png,CPH-Gammarus sp.-1342-v.png,.png,Gammarus sp,600,338,3
/Users/saanvimalla/Downloads/macro_project/data/raw/Gammarus sp/CPH-Gammarus sp.-1119-t.png,CPH-Gammarus sp.-1119-t.png,.png,Gammarus sp,600,450,3
/Users/saanvimalla/Downloads/macro_project/data/raw/Gammarus sp/CPH-Gammarus sp.-1609-t.png,CPH-Gammarus sp.-1609-t.png,.png,Gammarus sp,600,338,3
/Users/saanvimalla/Downloads/macro_project/data/raw/Gammarus sp/CPH-Gammarus sp.-776-t.png,CPH-Gammarus sp.-776-t.png,.png,Gammarus sp,600,450,3
/Users/saanvimalla/Downloads/macro_project/data/raw/Gammarus sp/CPH-Gammarus sp.-818-t.png,CPH-Gammarus sp.-818-t.png,.png,Gammarus sp,600,450,3
/Users/saanvimalla/Downloads/macro_project/data/raw/Gammarus sp/CPH-Gammarus sp.-1124-t.png,CPH-Gammarus sp.-1124-t.png,.png,Gammarus sp,600,450,3
/Users/saanvimalla/Downloads/macro_project/data/raw/Gammarus sp/CPH-Gammarus sp.-1161-t.png,CPH-Gammarus sp.-1161-t.png,.png,Gammarus sp,600,450,3
/Users/saanvimalla/Downloads/macro_project/data/raw/Gammarus sp/CPH-Gammarus sp.-1508-t.png,CPH-Gammarus sp.-1508-t.png,.png,Gammarus sp,600,338,3
/Users/saanvimalla/Downloads/macro_project/data/raw/Gammarus sp/CPH-Gammarus sp.-1225-t.png,CPH-Gammarus sp.-1225-t.png,.png,Gammarus sp,600,338,3
/Users/saanvimalla/Downloads/macro_project/data/raw/Gammarus sp/CPH-Gammarus sp.-1260-t.png,CPH-Gammarus sp.-1260-t.png,.png,Gammarus sp,600,338,3
/Users/saanvimalla/Downloads/macro_project/data/raw/Gammarus sp/CPH-Gammarus sp.-1450-t.png,CPH-Gammarus sp.-1450-t.png,.png,Gammarus sp,600,338,3
/Users/saanvimalla/Downloads/macro_project/data/raw/Gammarus sp/CPH-Gammarus sp.-1081-t.png,CPH-Gammarus sp.-1081-t.png,.png,Gammarus sp,600,450,3
/Users/saanvimalla/Downloads/macro_project/data/raw/Gammarus sp/CPH-Gammarus sp.-1415-t.png,CPH-Gammarus sp.-1415-t.png,.png,Gammarus sp,600,338,3
/Users/saanvimalla/Downloads/macro_project/data/raw/Gammarus sp/CPH-Gammarus sp.-1338-t.png,CPH-Gammarus sp.-1338-t.png,.png,Gammarus sp,600,338,3
/Users/saanvimalla/Downloads/macro_project/data/raw/Gammarus sp/CPH-Gammarus sp.-1380-t.png,CPH-Gammarus sp.-1380-t.png,.png,Gammarus sp,600,338,3
/Users/saanvimalla/Downloads/macro_project/data/raw/Gammarus sp/CPH-Gammarus sp.-1714-t.png,CPH-Gammarus sp.-1714-t.png,.png,Gammarus sp,600,338,3
/Users/saanvimalla/Downloads/macro_project/data/raw/Gammarus sp/CPH-Gammarus sp.-1039-t.png,CPH-Gammarus sp.-1039-t.png,.png,Gammarus sp,600,450,3
/Users/saanvimalla/Downloads/macro_project/data/raw/Gammarus sp/CPH-Gammarus sp.-905-t.png,CPH-Gammarus sp.-905-t.png,.png,Gammarus sp,600,450,3
/Users/saanvimalla/Downloads/macro_project/data/raw/Gammarus sp/CPH-Gammarus sp.-940-t.png,CPH-Gammarus sp.-940-t.png,.png,Gammarus sp,600,450,3
/Users/saanvimalla/Downloads/macro_project/data/raw/Gammarus sp/CPH-Gammarus sp.-883-t.png,CPH-Gammarus sp.-883-t.png,.png,Gammarus sp,600,450,3
/Users/saanvimalla/Downloads/macro_project/data/raw/Gammarus sp/CPH-Gammarus sp.-1243-t.png,CPH-Gammarus sp.-1243-t.png,.png,Gammarus sp,600,338,3
/Users/saanvimalla/Downloads/macro_project/data/raw/Gammarus sp/CPH-Gammarus sp.-1692-t.png,CPH-Gammarus sp.-1692-t.png,.png,Gammarus sp,600,338,3
/Users/saanvimalla/Downloads/macro_project/data/raw/Gammarus sp/CPH-Gammarus sp.-1206-t.png,CPH-Gammarus sp.-1206-t.png,.png,Gammarus sp,600,338,3
/Users/saanvimalla/Downloads/macro_project/data/raw/Gammarus sp/CPH-Gammarus sp.-755-t.png,CPH-Gammarus sp.-755-t.png,.png,Gammarus sp,600,450,3
/Users/saanvimalla/Downloads/macro_project/data/raw/Gammarus sp/CPH-Gammarus sp.-1593-t.png,CPH-Gammarus sp.-1593-t.png,.png,Gammarus sp,600,338,3
/Users/saanvimalla/Downloads/macro_project/data/raw/Gammarus sp/CPH-Gammarus sp.-1142-t.png,CPH-Gammarus sp.-1142-t.png,.png,Gammarus sp,600,450,3
/Users/saanvimalla/Downloads/macro_project/data/raw/Gammarus sp/CPH-Gammarus sp.-963-t.png,CPH-Gammarus sp.-963-t.png,.png,Gammarus sp,600,450,3
/Users/saanvimalla/Downloads/macro_project/data/raw/Gammarus sp/CPH-Gammarus sp.-926-t.png,CPH-Gammarus sp.-926-t.png,.png,Gammarus sp,600,450,3
/Users/saanvimalla/Downloads/macro_project/data/raw/Gammarus sp/CPH-Gammarus sp.-1436-t.png,CPH-Gammarus sp.-1436-t.png,.png,Gammarus sp,600,338,3
/Users/saanvimalla/Downloads/macro_project/data/raw/Gammarus sp/CPH-Gammarus sp.-1473-t.png,CPH-Gammarus sp.-1473-t.png,.png,Gammarus sp,600,338,3
/Users/saanvimalla/Downloads/macro_project/data/raw/Gammarus sp/CPH-Gammarus sp.-1105-v.png,CPH-Gammarus sp.-1105-v.png,.png,Gammarus sp,600,450,3
/Users/saanvimalla/Downloads/macro_project/data/raw/Gammarus sp/CPH-Gammarus sp.-1326-t.png,CPH-Gammarus sp.-1326-t.png,.png,Gammarus sp,600,338,3
/Users/saanvimalla/Downloads/macro_project/data/raw/Gammarus sp/CPH-Gammarus sp.-1363-t.png,CPH-Gammarus sp.-1363-t.png,.png,Gammarus sp,600,338,3
/Users/saanvimalla/Downloads/macro_project/data/raw/Gammarus sp/CPH-Gammarus sp.-1027-t.png,CPH-Gammarus sp.-1027-t.png,.png,Gammarus sp,600,450,3
/Users/saanvimalla/Downloads/macro_project/data/raw/Gammarus sp/CPH-Gammarus sp.-1062-t.png,CPH-Gammarus sp.-1062-t.png,.png,Gammarus sp,600,450,3
/Users/saanvimalla/Downloads/macro_project/data/raw/Gammarus sp/CPH-Gammarus sp.-1283-t.png,CPH-Gammarus sp.-1283-t.png,.png,Gammarus sp,600,338,3
/Users/saanvimalla/Downloads/macro_project/data/raw/Gammarus sp/CPH-Gammarus sp.-1617-t.png,CPH-Gammarus sp.-1617-t.png,.png,Gammarus sp,600,338,3
/Users/saanvimalla/Downloads/macro_project/data/raw/Gammarus sp/CPH-Gammarus sp.-768-t.png,CPH-Gammarus sp.-768-t.png,.png,Gammarus sp,600,450,3
/Users/saanvimalla/Downloads/macro_project/data/raw/Gammarus sp/CPH-Gammarus sp.-806-t.png,CPH-Gammarus sp.-806-t.png,.png,Gammarus sp,600,450,3
/Users/saanvimalla/Downloads/macro_project/data/raw/Gammarus sp/CPH-Gammarus sp.-843-t.png,CPH-Gammarus sp.-843-t.png,.png,Gammarus sp,600,450,3
/Users/saanvimalla/Downloads/macro_project/data/raw/Gammarus sp/CPH-Gammarus sp.-1553-t.png,CPH-Gammarus sp.-1553-t.png,.png,Gammarus sp,600,338,3
/Users/saanvimalla/Downloads/macro_project/data/raw/Gammarus sp/CPH-Gammarus sp.-1182-t.png,CPH-Gammarus sp.-1182-t.png,.png,Gammarus sp,600,450,3
/Users/saanvimalla/Downloads/macro_project/data/raw/Gammarus sp/CPH-Gammarus sp.-1516-t.png,CPH-Gammarus sp.-1516-t.png,.png,Gammarus sp,600,338,3
/Users/saanvimalla/Downloads/macro_project/data/raw/Gammarus sp/CPH-Gammarus sp.-795-t.png,CPH-Gammarus sp.-795-t.png,.png,Gammarus sp,600,450,3
/Users/saanvimalla/Downloads/macro_project/data/raw/Gammarus sp/CPH-Gammarus sp.-1003-t.png,CPH-Gammarus sp.-1003-t.png,.png,Gammarus sp,600,450,3
/Users/saanvimalla/Downloads/macro_project/data/raw/Gammarus sp/CPH-Gammarus sp.-1497-t.png,CPH-Gammarus sp.-1497-t.png,.png,Gammarus sp,600,338,3
/Users/saanvimalla/Downloads/macro_project/data/raw/Gammarus sp/CPH-Gammarus sp.-1046-t.png,CPH-Gammarus sp.-1046-t.png,.png,Gammarus sp,600,450,3
/Users/saanvimalla/Downloads/macro_project/data/raw/Gammarus sp/CPH-Gammarus sp.-1302-t.png,CPH-Gammarus sp.-1302-t.png,.png,Gammarus sp,600,338,3
/Users/saanvimalla/Downloads/macro_project/data/raw/Gammarus sp/CPH-Gammarus sp.-1347-t.png,CPH-Gammarus sp.-1347-t.png,.png,Gammarus sp,600,338,3
/Users/saanvimalla/Downloads/macro_project/data/raw/Gammarus sp/CPH-Gammarus sp.-987-t.png,CPH-Gammarus sp.-987-t.png,.png,Gammarus sp,600,450,3
/Users/saanvimalla/Downloads/macro_project/data/raw/Gammarus sp/CPH-Gammarus sp.-1532-t.png,CPH-Gammarus sp.-1532-t.png,.png,Gammarus sp,600,338,3
/Users/saanvimalla/Downloads/macro_project/data/raw/Gammarus sp/CPH-Gammarus sp.-822-t.png,CPH-Gammarus sp.-822-t.png,.png,Gammarus sp,600,450,3
/Users/saanvimalla/Downloads/macro_project/data/raw/Gammarus sp/CPH-Gammarus sp.-867-t.png,CPH-Gammarus sp.-867-t.png,.png,Gammarus sp,600,450,3
/Users/saanvimalla/Downloads/macro_project/data/raw/Gammarus sp/CPH-Gammarus sp.-1676-t.png,CPH-Gammarus sp.-1676-t.png,.png,Gammarus sp,600,338,3
/Users/saanvimalla/Downloads/macro_project/data/raw/Gammarus sp/CPH-Gammarus sp.-1633-t.png,CPH-Gammarus sp.-1633-t.png,.png,Gammarus sp,600,338,3
/Users/saanvimalla/Downloads/macro_project/data/raw/Gammarus sp/CPH-Gammarus sp.-1166-t.png,CPH-Gammarus sp.-1166-t.png,.png,Gammarus sp,600,450,3
/Users/saanvimalla/Downloads/macro_project/data/raw/Gammarus sp/CPH-Gammarus sp.-1123-t.png,CPH-Gammarus sp.-1123-t.png,.png,Gammarus sp,600,450,3
/Users/saanvimalla/Downloads/macro_project/data/raw/Gammarus sp/CPH-Gammarus sp.-771-t.png,CPH-Gammarus sp.-771-t.png,.png,Gammarus sp,600,450,3
/Users/saanvimalla/Downloads/macro_project/data/raw/Gammarus sp/CPH-Gammarus sp.-1267-t.png,CPH-Gammarus sp.-1267-t.png,.png,Gammarus sp,600,338,3
/Users/saanvimalla/Downloads/macro_project/data/raw/Gammarus sp/CPH-Gammarus sp.-1222-t.png,CPH-Gammarus sp.-1222-t.png,.png,Gammarus sp,600,338,3
/Users/saanvimalla/Downloads/macro_project/data/raw/Gammarus sp/CPH-Gammarus sp.-1412-t.png,CPH-Gammarus sp.-1412-t.png,.png,Gammarus sp,600,338,3
/Users/saanvimalla/Downloads/macro_project/data/raw/Gammarus sp/CPH-Gammarus sp.-1457-t.png,CPH-Gammarus sp.-1457-t.png,.png,Gammarus sp,600,338,3
/Users/saanvimalla/Downloads/macro_project/data/raw/Gammarus sp/CPH-Gammarus sp.-1086-t.png,CPH-Gammarus sp.-1086-t.png,.png,Gammarus sp,600,450,3
/Users/saanvimalla/Downloads/macro_project/data/raw/Gammarus sp/CPH-Gammarus sp.-947-t.png,CPH-Gammarus sp.-947-t.png,.png,Gammarus sp,600,450,3
/Users/saanvimalla/Downloads/macro_project/data/raw/Gammarus sp/CPH-Gammarus sp.-902-t.png,CPH-Gammarus sp.-902-t.png,.png,Gammarus sp,600,450,3
/Users/saanvimalla/Downloads/macro_project/data/raw/Gammarus sp/CPH-Gammarus sp.-1713-t.png,CPH-Gammarus sp.-1713-t.png,.png,Gammarus sp,600,338,3
/Users/saanvimalla/Downloads/macro_project/data/raw/Gammarus sp/CPH-Gammarus sp.-1387-t.png,CPH-Gammarus sp.-1387-t.png,.png,Gammarus sp,600,338,3
/Users/saanvimalla/Downloads/macro_project/data/raw/Gammarus sp/CPH-Gammarus sp.-1199-t.png,CPH-Gammarus sp.-1199-t.png,.png,Gammarus sp,600,450,3
/Users/saanvimalla/Downloads/macro_project/data/raw/Gammarus sp/CPH-Gammarus sp.-1548-t.png,CPH-Gammarus sp.-1548-t.png,.png,Gammarus sp,600,338,3
/Users/saanvimalla/Downloads/macro_project/data/raw/Gammarus sp/CPH-Gammarus sp.-1265-t.png,CPH-Gammarus sp.-1265-t.png,.png,Gammarus sp,600,338,3
/Users/saanvimalla/Downloads/macro_project/data/raw/Gammarus sp/CPH-Gammarus sp.-1220-t.png,CPH-Gammarus sp.-1220-t.png,.png,Gammarus sp,600,338,3
/Users/saanvimalla/Downloads/macro_project/data/raw/Gammarus sp/CPH-Gammarus sp.-1649-t.png,CPH-Gammarus sp.-1649-t.png,.png,Gammarus sp,600,338,3
/Users/saanvimalla/Downloads/macro_project/data/raw/Gammarus sp/CPH-Gammarus sp.-1298-t.png,CPH-Gammarus sp.-1298-t.png,.png,Gammarus sp,600,338,3
/Users/saanvimalla/Downloads/macro_project/data/raw/Gammarus sp/CPH-Gammarus sp.-773-t.png,CPH-Gammarus sp.-773-t.png,.png,Gammarus sp,600,450,3
/Users/saanvimalla/Downloads/macro_project/data/raw/Gammarus sp/CPH-Gammarus sp.-858-t.png,CPH-Gammarus sp.-858-t.png,.png,Gammarus sp,600,450,3
/Users/saanvimalla/Downloads/macro_project/data/raw/Gammarus sp/CPH-Gammarus sp.-1164-t.png,CPH-Gammarus sp.-1164-t.png,.png,Gammarus sp,600,450,3
/Users/saanvimalla/Downloads/macro_project/data/raw/Gammarus sp/CPH-Gammarus sp.-1121-t.png,CPH-Gammarus sp.-1121-t.png,.png,Gammarus sp,600,450,3
/Users/saanvimalla/Downloads/macro_project/data/raw/Gammarus sp/CPH-Gammarus sp.-1711-t.png,CPH-Gammarus sp.-1711-t.png,.png,Gammarus sp,600,338,3
/Users/saanvimalla/Downloads/macro_project/data/raw/Gammarus sp/CPH-Gammarus sp.-1385-t.png,CPH-Gammarus sp.-1385-t.png,.png,Gammarus sp,600,338,3
/Users/saanvimalla/Downloads/macro_project/data/raw/Gammarus sp/CPH-Gammarus sp.-1079-t.png,CPH-Gammarus sp.-1079-t.png,.png,Gammarus sp,600,450,3
/Users/saanvimalla/Downloads/macro_project/data/raw/Gammarus sp/CPH-Gammarus sp.-945-t.png,CPH-Gammarus sp.-945-t.png,.png,Gammarus sp,600,450,3
/Users/saanvimalla/Downloads/macro_project/data/raw/Gammarus sp/CPH-Gammarus sp.-900-t.png,CPH-Gammarus sp.-900-t.png,.png,Gammarus sp,600,450,3
/Users/saanvimalla/Downloads/macro_project/data/raw/Gammarus sp/CPH-Gammarus sp.-1410-t.png,CPH-Gammarus sp.-1410-t.png,.png,Gammarus sp,600,338,3
/Users/saanvimalla/Downloads/macro_project/data/raw/Gammarus sp/CPH-Gammarus sp.-1455-t.png,CPH-Gammarus sp.-1455-t.png,.png,Gammarus sp,600,338,3
/Users/saanvimalla/Downloads/macro_project/data/raw/Gammarus sp/CPH-Gammarus sp.-1084-t.png,CPH-Gammarus sp.-1084-t.png,.png,Gammarus sp,600,450,3
/Users/saanvimalla/Downloads/macro_project/data/raw/Gammarus sp/CPH-Gammarus sp.-1378-t.png,CPH-Gammarus sp.-1378-t.png,.png,Gammarus sp,600,338,3
/Users/saanvimalla/Downloads/macro_project/data/raw/Gammarus sp/CPH-Gammarus sp.-985-t.png,CPH-Gammarus sp.-985-t.png,.png,Gammarus sp,600,450,3
/Users/saanvimalla/Downloads/macro_project/data/raw/Gammarus sp/CPH-Gammarus sp.-1468-t.png,CPH-Gammarus sp.-1468-t.png,.png,Gammarus sp,600,338,3
/Users/saanvimalla/Downloads/macro_project/data/raw/Gammarus sp/CPH-Gammarus sp.-1300-t.png,CPH-Gammarus sp.-1300-t.png,.png,Gammarus sp,600,338,3
/Users/saanvimalla/Downloads/macro_project/data/raw/Gammarus sp/CPH-Gammarus sp.-1345-t.png,CPH-Gammarus sp.-1345-t.png,.png,Gammarus sp,600,338,3
/Users/saanvimalla/Downloads/macro_project/data/raw/Gammarus sp/CPH-Gammarus sp.-1001-t.png,CPH-Gammarus sp.-1001-t.png,.png,Gammarus sp,600,450,3
/Users/saanvimalla/Downloads/macro_project/data/raw/Gammarus sp/CPH-Gammarus sp.-1495-t.png,CPH-Gammarus sp.-1495-t.png,.png,Gammarus sp,600,338,3
/Users/saanvimalla/Downloads/macro_project/data/raw/Gammarus sp/CPH-Gammarus sp.-1044-t.png,CPH-Gammarus sp.-1044-t.png,.png,Gammarus sp,600,450,3
/Users/saanvimalla/Downloads/macro_project/data/raw/Gammarus sp/CPH-Gammarus sp.-978-t.png,CPH-Gammarus sp.-978-t.png,.png,Gammarus sp,600,450,3
/Users/saanvimalla/Downloads/macro_project/data/raw/Gammarus sp/CPH-Gammarus sp.-1631-t.png,CPH-Gammarus sp.-1631-t.png,.png,Gammarus sp,600,338,3
/Users/saanvimalla/Downloads/macro_project/data/raw/Gammarus sp/CPH-Gammarus sp.-820-t.png,CPH-Gammarus sp.-820-t.png,.png,Gammarus sp,600,450,3
/Users/saanvimalla/Downloads/macro_project/data/raw/Gammarus sp/CPH-Gammarus sp.-865-t.png,CPH-Gammarus sp.-865-t.png,.png,Gammarus sp,600,450,3
/Users/saanvimalla/Downloads/macro_project/data/raw/Gammarus sp/CPH-Gammarus sp.-1159-t.png,CPH-Gammarus sp.-1159-t.png,.png,Gammarus sp,600,450,3
/Users/saanvimalla/Downloads/macro_project/data/raw/Gammarus sp/CPH-Gammarus sp.-1588-t.png,CPH-Gammarus sp.-1588-t.png,.png,Gammarus sp,600,338,3
/Users/saanvimalla/Downloads/macro_project/data/raw/Gammarus sp/CPH-Gammarus sp.-1575-t.png,CPH-Gammarus sp.-1575-t.png,.png,Gammarus sp,600,338,3
/Users/saanvimalla/Downloads/macro_project/data/raw/Gammarus sp/CPH-Gammarus sp.-1530-t.png,CPH-Gammarus sp.-1530-t.png,.png,Gammarus sp,600,338,3
/Users/saanvimalla/Downloads/macro_project/data/raw/Gammarus sp/CPH-Gammarus sp.-898-t.png,CPH-Gammarus sp.-898-t.png,.png,Gammarus sp,600,450,3
/Users/saanvimalla/Downloads/macro_project/data/raw/Gammarus sp/CPH-Gammarus sp.-1689-t.png,CPH-Gammarus sp.-1689-t.png,.png,Gammarus sp,600,338,3
/Users/saanvimalla/Downloads/macro_project/data/raw/Gammarus sp/CPH-Gammarus sp.-1258-t.png,CPH-Gammarus sp.-1258-t.png,.png,Gammarus sp,600,338,3
/Users/saanvimalla/Downloads/macro_project/data/raw/Gammarus sp/CPH-Gammarus sp.-1025-t.png,CPH-Gammarus sp.-1025-t.png,.png,Gammarus sp,600,450,3
/Users/saanvimalla/Downloads/macro_project/data/raw/Gammarus sp/CPH-Gammarus sp.-1060-t.png,CPH-Gammarus sp.-1060-t.png,.png,Gammarus sp,600,450,3
/Users/saanvimalla/Downloads/macro_project/data/raw/Gammarus sp/CPH-Gammarus sp.-919-t.png,CPH-Gammarus sp.-919-t.png,.png,Gammarus sp,600,450,3
/Users/saanvimalla/Downloads/macro_project/data/raw/Gammarus sp/CPH-Gammarus sp.-1324-t.png,CPH-Gammarus sp.-1324-t.png,.png,Gammarus sp,600,338,3
/Users/saanvimalla/Downloads/macro_project/data/raw/Gammarus sp/CPH-Gammarus sp.-1361-t.png,CPH-Gammarus sp.-1361-t.png,.png,Gammarus sp,600,338,3
/Users/saanvimalla/Downloads/macro_project/data/raw/Gammarus sp/CPH-Gammarus sp.-1409-t.png,CPH-Gammarus sp.-1409-t.png,.png,Gammarus sp,600,338,3
/Users/saanvimalla/Downloads/macro_project/data/raw/Gammarus sp/CPH-Gammarus sp.-797-t.png,CPH-Gammarus sp.-797-t.png,.png,Gammarus sp,600,450,3
/Users/saanvimalla/Downloads/macro_project/data/raw/Gammarus sp/CPH-Gammarus sp.-1239-t.png,CPH-Gammarus sp.-1239-t.png,.png,Gammarus sp,600,338,3
/Users/saanvimalla/Downloads/macro_project/data/raw/Gammarus sp/CPH-Gammarus sp.-1551-t.png,CPH-Gammarus sp.-1551-t.png,.png,Gammarus sp,600,338,3
/Users/saanvimalla/Downloads/macro_project/data/raw/Gammarus sp/CPH-Gammarus sp.-1180-t.png,CPH-Gammarus sp.-1180-t.png,.png,Gammarus sp,600,450,3
/Users/saanvimalla/Downloads/macro_project/data/raw/Gammarus sp/CPH-Gammarus sp.-1514-t.png,CPH-Gammarus sp.-1514-t.png,.png,Gammarus sp,600,338,3
/Users/saanvimalla/Downloads/macro_project/data/raw/Gammarus sp/CPH-Gammarus sp.-804-t.png,CPH-Gammarus sp.-804-t.png,.png,Gammarus sp,600,450,3
/Users/saanvimalla/Downloads/macro_project/data/raw/Gammarus sp/CPH-Gammarus sp.-841-t.png,CPH-Gammarus sp.-841-t.png,.png,Gammarus sp,600,450,3
/Users/saanvimalla/Downloads/macro_project/data/raw/Gammarus sp/CPH-Gammarus sp.-1138-t.png,CPH-Gammarus sp.-1138-t.png,.png,Gammarus sp,600,450,3
/Users/saanvimalla/Downloads/macro_project/data/raw/Gammarus sp/CPH-Gammarus sp.-1281-t.png,CPH-Gammarus sp.-1281-t.png,.png,Gammarus sp,600,338,3
/Users/saanvimalla/Downloads/macro_project/data/raw/Gammarus sp/CPH-Gammarus sp.-1650-t.png,CPH-Gammarus sp.-1650-t.png,.png,Gammarus sp,600,338,3
/Users/saanvimalla/Downloads/macro_project/data/raw/Gammarus sp/CPH-Gammarus sp.-1615-t.png,CPH-Gammarus sp.-1615-t.png,.png,Gammarus sp,600,338,3
/Users/saanvimalla/Downloads/macro_project/data/raw/Gammarus sp/CPH-Gammarus sp.-839-t.png,CPH-Gammarus sp.-839-t.png,.png,Gammarus sp,600,450,3
/Users/saanvimalla/Downloads/macro_project/data/raw/Gammarus sp/CPH-Gammarus sp.-1591-t.png,CPH-Gammarus sp.-1591-t.png,.png,Gammarus sp,600,338,3
/Users/saanvimalla/Downloads/macro_project/data/raw/Gammarus sp/CPH-Gammarus sp.-1140-t.png,CPH-Gammarus sp.-1140-t.png,.png,Gammarus sp,600,450,3
/Users/saanvimalla/Downloads/macro_project/data/raw/Gammarus sp/CPH-Gammarus sp.-1105-t.png,CPH-Gammarus sp.-1105-t.png,.png,Gammarus sp,600,450,3
/Users/saanvimalla/Downloads/macro_project/data/raw/Gammarus sp/CPH-Gammarus sp.-1628-t.png,CPH-Gammarus sp.-1628-t.png,.png,Gammarus sp,600,338,3
/Users/saanvimalla/Downloads/macro_project/data/raw/Gammarus sp/CPH-Gammarus sp.-757-t.png,CPH-Gammarus sp.-757-t.png,.png,Gammarus sp,600,450,3
/Users/saanvimalla/Downloads/macro_project/data/raw/Gammarus sp/CPH-Gammarus sp.-1241-t.png,CPH-Gammarus sp.-1241-t.png,.png,Gammarus sp,600,338,3
/Users/saanvimalla/Downloads/macro_project/data/raw/Gammarus sp/CPH-Gammarus sp.-1690-t.png,CPH-Gammarus sp.-1690-t.png,.png,Gammarus sp,600,338,3
/Users/saanvimalla/Downloads/macro_project/data/raw/Gammarus sp/CPH-Gammarus sp.-1204-t.png,CPH-Gammarus sp.-1204-t.png,.png,Gammarus sp,600,338,3
/Users/saanvimalla/Downloads/macro_project/data/raw/Gammarus sp/CPH-Gammarus sp.-1529-t.png,CPH-Gammarus sp.-1529-t.png,.png,Gammarus sp,600,338,3
/Users/saanvimalla/Downloads/macro_project/data/raw/Gammarus sp/CPH-Gammarus sp.-881-t.png,CPH-Gammarus sp.-881-t.png,.png,Gammarus sp,600,450,3
/Users/saanvimalla/Downloads/macro_project/data/raw/Gammarus sp/CPH-Gammarus sp.-1319-t.png,CPH-Gammarus sp.-1319-t.png,.png,Gammarus sp,600,338,3
/Users/saanvimalla/Downloads/macro_project/data/raw/Gammarus sp/CPH-Gammarus sp.-1434-t.png,CPH-Gammarus sp.-1434-t.png,.png,Gammarus sp,600,338,3
/Users/saanvimalla/Downloads/macro_project/data/raw/Gammarus sp/CPH-Gammarus sp.-1471-t.png,CPH-Gammarus sp.-1471-t.png,.png,Gammarus sp,600,338,3
/Users/saanvimalla/Downloads/macro_project/data/raw/Gammarus sp/CPH-Gammarus sp.-1018-t.png,CPH-Gammarus sp.-1018-t.png,.png,Gammarus sp,600,450,3
/Users/saanvimalla/Downloads/macro_project/data/raw/Gammarus sp/CPH-Gammarus sp.-961-t.png,CPH-Gammarus sp.-961-t.png,.png,Gammarus sp,600,450,3
/Users/saanvimalla/Downloads/macro_project/data/raw/Gammarus sp/CPH-Gammarus sp.-924-t.png,CPH-Gammarus sp.-924-t.png,.png,Gammarus sp,600,450,3
/Users/saanvimalla/Downloads/macro_project/data/raw/Gammarus sp/CPH-Gammarus sp.-800-t.png,CPH-Gammarus sp.-800-t.png,.png,Gammarus sp,600,450,3
/Users/saanvimalla/Downloads/macro_project/data/raw/Gammarus sp/CPH-Gammarus sp.-845-t.png,CPH-Gammarus sp.-845-t.png,.png,Gammarus sp,600,450,3
/Users/saanvimalla/Downloads/macro_project/data/raw/Gammarus sp/CPH-Gammarus sp.-1179-t.png,CPH-Gammarus sp.-1179-t.png,.png,Gammarus sp,600,450,3
/Users/saanvimalla/Downloads/macro_project/data/raw/Gammarus sp/CPH-Gammarus sp.-1285-t.png,CPH-Gammarus sp.-1285-t.png,.png,Gammarus sp,600,338,3
/Users/saanvimalla/Downloads/macro_project/data/raw/Gammarus sp/CPH-Gammarus sp.-1654-t.png,CPH-Gammarus sp.-1654-t.png,.png,Gammarus sp,600,338,3
/Users/saanvimalla/Downloads/macro_project/data/raw/Gammarus sp/CPH-Gammarus sp.-1611-t.png,CPH-Gammarus sp.-1611-t.png,.png,Gammarus sp,600,338,3
/Users/saanvimalla/Downloads/macro_project/data/raw/Gammarus sp/CPH-Gammarus sp.-793-t.png,CPH-Gammarus sp.-793-t.png,.png,Gammarus sp,600,450,3
/Users/saanvimalla/Downloads/macro_project/data/raw/Gammarus sp/CPH-Gammarus sp.-1278-t.png,CPH-Gammarus sp.-1278-t.png,.png,Gammarus sp,600,338,3
/Users/saanvimalla/Downloads/macro_project/data/raw/Gammarus sp/CPH-Gammarus sp.-1555-t.png,CPH-Gammarus sp.-1555-t.png,.png,Gammarus sp,600,338,3
/Users/saanvimalla/Downloads/macro_project/data/raw/Gammarus sp/CPH-Gammarus sp.-1184-t.png,CPH-Gammarus sp.-1184-t.png,.png,Gammarus sp,600,450,3
/Users/saanvimalla/Downloads/macro_project/data/raw/Gammarus sp/CPH-Gammarus sp.-1510-t.png,CPH-Gammarus sp.-1510-t.png,.png,Gammarus sp,600,338,3
/Users/saanvimalla/Downloads/macro_project/data/raw/Gammarus sp/CPH-Gammarus sp.-1320-t.png,CPH-Gammarus sp.-1320-t.png,.png,Gammarus sp,600,338,3
/Users/saanvimalla/Downloads/macro_project/data/raw/Gammarus sp/CPH-Gammarus sp.-1365-t.png,CPH-Gammarus sp.-1365-t.png,.png,Gammarus sp,600,338,3
/Users/saanvimalla/Downloads/macro_project/data/raw/Gammarus sp/CPH-Gammarus sp.-1099-t.png,CPH-Gammarus sp.-1099-t.png,.png,Gammarus sp,600,450,3
/Users/saanvimalla/Downloads/macro_project/data/raw/Gammarus sp/CPH-Gammarus sp.-1448-t.png,CPH-Gammarus sp.-1448-t.png,.png,Gammarus sp,600,338,3
/Users/saanvimalla/Downloads/macro_project/data/raw/Gammarus sp/CPH-Gammarus sp.-1021-t.png,CPH-Gammarus sp.-1021-t.png,.png,Gammarus sp,600,450,3
/Users/saanvimalla/Downloads/macro_project/data/raw/Gammarus sp/CPH-Gammarus sp.-1064-t.png,CPH-Gammarus sp.-1064-t.png,.png,Gammarus sp,600,450,3
/Users/saanvimalla/Downloads/macro_project/data/raw/Gammarus sp/CPH-Gammarus sp.-958-t.png,CPH-Gammarus sp.-958-t.png,.png,Gammarus sp,600,450,3
/Users/saanvimalla/Downloads/macro_project/data/raw/Gammarus sp/CPH-Gammarus sp.-1398-t.png,CPH-Gammarus sp.-1398-t.png,.png,Gammarus sp,600,338,3
/Users/saanvimalla/Downloads/macro_project/data/raw/Gammarus sp/CPH-Gammarus sp.-1059-t.png,CPH-Gammarus sp.-1059-t.png,.png,Gammarus sp,600,450,3
/Users/saanvimalla/Downloads/macro_project/data/raw/Gammarus sp/CPH-Gammarus sp.-1488-t.png,CPH-Gammarus sp.-1488-t.png,.png,Gammarus sp,600,338,3
/Users/saanvimalla/Downloads/macro_project/data/raw/Gammarus sp/CPH-Gammarus sp.-965-t.png,CPH-Gammarus sp.-965-t.png,.png,Gammarus sp,600,450,3
/Users/saanvimalla/Downloads/macro_project/data/raw/Gammarus sp/CPH-Gammarus sp.-920-t.png,CPH-Gammarus sp.-920-t.png,.png,Gammarus sp,600,450,3
/Users/saanvimalla/Downloads/macro_project/data/raw/Gammarus sp/CPH-Gammarus sp.-1696-v.png,CPH-Gammarus sp.-1696-v.png,.png,Gammarus sp,600,338,3
/Users/saanvimalla/Downloads/macro_project/data/raw/Gammarus sp/CPH-Gammarus sp.-1358-t.png,CPH-Gammarus sp.-1358-t.png,.png,Gammarus sp,600,338,3
/Users/saanvimalla/Downloads/macro_project/data/raw/Gammarus sp/CPH-Gammarus sp.-998-t.png,CPH-Gammarus sp.-998-t.png,.png,Gammarus sp,600,450,3
/Users/saanvimalla/Downloads/macro_project/data/raw/Gammarus sp/CPH-Gammarus sp.-1430-t.png,CPH-Gammarus sp.-1430-t.png,.png,Gammarus sp,600,338,3
/Users/saanvimalla/Downloads/macro_project/data/raw/Gammarus sp/CPH-Gammarus sp.-1475-t.png,CPH-Gammarus sp.-1475-t.png,.png,Gammarus sp,600,338,3
/Users/saanvimalla/Downloads/macro_project/data/raw/Gammarus sp/CPH-Gammarus sp.-1245-t.png,CPH-Gammarus sp.-1245-t.png,.png,Gammarus sp,600,338,3
/Users/saanvimalla/Downloads/macro_project/data/raw/Gammarus sp/CPH-Gammarus sp.-1694-t.png,CPH-Gammarus sp.-1694-t.png,.png,Gammarus sp,600,338,3
/Users/saanvimalla/Downloads/macro_project/data/raw/Gammarus sp/CPH-Gammarus sp.-1200-t.png,CPH-Gammarus sp.-1200-t.png,.png,Gammarus sp,600,450,3
/Users/saanvimalla/Downloads/macro_project/data/raw/Gammarus sp/CPH-Gammarus sp.-1568-t.png,CPH-Gammarus sp.-1568-t.png,.png,Gammarus sp,600,338,3
/Users/saanvimalla/Downloads/macro_project/data/raw/Gammarus sp/CPH-Gammarus sp.-885-t.png,CPH-Gammarus sp.-885-t.png,.png,Gammarus sp,600,450,3
/Users/saanvimalla/Downloads/macro_project/data/raw/Gammarus sp/CPH-Gammarus sp.-878-t.png,CPH-Gammarus sp.-878-t.png,.png,Gammarus sp,600,450,3
/Users/saanvimalla/Downloads/macro_project/data/raw/Gammarus sp/CPH-Gammarus sp.-1144-t.png,CPH-Gammarus sp.-1144-t.png,.png,Gammarus sp,600,450,3
/Users/saanvimalla/Downloads/macro_project/data/raw/Gammarus sp/CPH-Gammarus sp.-1101-t.png,CPH-Gammarus sp.-1101-t.png,.png,Gammarus sp,600,450,3
/Users/saanvimalla/Downloads/macro_project/data/raw/Gammarus sp/CPH-Gammarus sp.-1669-t.png,CPH-Gammarus sp.-1669-t.png,.png,Gammarus sp,600,338,3
/Users/saanvimalla/Downloads/macro_project/data/raw/Gammarus sp/CPH-Gammarus sp.-753-t.png,CPH-Gammarus sp.-753-t.png,.png,Gammarus sp,600,450,3
/Users/saanvimalla/Downloads/macro_project/data/raw/Gammarus sp/CPH-Gammarus sp.-1414-t.png,CPH-Gammarus sp.-1414-t.png,.png,Gammarus sp,600,338,3
/Users/saanvimalla/Downloads/macro_project/data/raw/Gammarus sp/CPH-Gammarus sp.-1451-t.png,CPH-Gammarus sp.-1451-t.png,.png,Gammarus sp,600,338,3
/Users/saanvimalla/Downloads/macro_project/data/raw/Gammarus sp/CPH-Gammarus sp.-1080-t.png,CPH-Gammarus sp.-1080-t.png,.png,Gammarus sp,600,450,3
/Users/saanvimalla/Downloads/macro_project/data/raw/Gammarus sp/CPH-Gammarus sp.-1339-t.png,CPH-Gammarus sp.-1339-t.png,.png,Gammarus sp,600,338,3
/Users/saanvimalla/Downloads/macro_project/data/raw/Gammarus sp/CPH-Gammarus sp.-1715-t.png,CPH-Gammarus sp.-1715-t.png,.png,Gammarus sp,600,338,3
/Users/saanvimalla/Downloads/macro_project/data/raw/Gammarus sp/CPH-Gammarus sp.-1381-t.png,CPH-Gammarus sp.-1381-t.png,.png,Gammarus sp,600,338,3
/Users/saanvimalla/Downloads/macro_project/data/raw/Gammarus sp/CPH-Gammarus sp.-1038-t.png,CPH-Gammarus sp.-1038-t.png,.png,Gammarus sp,600,450,3
/Users/saanvimalla/Downloads/macro_project/data/raw/Gammarus sp/CPH-Gammarus sp.-941-t.png,CPH-Gammarus sp.-941-t.png,.png,Gammarus sp,600,450,3
/Users/saanvimalla/Downloads/macro_project/data/raw/Gammarus sp/CPH-Gammarus sp.-1226-v.png,CPH-Gammarus sp.-1226-v.png,.png,Gammarus sp,600,450,3
/Users/saanvimalla/Downloads/macro_project/data/raw/Gammarus sp/CPH-Gammarus sp.-904-t.png,CPH-Gammarus sp.-904-t.png,.png,Gammarus sp,600,450,3
/Users/saanvimalla/Downloads/macro_project/data/raw/Gammarus sp/CPH-Gammarus sp.-1608-t.png,CPH-Gammarus sp.-1608-t.png,.png,Gammarus sp,600,338,3
/Users/saanvimalla/Downloads/macro_project/data/raw/Gammarus sp/CPH-Gammarus sp.-777-t.png,CPH-Gammarus sp.-777-t.png,.png,Gammarus sp,600,450,3
/Users/saanvimalla/Downloads/macro_project/data/raw/Gammarus sp/CPH-Gammarus sp.-819-t.png,CPH-Gammarus sp.-819-t.png,.png,Gammarus sp,600,450,3
/Users/saanvimalla/Downloads/macro_project/data/raw/Gammarus sp/CPH-Gammarus sp.-1160-t.png,CPH-Gammarus sp.-1160-t.png,.png,Gammarus sp,600,450,3
/Users/saanvimalla/Downloads/macro_project/data/raw/Gammarus sp/CPH-Gammarus sp.-1125-t.png,CPH-Gammarus sp.-1125-t.png,.png,Gammarus sp,600,450,3
/Users/saanvimalla/Downloads/macro_project/data/raw/Gammarus sp/CPH-Gammarus sp.-1509-t.png,CPH-Gammarus sp.-1509-t.png,.png,Gammarus sp,600,338,3
/Users/saanvimalla/Downloads/macro_project/data/raw/Gammarus sp/CPH-Gammarus sp.-1261-t.png,CPH-Gammarus sp.-1261-t.png,.png,Gammarus sp,600,338,3
/Users/saanvimalla/Downloads/macro_project/data/raw/Gammarus sp/CPH-Gammarus sp.-1224-t.png,CPH-Gammarus sp.-1224-t.png,.png,Gammarus sp,600,338,3
/Users/saanvimalla/Downloads/macro_project/data/raw/Gammarus sp/CPH-Gammarus sp.-1571-t.png,CPH-Gammarus sp.-1571-t.png,.png,Gammarus sp,600,338,3
/Users/saanvimalla/Downloads/macro_project/data/raw/Gammarus sp/CPH-Gammarus sp.-1534-t.png,CPH-Gammarus sp.-1534-t.png,.png,Gammarus sp,600,338,3
/Users/saanvimalla/Downloads/macro_project/data/raw/Gammarus sp/CPH-Gammarus sp.-1219-t.png,CPH-Gammarus sp.-1219-t.png,.png,Gammarus sp,600,338,3
/Users/saanvimalla/Downloads/macro_project/data/raw/Gammarus sp/CPH-Gammarus sp.-1670-t.png,CPH-Gammarus sp.-1670-t.png,.png,Gammarus sp,600,338,3
/Users/saanvimalla/Downloads/macro_project/data/raw/Gammarus sp/CPH-Gammarus sp.-1635-t.png,CPH-Gammarus sp.-1635-t.png,.png,Gammarus sp,600,338,3
/Users/saanvimalla/Downloads/macro_project/data/raw/Gammarus sp/CPH-Gammarus sp.-824-t.png,CPH-Gammarus sp.-824-t.png,.png,Gammarus sp,600,450,3
/Users/saanvimalla/Downloads/macro_project/data/raw/Gammarus sp/CPH-Gammarus sp.-861-t.png,CPH-Gammarus sp.-861-t.png,.png,Gammarus sp,600,450,3
/Users/saanvimalla/Downloads/macro_project/data/raw/Gammarus sp/CPH-Gammarus sp.-1728-t.png,CPH-Gammarus sp.-1728-t.png,.png,Gammarus sp,600,338,3
/Users/saanvimalla/Downloads/macro_project/data/raw/Gammarus sp/CPH-Gammarus sp.-1005-t.png,CPH-Gammarus sp.-1005-t.png,.png,Gammarus sp,600,450,3
/Users/saanvimalla/Downloads/macro_project/data/raw/Gammarus sp/CPH-Gammarus sp.-1491-t.png,CPH-Gammarus sp.-1491-t.png,.png,Gammarus sp,600,338,3
/Users/saanvimalla/Downloads/macro_project/data/raw/Gammarus sp/CPH-Gammarus sp.-1040-t.png,CPH-Gammarus sp.-1040-t.png,.png,Gammarus sp,600,450,3
/Users/saanvimalla/Downloads/macro_project/data/raw/Gammarus sp/CPH-Gammarus sp.-939-t.png,CPH-Gammarus sp.-939-t.png,.png,Gammarus sp,600,450,3
/Users/saanvimalla/Downloads/macro_project/data/raw/Gammarus sp/CPH-Gammarus sp.-981-t.png,CPH-Gammarus sp.-981-t.png,.png,Gammarus sp,600,450,3
/Users/saanvimalla/Downloads/macro_project/data/raw/Gammarus sp/CPH-Gammarus sp.-1429-t.png,CPH-Gammarus sp.-1429-t.png,.png,Gammarus sp,600,338,3
/Users/saanvimalla/Downloads/macro_project/data/raw/Gammarus sp/CPH-Gammarus sp.-1304-t.png,CPH-Gammarus sp.-1304-t.png,.png,Gammarus sp,600,338,3
/Users/saanvimalla/Downloads/macro_project/data/raw/Gammarus sp/CPH-Gammarus sp.-1341-t.png,CPH-Gammarus sp.-1341-t.png,.png,Gammarus sp,600,338,3
/Users/saanvimalla/Downloads/macro_project/data/raw/Gammarus sp/CPH-Gammarus sp.-826-t.png,CPH-Gammarus sp.-826-t.png,.png,Gammarus sp,600,450,3
/Users/saanvimalla/Downloads/macro_project/data/raw/Gammarus sp/CPH-Gammarus sp.-863-t.png,CPH-Gammarus sp.-863-t.png,.png,Gammarus sp,600,450,3
/Users/saanvimalla/Downloads/macro_project/data/raw/Gammarus sp/CPH-Gammarus sp.-1672-t.png,CPH-Gammarus sp.-1672-t.png,.png,Gammarus sp,600,338,3
/Users/saanvimalla/Downloads/macro_project/data/raw/Gammarus sp/CPH-Gammarus sp.-1637-t.png,CPH-Gammarus sp.-1637-t.png,.png,Gammarus sp,600,338,3
/Users/saanvimalla/Downloads/macro_project/data/raw/Gammarus sp/CPH-Gammarus sp.-748-t.png,CPH-Gammarus sp.-748-t.png,.png,Gammarus sp,600,450,3
/Users/saanvimalla/Downloads/macro_project/data/raw/Gammarus sp/CPH-Gammarus sp.-1573-t.png,CPH-Gammarus sp.-1573-t.png,.png,Gammarus sp,600,338,3
/Users/saanvimalla/Downloads/macro_project/data/raw/Gammarus sp/CPH-Gammarus sp.-1536-t.png,CPH-Gammarus sp.-1536-t.png,.png,Gammarus sp,600,338,3
/Users/saanvimalla/Downloads/macro_project/data/raw/Gammarus sp/CPH-Gammarus sp.-1306-t.png,CPH-Gammarus sp.-1306-t.png,.png,Gammarus sp,600,338,3
/Users/saanvimalla/Downloads/macro_project/data/raw/Gammarus sp/CPH-Gammarus sp.-1343-t.png,CPH-Gammarus sp.-1343-t.png,.png,Gammarus sp,600,338,3
/Users/saanvimalla/Downloads/macro_project/data/raw/Gammarus sp/CPH-Gammarus sp.-983-t.png,CPH-Gammarus sp.-983-t.png,.png,Gammarus sp,600,450,3
/Users/saanvimalla/Downloads/macro_project/data/raw/Gammarus sp/CPH-Gammarus sp.-1007-t.png,CPH-Gammarus sp.-1007-t.png,.png,Gammarus sp,600,450,3
/Users/saanvimalla/Downloads/macro_project/data/raw/Gammarus sp/CPH-Gammarus sp.-1493-t.png,CPH-Gammarus sp.-1493-t.png,.png,Gammarus sp,600,338,3
/Users/saanvimalla/Downloads/macro_project/data/raw/Gammarus sp/CPH-Gammarus sp.-1042-t.png,CPH-Gammarus sp.-1042-t.png,.png,Gammarus sp,600,450,3
/Users/saanvimalla/Downloads/macro_project/data/raw/Gammarus sp/CPH-Gammarus sp.-943-t.png,CPH-Gammarus sp.-943-t.png,.png,Gammarus sp,600,450,3
/Users/saanvimalla/Downloads/macro_project/data/raw/Gammarus sp/CPH-Gammarus sp.-906-t.png,CPH-Gammarus sp.-906-t.png,.png,Gammarus sp,600,450,3
/Users/saanvimalla/Downloads/macro_project/data/raw/Gammarus sp/CPH-Gammarus sp.-1717-t.png,CPH-Gammarus sp.-1717-t.png,.png,Gammarus sp,600,338,3
/Users/saanvimalla/Downloads/macro_project/data/raw/Gammarus sp/CPH-Gammarus sp.-1383-t.png,CPH-Gammarus sp.-1383-t.png,.png,Gammarus sp,600,338,3
/Users/saanvimalla/Downloads/macro_project/data/raw/Gammarus sp/CPH-Gammarus sp.-1416-t.png,CPH-Gammarus sp.-1416-t.png,.png,Gammarus sp,600,338,3
/Users/saanvimalla/Downloads/macro_project/data/raw/Gammarus sp/CPH-Gammarus sp.-1453-t.png,CPH-Gammarus sp.-1453-t.png,.png,Gammarus sp,600,338,3
/Users/saanvimalla/Downloads/macro_project/data/raw/Gammarus sp/CPH-Gammarus sp.-1082-t.png,CPH-Gammarus sp.-1082-t.png,.png,Gammarus sp,600,450,3
/Users/saanvimalla/Downloads/macro_project/data/raw/Gammarus sp/CPH-Gammarus sp.-788-t.png,CPH-Gammarus sp.-788-t.png,.png,Gammarus sp,600,450,3
/Users/saanvimalla/Downloads/macro_project/data/raw/Gammarus sp/CPH-Gammarus sp.-1263-t.png,CPH-Gammarus sp.-1263-t.png,.png,Gammarus sp,600,338,3
/Users/saanvimalla/Downloads/macro_project/data/raw/Gammarus sp/CPH-Gammarus sp.-1226-t.png,CPH-Gammarus sp.-1226-t.png,.png,Gammarus sp,600,338,3
/Users/saanvimalla/Downloads/macro_project/data/raw/Gammarus sp/CPH-Gammarus sp.-1162-t.png,CPH-Gammarus sp.-1162-t.png,.png,Gammarus sp,600,450,3
/Users/saanvimalla/Downloads/macro_project/data/raw/Gammarus sp/CPH-Gammarus sp.-1127-t.png,CPH-Gammarus sp.-1127-t.png,.png,Gammarus sp,600,450,3
/Users/saanvimalla/Downloads/macro_project/data/raw/Gammarus sp/CPH-Gammarus sp.-775-t.png,CPH-Gammarus sp.-775-t.png,.png,Gammarus sp,600,450,3
/Users/saanvimalla/Downloads/macro_project/data/raw/Gammarus sp/CPH-Gammarus sp.-1432-t.png,CPH-Gammarus sp.-1432-t.png,.png,Gammarus sp,600,338,3
/Users/saanvimalla/Downloads/macro_project/data/raw/Gammarus sp/CPH-Gammarus sp.-1477-t.png,CPH-Gammarus sp.-1477-t.png,.png,Gammarus sp,600,338,3
/Users/saanvimalla/Downloads/macro_project/data/raw/Gammarus sp/CPH-Gammarus sp.-967-t.png,CPH-Gammarus sp.-967-t.png,.png,Gammarus sp,600,450,3
/Users/saanvimalla/Downloads/macro_project/data/raw/Gammarus sp/CPH-Gammarus sp.-922-t.png,CPH-Gammarus sp.-922-t.png,.png,Gammarus sp,600,450,3
/Users/saanvimalla/Downloads/macro_project/data/raw/Gammarus sp/CPH-Gammarus sp.-751-t.png,CPH-Gammarus sp.-751-t.png,.png,Gammarus sp,600,450,3
/Users/saanvimalla/Downloads/macro_project/data/raw/Gammarus sp/CPH-Gammarus sp.-1597-t.png,CPH-Gammarus sp.-1597-t.png,.png,Gammarus sp,600,338,3
/Users/saanvimalla/Downloads/macro_project/data/raw/Gammarus sp/CPH-Gammarus sp.-1146-t.png,CPH-Gammarus sp.-1146-t.png,.png,Gammarus sp,600,450,3
/Users/saanvimalla/Downloads/macro_project/data/raw/Gammarus sp/CPH-Gammarus sp.-1103-t.png,CPH-Gammarus sp.-1103-t.png,.png,Gammarus sp,600,450,3
/Users/saanvimalla/Downloads/macro_project/data/raw/Gammarus sp/CPH-Gammarus sp.-887-t.png,CPH-Gammarus sp.-887-t.png,.png,Gammarus sp,600,450,3
/Users/saanvimalla/Downloads/macro_project/data/raw/Gammarus sp/CPH-Gammarus sp.-1247-t.png,CPH-Gammarus sp.-1247-t.png,.png,Gammarus sp,600,338,3
/Users/saanvimalla/Downloads/macro_project/data/raw/Gammarus sp/CPH-Gammarus sp.-1696-t.png,CPH-Gammarus sp.-1696-t.png,.png,Gammarus sp,600,338,3
/Users/saanvimalla/Downloads/macro_project/data/raw/Gammarus sp/CPH-Gammarus sp.-1202-t.png,CPH-Gammarus sp.-1202-t.png,.png,Gammarus sp,600,338,3
/Users/saanvimalla/Downloads/macro_project/data/raw/Gammarus sp/CPH-Gammarus sp.-1557-t.png,CPH-Gammarus sp.-1557-t.png,.png,Gammarus sp,600,338,3
/Users/saanvimalla/Downloads/macro_project/data/raw/Gammarus sp/CPH-Gammarus sp.-1186-t.png,CPH-Gammarus sp.-1186-t.png,.png,Gammarus sp,600,450,3
/Users/saanvimalla/Downloads/macro_project/data/raw/Gammarus sp/CPH-Gammarus sp.-1512-t.png,CPH-Gammarus sp.-1512-t.png,.png,Gammarus sp,600,338,3
/Users/saanvimalla/Downloads/macro_project/data/raw/Gammarus sp/CPH-Gammarus sp.-791-t.png,CPH-Gammarus sp.-791-t.png,.png,Gammarus sp,600,450,3
/Users/saanvimalla/Downloads/macro_project/data/raw/Gammarus sp/CPH-Gammarus sp.-1827-v.png,CPH-Gammarus sp.-1827-v.png,.png,Gammarus sp,600,338,3
/Users/saanvimalla/Downloads/macro_project/data/raw/Gammarus sp/CPH-Gammarus sp.-1287-t.png,CPH-Gammarus sp.-1287-t.png,.png,Gammarus sp,600,338,3
/Users/saanvimalla/Downloads/macro_project/data/raw/Gammarus sp/CPH-Gammarus sp.-1656-t.png,CPH-Gammarus sp.-1656-t.png,.png,Gammarus sp,600,338,3
/Users/saanvimalla/Downloads/macro_project/data/raw/Gammarus sp/CPH-Gammarus sp.-1613-t.png,CPH-Gammarus sp.-1613-t.png,.png,Gammarus sp,600,338,3
/Users/saanvimalla/Downloads/macro_project/data/raw/Gammarus sp/CPH-Gammarus sp.-802-t.png,CPH-Gammarus sp.-802-t.png,.png,Gammarus sp,600,450,3
/Users/saanvimalla/Downloads/macro_project/data/raw/Gammarus sp/CPH-Gammarus sp.-847-t.png,CPH-Gammarus sp.-847-t.png,.png,Gammarus sp,600,450,3
/Users/saanvimalla/Downloads/macro_project/data/raw/Gammarus sp/CPH-Gammarus sp.-1023-t.png,CPH-Gammarus sp.-1023-t.png,.png,Gammarus sp,600,450,3
/Users/saanvimalla/Downloads/macro_project/data/raw/Gammarus sp/CPH-Gammarus sp.-1066-t.png,CPH-Gammarus sp.-1066-t.png,.png,Gammarus sp,600,450,3
/Users/saanvimalla/Downloads/macro_project/data/raw/Gammarus sp/CPH-Gammarus sp.-1322-t.png,CPH-Gammarus sp.-1322-t.png,.png,Gammarus sp,600,338,3
/Users/saanvimalla/Downloads/macro_project/data/raw/Gammarus sp/CPH-Gammarus sp.-1367-t.png,CPH-Gammarus sp.-1367-t.png,.png,Gammarus sp,600,338,3
/Users/saanvimalla/Downloads/macro_project/data/raw/Gammarus sp/CPH-Gammarus sp.-1233-t.png,CPH-Gammarus sp.-1233-t.png,.png,Gammarus sp,600,338,3
/Users/saanvimalla/Downloads/macro_project/data/raw/Gammarus sp/CPH-Gammarus sp.-1276-t.png,CPH-Gammarus sp.-1276-t.png,.png,Gammarus sp,600,338,3
/Users/saanvimalla/Downloads/macro_project/data/raw/Gammarus sp/CPH-Gammarus sp.-1132-t.png,CPH-Gammarus sp.-1132-t.png,.png,Gammarus sp,600,450,3
/Users/saanvimalla/Downloads/macro_project/data/raw/Gammarus sp/CPH-Gammarus sp.-1177-t.png,CPH-Gammarus sp.-1177-t.png,.png,Gammarus sp,600,450,3
/Users/saanvimalla/Downloads/macro_project/data/raw/Gammarus sp/CPH-Gammarus sp.-760-t.png,CPH-Gammarus sp.-760-t.png,.png,Gammarus sp,600,450,3
/Users/saanvimalla/Downloads/macro_project/data/raw/Gammarus sp/CPH-Gammarus sp.-913-t.png,CPH-Gammarus sp.-913-t.png,.png,Gammarus sp,600,450,3
/Users/saanvimalla/Downloads/macro_project/data/raw/Gammarus sp/CPH-Gammarus sp.-956-t.png,CPH-Gammarus sp.-956-t.png,.png,Gammarus sp,600,450,3
/Users/saanvimalla/Downloads/macro_project/data/raw/Gammarus sp/CPH-Gammarus sp.-1396-t.png,CPH-Gammarus sp.-1396-t.png,.png,Gammarus sp,600,338,3
/Users/saanvimalla/Downloads/macro_project/data/raw/Gammarus sp/CPH-Gammarus sp.-1702-t.png,CPH-Gammarus sp.-1702-t.png,.png,Gammarus sp,600,338,3
/Users/saanvimalla/Downloads/macro_project/data/raw/Gammarus sp/CPH-Gammarus sp.-1446-t.png,CPH-Gammarus sp.-1446-t.png,.png,Gammarus sp,600,338,3
/Users/saanvimalla/Downloads/macro_project/data/raw/Gammarus sp/CPH-Gammarus sp.-1097-t.png,CPH-Gammarus sp.-1097-t.png,.png,Gammarus sp,600,450,3
/Users/saanvimalla/Downloads/macro_project/data/raw/Gammarus sp/CPH-Gammarus sp.-1403-t.png,CPH-Gammarus sp.-1403-t.png,.png,Gammarus sp,600,338,3
/Users/saanvimalla/Downloads/macro_project/data/raw/Gammarus sp/CPH-Gammarus sp.-1356-t.png,CPH-Gammarus sp.-1356-t.png,.png,Gammarus sp,600,338,3
/Users/saanvimalla/Downloads/macro_project/data/raw/Gammarus sp/CPH-Gammarus sp.-1313-t.png,CPH-Gammarus sp.-1313-t.png,.png,Gammarus sp,600,338,3
/Users/saanvimalla/Downloads/macro_project/data/raw/Gammarus sp/CPH-Gammarus sp.-996-t.png,CPH-Gammarus sp.-996-t.png,.png,Gammarus sp,600,450,3
/Users/saanvimalla/Downloads/macro_project/data/raw/Gammarus sp/CPH-Gammarus sp.-1486-t.png,CPH-Gammarus sp.-1486-t.png,.png,Gammarus sp,600,338,3
/Users/saanvimalla/Downloads/macro_project/data/raw/Gammarus sp/CPH-Gammarus sp.-1057-t.png,CPH-Gammarus sp.-1057-t.png,.png,Gammarus sp,600,450,3
/Users/saanvimalla/Downloads/macro_project/data/raw/Gammarus sp/CPH-Gammarus sp.-1012-t.png,CPH-Gammarus sp.-1012-t.png,.png,Gammarus sp,600,450,3
/Users/saanvimalla/Downloads/macro_project/data/raw/Gammarus sp/CPH-Gammarus sp.-876-t.png,CPH-Gammarus sp.-876-t.png,.png,Gammarus sp,600,450,3
/Users/saanvimalla/Downloads/macro_project/data/raw/Gammarus sp/CPH-Gammarus sp.-833-t.png,CPH-Gammarus sp.-833-t.png,.png,Gammarus sp,600,450,3
/Users/saanvimalla/Downloads/macro_project/data/raw/Gammarus sp/CPH-Gammarus sp.-1622-t.png,CPH-Gammarus sp.-1622-t.png,.png,Gammarus sp,600,338,3
/Users/saanvimalla/Downloads/macro_project/data/raw/Gammarus sp/CPH-Gammarus sp.-1667-t.png,CPH-Gammarus sp.-1667-t.png,.png,Gammarus sp,600,338,3
/Users/saanvimalla/Downloads/macro_project/data/raw/Gammarus sp/CPH-Gammarus sp.-1523-t.png,CPH-Gammarus sp.-1523-t.png,.png,Gammarus sp,600,338,3
/Users/saanvimalla/Downloads/macro_project/data/raw/Gammarus sp/CPH-Gammarus sp.-1566-t.png,CPH-Gammarus sp.-1566-t.png,.png,Gammarus sp,600,338,3
/Users/saanvimalla/Downloads/macro_project/data/raw/Gammarus sp/CPH-Gammarus sp.-1073-t.png,CPH-Gammarus sp.-1073-t.png,.png,Gammarus sp,600,450,3
/Users/saanvimalla/Downloads/macro_project/data/raw/Gammarus sp/CPH-Gammarus sp.-1036-t.png,CPH-Gammarus sp.-1036-t.png,.png,Gammarus sp,600,450,3
/Users/saanvimalla/Downloads/macro_project/data/raw/Gammarus sp/CPH-Gammarus sp.-1372-t.png,CPH-Gammarus sp.-1372-t.png,.png,Gammarus sp,600,338,3
/Users/saanvimalla/Downloads/macro_project/data/raw/Gammarus sp/CPH-Gammarus sp.-1337-t.png,CPH-Gammarus sp.-1337-t.png,.png,Gammarus sp,600,338,3
/Users/saanvimalla/Downloads/macro_project/data/raw/Gammarus sp/CPH-Gammarus sp.-1507-t.png,CPH-Gammarus sp.-1507-t.png,.png,Gammarus sp,600,338,3
/Users/saanvimalla/Downloads/macro_project/data/raw/Gammarus sp/CPH-Gammarus sp.-1542-t.png,CPH-Gammarus sp.-1542-t.png,.png,Gammarus sp,600,338,3
/Users/saanvimalla/Downloads/macro_project/data/raw/Gammarus sp/CPH-Gammarus sp.-1193-t.png,CPH-Gammarus sp.-1193-t.png,.png,Gammarus sp,600,450,3
/Users/saanvimalla/Downloads/macro_project/data/raw/Gammarus sp/CPH-Gammarus sp.-784-t.png,CPH-Gammarus sp.-784-t.png,.png,Gammarus sp,600,450,3
/Users/saanvimalla/Downloads/macro_project/data/raw/Gammarus sp/CPH-Gammarus sp.-779-t.png,CPH-Gammarus sp.-779-t.png,.png,Gammarus sp,600,450,3
/Users/saanvimalla/Downloads/macro_project/data/raw/Gammarus sp/CPH-Gammarus sp.-1606-t.png,CPH-Gammarus sp.-1606-t.png,.png,Gammarus sp,600,338,3
/Users/saanvimalla/Downloads/macro_project/data/raw/Gammarus sp/CPH-Gammarus sp.-1292-t.png,CPH-Gammarus sp.-1292-t.png,.png,Gammarus sp,600,338,3
/Users/saanvimalla/Downloads/macro_project/data/raw/Gammarus sp/CPH-Gammarus sp.-1643-t.png,CPH-Gammarus sp.-1643-t.png,.png,Gammarus sp,600,338,3
/Users/saanvimalla/Downloads/macro_project/data/raw/Gammarus sp/CPH-Gammarus sp.-852-t.png,CPH-Gammarus sp.-852-t.png,.png,Gammarus sp,600,450,3
/Users/saanvimalla/Downloads/macro_project/data/raw/Gammarus sp/CPH-Gammarus sp.-817-t.png,CPH-Gammarus sp.-817-t.png,.png,Gammarus sp,600,450,3
/Users/saanvimalla/Downloads/macro_project/data/raw/Gammarus sp/CPH-Gammarus sp.-744-t.png,CPH-Gammarus sp.-744-t.png,.png,Gammarus sp,600,450,3
/Users/saanvimalla/Downloads/macro_project/data/raw/Gammarus sp/CPH-Gammarus sp.-1116-t.png,CPH-Gammarus sp.-1116-t.png,.png,Gammarus sp,600,450,3
/Users/saanvimalla/Downloads/macro_project/data/raw/Gammarus sp/CPH-Gammarus sp.-1582-t.png,CPH-Gammarus sp.-1582-t.png,.png,Gammarus sp,600,338,3
/Users/saanvimalla/Downloads/macro_project/data/raw/Gammarus sp/CPH-Gammarus sp.-1153-t.png,CPH-Gammarus sp.-1153-t.png,.png,Gammarus sp,600,450,3
/Users/saanvimalla/Downloads/macro_project/data/raw/Gammarus sp/CPH-Gammarus sp.-892-t.png,CPH-Gammarus sp.-892-t.png,.png,Gammarus sp,600,450,3
/Users/saanvimalla/Downloads/macro_project/data/raw/Gammarus sp/CPH-Gammarus sp.-1217-t.png,CPH-Gammarus sp.-1217-t.png,.png,Gammarus sp,600,338,3
/Users/saanvimalla/Downloads/macro_project/data/raw/Gammarus sp/CPH-Gammarus sp.-1252-t.png,CPH-Gammarus sp.-1252-t.png,.png,Gammarus sp,600,338,3
/Users/saanvimalla/Downloads/macro_project/data/raw/Gammarus sp/CPH-Gammarus sp.-1683-t.png,CPH-Gammarus sp.-1683-t.png,.png,Gammarus sp,600,338,3
/Users/saanvimalla/Downloads/macro_project/data/raw/Gammarus sp/CPH-Gammarus sp.-1462-t.png,CPH-Gammarus sp.-1462-t.png,.png,Gammarus sp,600,338,3
/Users/saanvimalla/Downloads/macro_project/data/raw/Gammarus sp/CPH-Gammarus sp.-1427-t.png,CPH-Gammarus sp.-1427-t.png,.png,Gammarus sp,600,338,3
/Users/saanvimalla/Downloads/macro_project/data/raw/Gammarus sp/CPH-Gammarus sp.-1726-t.png,CPH-Gammarus sp.-1726-t.png,.png,Gammarus sp,600,338,3
/Users/saanvimalla/Downloads/macro_project/data/raw/Gammarus sp/CPH-Gammarus sp.-937-t.png,CPH-Gammarus sp.-937-t.png,.png,Gammarus sp,600,450,3
/Users/saanvimalla/Downloads/macro_project/data/raw/Gammarus sp/CPH-Gammarus sp.-972-t.png,CPH-Gammarus sp.-972-t.png,.png,Gammarus sp,600,450,3
/Users/saanvimalla/Downloads/macro_project/data/raw/Gammarus sp/CPH-Gammarus sp.-1215-t.png,CPH-Gammarus sp.-1215-t.png,.png,Gammarus sp,600,338,3
/Users/saanvimalla/Downloads/macro_project/data/raw/Gammarus sp/CPH-Gammarus sp.-1250-t.png,CPH-Gammarus sp.-1250-t.png,.png,Gammarus sp,600,338,3
/Users/saanvimalla/Downloads/macro_project/data/raw/Gammarus sp/CPH-Gammarus sp.-1681-t.png,CPH-Gammarus sp.-1681-t.png,.png,Gammarus sp,600,338,3
/Users/saanvimalla/Downloads/macro_project/data/raw/Gammarus sp/CPH-Gammarus sp.-890-t.png,CPH-Gammarus sp.-890-t.png,.png,Gammarus sp,600,450,3
/Users/saanvimalla/Downloads/macro_project/data/raw/Gammarus sp/CPH-Gammarus sp.-1538-t.png,CPH-Gammarus sp.-1538-t.png,.png,Gammarus sp,600,338,3
/Users/saanvimalla/Downloads/macro_project/data/raw/Gammarus sp/CPH-Gammarus sp.-1114-t.png,CPH-Gammarus sp.-1114-t.png,.png,Gammarus sp,600,450,3
/Users/saanvimalla/Downloads/macro_project/data/raw/Gammarus sp/CPH-Gammarus sp.-1580-t.png,CPH-Gammarus sp.-1580-t.png,.png,Gammarus sp,600,338,3
/Users/saanvimalla/Downloads/macro_project/data/raw/Gammarus sp/CPH-Gammarus sp.-1151-t.png,CPH-Gammarus sp.-1151-t.png,.png,Gammarus sp,600,450,3
/Users/saanvimalla/Downloads/macro_project/data/raw/Gammarus sp/CPH-Gammarus sp.-828-t.png,CPH-Gammarus sp.-828-t.png,.png,Gammarus sp,600,450,3
/Users/saanvimalla/Downloads/macro_project/data/raw/Gammarus sp/CPH-Gammarus sp.-746-t.png,CPH-Gammarus sp.-746-t.png,.png,Gammarus sp,600,450,3
/Users/saanvimalla/Downloads/macro_project/data/raw/Gammarus sp/CPH-Gammarus sp.-1639-t.png,CPH-Gammarus sp.-1639-t.png,.png,Gammarus sp,600,338,3
/Users/saanvimalla/Downloads/macro_project/data/raw/Gammarus sp/CPH-Gammarus sp.-935-t.png,CPH-Gammarus sp.-935-t.png,.png,Gammarus sp,600,450,3
/Users/saanvimalla/Downloads/macro_project/data/raw/Gammarus sp/CPH-Gammarus sp.-970-t.png,CPH-Gammarus sp.-970-t.png,.png,Gammarus sp,600,450,3
/Users/saanvimalla/Downloads/macro_project/data/raw/Gammarus sp/CPH-Gammarus sp.-1009-t.png,CPH-Gammarus sp.-1009-t.png,.png,Gammarus sp,600,450,3
/Users/saanvimalla/Downloads/macro_project/data/raw/Gammarus sp/CPH-Gammarus sp.-1724-t.png,CPH-Gammarus sp.-1724-t.png,.png,Gammarus sp,600,338,3
/Users/saanvimalla/Downloads/macro_project/data/raw/Gammarus sp/CPH-Gammarus sp.-1308-t.png,CPH-Gammarus sp.-1308-t.png,.png,Gammarus sp,600,338,3
/Users/saanvimalla/Downloads/macro_project/data/raw/Gammarus sp/CPH-Gammarus sp.-1460-t.png,CPH-Gammarus sp.-1460-t.png,.png,Gammarus sp,600,338,3
/Users/saanvimalla/Downloads/macro_project/data/raw/Gammarus sp/CPH-Gammarus sp.-1425-t.png,CPH-Gammarus sp.-1425-t.png,.png,Gammarus sp,600,338,3
/Users/saanvimalla/Downloads/macro_project/data/raw/Gammarus sp/CPH-Gammarus sp.-1370-t.png,CPH-Gammarus sp.-1370-t.png,.png,Gammarus sp,600,338,3
/Users/saanvimalla/Downloads/macro_project/data/raw/Gammarus sp/CPH-Gammarus sp.-1335-t.png,CPH-Gammarus sp.-1335-t.png,.png,Gammarus sp,600,338,3
/Users/saanvimalla/Downloads/macro_project/data/raw/Gammarus sp/CPH-Gammarus sp.-1418-t.png,CPH-Gammarus sp.-1418-t.png,.png,Gammarus sp,600,338,3
/Users/saanvimalla/Downloads/macro_project/data/raw/Gammarus sp/CPH-Gammarus sp.-908-t.png,CPH-Gammarus sp.-908-t.png,.png,Gammarus sp,600,450,3
/Users/saanvimalla/Downloads/macro_project/data/raw/Gammarus sp/CPH-Gammarus sp.-1071-t.png,CPH-Gammarus sp.-1071-t.png,.png,Gammarus sp,600,450,3
/Users/saanvimalla/Downloads/macro_project/data/raw/Gammarus sp/CPH-Gammarus sp.-1034-t.png,CPH-Gammarus sp.-1034-t.png,.png,Gammarus sp,600,450,3
/Users/saanvimalla/Downloads/macro_project/data/raw/Gammarus sp/CPH-Gammarus sp.-1719-t.png,CPH-Gammarus sp.-1719-t.png,.png,Gammarus sp,600,338,3
/Users/saanvimalla/Downloads/macro_project/data/raw/Gammarus sp/CPH-Gammarus sp.-1129-t.png,CPH-Gammarus sp.-1129-t.png,.png,Gammarus sp,600,450,3
/Users/saanvimalla/Downloads/macro_project/data/raw/Gammarus sp/CPH-Gammarus sp.-850-t.png,CPH-Gammarus sp.-850-t.png,.png,Gammarus sp,600,450,3
/Users/saanvimalla/Downloads/macro_project/data/raw/Gammarus sp/CPH-Gammarus sp.-815-t.png,CPH-Gammarus sp.-815-t.png,.png,Gammarus sp,600,450,3
/Users/saanvimalla/Downloads/macro_project/data/raw/Gammarus sp/CPH-Gammarus sp.-1604-t.png,CPH-Gammarus sp.-1604-t.png,.png,Gammarus sp,600,338,3
/Users/saanvimalla/Downloads/macro_project/data/raw/Gammarus sp/CPH-Gammarus sp.-1290-t.png,CPH-Gammarus sp.-1290-t.png,.png,Gammarus sp,600,338,3
/Users/saanvimalla/Downloads/macro_project/data/raw/Gammarus sp/CPH-Gammarus sp.-1641-t.png,CPH-Gammarus sp.-1641-t.png,.png,Gammarus sp,600,338,3
/Users/saanvimalla/Downloads/macro_project/data/raw/Gammarus sp/CPH-Gammarus sp.-1228-t.png,CPH-Gammarus sp.-1228-t.png,.png,Gammarus sp,600,338,3
/Users/saanvimalla/Downloads/macro_project/data/raw/Gammarus sp/CPH-Gammarus sp.-786-t.png,CPH-Gammarus sp.-786-t.png,.png,Gammarus sp,600,450,3
/Users/saanvimalla/Downloads/macro_project/data/raw/Gammarus sp/CPH-Gammarus sp.-1505-t.png,CPH-Gammarus sp.-1505-t.png,.png,Gammarus sp,600,338,3
/Users/saanvimalla/Downloads/macro_project/data/raw/Gammarus sp/CPH-Gammarus sp.-1540-t.png,CPH-Gammarus sp.-1540-t.png,.png,Gammarus sp,600,338,3
/Users/saanvimalla/Downloads/macro_project/data/raw/Gammarus sp/CPH-Gammarus sp.-1191-t.png,CPH-Gammarus sp.-1191-t.png,.png,Gammarus sp,600,450,3
/Users/saanvimalla/Downloads/macro_project/data/raw/Gammarus sp/CPH-Gammarus sp.-1484-t.png,CPH-Gammarus sp.-1484-t.png,.png,Gammarus sp,600,338,3
/Users/saanvimalla/Downloads/macro_project/data/raw/Gammarus sp/CPH-Gammarus sp.-1055-t.png,CPH-Gammarus sp.-1055-t.png,.png,Gammarus sp,600,450,3
/Users/saanvimalla/Downloads/macro_project/data/raw/Gammarus sp/CPH-Gammarus sp.-1010-t.png,CPH-Gammarus sp.-1010-t.png,.png,Gammarus sp,600,450,3
/Users/saanvimalla/Downloads/macro_project/data/raw/Gammarus sp/CPH-Gammarus sp.-1479-t.png,CPH-Gammarus sp.-1479-t.png,.png,Gammarus sp,600,338,3
/Users/saanvimalla/Downloads/macro_project/data/raw/Gammarus sp/CPH-Gammarus sp.-994-t.png,CPH-Gammarus sp.-994-t.png,.png,Gammarus sp,600,450,3
/Users/saanvimalla/Downloads/macro_project/data/raw/Gammarus sp/CPH-Gammarus sp.-1354-t.png,CPH-Gammarus sp.-1354-t.png,.png,Gammarus sp,600,338,3
/Users/saanvimalla/Downloads/macro_project/data/raw/Gammarus sp/CPH-Gammarus sp.-1311-t.png,CPH-Gammarus sp.-1311-t.png,.png,Gammarus sp,600,338,3
/Users/saanvimalla/Downloads/macro_project/data/raw/Gammarus sp/CPH-Gammarus sp.-889-t.png,CPH-Gammarus sp.-889-t.png,.png,Gammarus sp,600,450,3
/Users/saanvimalla/Downloads/macro_project/data/raw/Gammarus sp/CPH-Gammarus sp.-1521-t.png,CPH-Gammarus sp.-1521-t.png,.png,Gammarus sp,600,338,3
/Users/saanvimalla/Downloads/macro_project/data/raw/Gammarus sp/CPH-Gammarus sp.-1564-t.png,CPH-Gammarus sp.-1564-t.png,.png,Gammarus sp,600,338,3
/Users/saanvimalla/Downloads/macro_project/data/raw/Gammarus sp/CPH-Gammarus sp.-1698-t.png,CPH-Gammarus sp.-1698-t.png,.png,Gammarus sp,600,338,3
/Users/saanvimalla/Downloads/macro_project/data/raw/Gammarus sp/CPH-Gammarus sp.-1620-t.png,CPH-Gammarus sp.-1620-t.png,.png,Gammarus sp,600,338,3
/Users/saanvimalla/Downloads/macro_project/data/raw/Gammarus sp/CPH-Gammarus sp.-1665-t.png,CPH-Gammarus sp.-1665-t.png,.png,Gammarus sp,600,338,3
/Users/saanvimalla/Downloads/macro_project/data/raw/Gammarus sp/CPH-Gammarus sp.-1148-t.png,CPH-Gammarus sp.-1148-t.png,.png,Gammarus sp,600,450,3
/Users/saanvimalla/Downloads/macro_project/data/raw/Gammarus sp/CPH-Gammarus sp.-1599-t.png,CPH-Gammarus sp.-1599-t.png,.png,Gammarus sp,600,338,3
/Users/saanvimalla/Downloads/macro_project/data/raw/Gammarus sp/CPH-Gammarus sp.-874-t.png,CPH-Gammarus sp.-874-t.png,.png,Gammarus sp,600,450,3
/Users/saanvimalla/Downloads/macro_project/data/raw/Gammarus sp/CPH-Gammarus sp.-831-t.png,CPH-Gammarus sp.-831-t.png,.png,Gammarus sp,600,450,3
/Users/saanvimalla/Downloads/macro_project/data/raw/Gammarus sp/CPH-Gammarus sp.-1356-v.png,CPH-Gammarus sp.-1356-v.png,.png,Gammarus sp,600,338,3
/Users/saanvimalla/Downloads/macro_project/data/raw/Gammarus sp/CPH-Gammarus sp.-762-t.png,CPH-Gammarus sp.-762-t.png,.png,Gammarus sp,600,450,3
/Users/saanvimalla/Downloads/macro_project/data/raw/Gammarus sp/CPH-Gammarus sp.-1658-t.png,CPH-Gammarus sp.-1658-t.png,.png,Gammarus sp,600,338,3
/Users/saanvimalla/Downloads/macro_project/data/raw/Gammarus sp/CPH-Gammarus sp.-1289-t.png,CPH-Gammarus sp.-1289-t.png,.png,Gammarus sp,600,338,3
/Users/saanvimalla/Downloads/macro_project/data/raw/Gammarus sp/CPH-Gammarus sp.-1130-t.png,CPH-Gammarus sp.-1130-t.png,.png,Gammarus sp,600,450,3
/Users/saanvimalla/Downloads/macro_project/data/raw/Gammarus sp/CPH-Gammarus sp.-1175-t.png,CPH-Gammarus sp.-1175-t.png,.png,Gammarus sp,600,450,3
/Users/saanvimalla/Downloads/macro_project/data/raw/Gammarus sp/CPH-Gammarus sp.-849-t.png,CPH-Gammarus sp.-849-t.png,.png,Gammarus sp,600,450,3
/Users/saanvimalla/Downloads/macro_project/data/raw/Gammarus sp/CPH-Gammarus sp.-1188-t.png,CPH-Gammarus sp.-1188-t.png,.png,Gammarus sp,600,450,3
/Users/saanvimalla/Downloads/macro_project/data/raw/Gammarus sp/CPH-Gammarus sp.-1559-t.png,CPH-Gammarus sp.-1559-t.png,.png,Gammarus sp,600,338,3
/Users/saanvimalla/Downloads/macro_project/data/raw/Gammarus sp/CPH-Gammarus sp.-1231-t.png,CPH-Gammarus sp.-1231-t.png,.png,Gammarus sp,600,338,3
/Users/saanvimalla/Downloads/macro_project/data/raw/Gammarus sp/CPH-Gammarus sp.-1274-t.png,CPH-Gammarus sp.-1274-t.png,.png,Gammarus sp,600,338,3
/Users/saanvimalla/Downloads/macro_project/data/raw/Gammarus sp/CPH-Gammarus sp.-1444-t.png,CPH-Gammarus sp.-1444-t.png,.png,Gammarus sp,600,338,3
/Users/saanvimalla/Downloads/macro_project/data/raw/Gammarus sp/CPH-Gammarus sp.-1095-t.png,CPH-Gammarus sp.-1095-t.png,.png,Gammarus sp,600,450,3
/Users/saanvimalla/Downloads/macro_project/data/raw/Gammarus sp/CPH-Gammarus sp.-1401-t.png,CPH-Gammarus sp.-1401-t.png,.png,Gammarus sp,600,338,3
/Users/saanvimalla/Downloads/macro_project/data/raw/Gammarus sp/CPH-Gammarus sp.-1369-t.png,CPH-Gammarus sp.-1369-t.png,.png,Gammarus sp,600,338,3
/Users/saanvimalla/Downloads/macro_project/data/raw/Gammarus sp/CPH-Gammarus sp.-1394-t.png,CPH-Gammarus sp.-1394-t.png,.png,Gammarus sp,600,338,3
/Users/saanvimalla/Downloads/macro_project/data/raw/Gammarus sp/CPH-Gammarus sp.-1700-t.png,CPH-Gammarus sp.-1700-t.png,.png,Gammarus sp,600,338,3
/Users/saanvimalla/Downloads/macro_project/data/raw/Gammarus sp/CPH-Gammarus sp.-911-t.png,CPH-Gammarus sp.-911-t.png,.png,Gammarus sp,600,450,3
/Users/saanvimalla/Downloads/macro_project/data/raw/Gammarus sp/CPH-Gammarus sp.-954-t.png,CPH-Gammarus sp.-954-t.png,.png,Gammarus sp,600,450,3
/Users/saanvimalla/Downloads/macro_project/data/raw/Gammarus sp/CPH-Gammarus sp.-1068-t.png,CPH-Gammarus sp.-1068-t.png,.png,Gammarus sp,600,450,3
/Users/saanvimalla/Downloads/macro_project/data/raw/Gammarus sp/CPH-Gammarus sp.-1624-t.png,CPH-Gammarus sp.-1624-t.png,.png,Gammarus sp,600,338,3
/Users/saanvimalla/Downloads/macro_project/data/raw/Gammarus sp/CPH-Gammarus sp.-1661-t.png,CPH-Gammarus sp.-1661-t.png,.png,Gammarus sp,600,338,3
/Users/saanvimalla/Downloads/macro_project/data/raw/Gammarus sp/CPH-Gammarus sp.-1109-t.png,CPH-Gammarus sp.-1109-t.png,.png,Gammarus sp,600,450,3
/Users/saanvimalla/Downloads/macro_project/data/raw/Gammarus sp/CPH-Gammarus sp.-870-t.png,CPH-Gammarus sp.-870-t.png,.png,Gammarus sp,600,450,3
/Users/saanvimalla/Downloads/macro_project/data/raw/Gammarus sp/CPH-Gammarus sp.-835-t.png,CPH-Gammarus sp.-835-t.png,.png,Gammarus sp,600,450,3
/Users/saanvimalla/Downloads/macro_project/data/raw/Gammarus sp/CPH-Gammarus sp.-1525-t.png,CPH-Gammarus sp.-1525-t.png,.png,Gammarus sp,600,338,3
/Users/saanvimalla/Downloads/macro_project/data/raw/Gammarus sp/CPH-Gammarus sp.-1560-t.png,CPH-Gammarus sp.-1560-t.png,.png,Gammarus sp,600,338,3
/Users/saanvimalla/Downloads/macro_project/data/raw/Gammarus sp/CPH-Gammarus sp.-1208-t.png,CPH-Gammarus sp.-1208-t.png,.png,Gammarus sp,600,338,3
/Users/saanvimalla/Downloads/macro_project/data/raw/Gammarus sp/CPH-Gammarus sp.-1438-t.png,CPH-Gammarus sp.-1438-t.png,.png,Gammarus sp,600,338,3
/Users/saanvimalla/Downloads/macro_project/data/raw/Gammarus sp/CPH-Gammarus sp.-990-t.png,CPH-Gammarus sp.-990-t.png,.png,Gammarus sp,600,450,3
/Users/saanvimalla/Downloads/macro_project/data/raw/Gammarus sp/CPH-Gammarus sp.-1350-t.png,CPH-Gammarus sp.-1350-t.png,.png,Gammarus sp,600,338,3
/Users/saanvimalla/Downloads/macro_project/data/raw/Gammarus sp/CPH-Gammarus sp.-1315-t.png,CPH-Gammarus sp.-1315-t.png,.png,Gammarus sp,600,338,3
/Users/saanvimalla/Downloads/macro_project/data/raw/Gammarus sp/CPH-Gammarus sp.-928-t.png,CPH-Gammarus sp.-928-t.png,.png,Gammarus sp,600,450,3
/Users/saanvimalla/Downloads/macro_project/data/raw/Gammarus sp/CPH-Gammarus sp.-1480-t.png,CPH-Gammarus sp.-1480-t.png,.png,Gammarus sp,600,338,3
/Users/saanvimalla/Downloads/macro_project/data/raw/Gammarus sp/CPH-Gammarus sp.-1051-t.png,CPH-Gammarus sp.-1051-t.png,.png,Gammarus sp,600,450,3
/Users/saanvimalla/Downloads/macro_project/data/raw/Gammarus sp/CPH-Gammarus sp.-1014-t.png,CPH-Gammarus sp.-1014-t.png,.png,Gammarus sp,600,450,3
/Users/saanvimalla/Downloads/macro_project/data/raw/Gammarus sp/CPH-Gammarus sp.-1390-t.png,CPH-Gammarus sp.-1390-t.png,.png,Gammarus sp,600,338,3
/Users/saanvimalla/Downloads/macro_project/data/raw/Gammarus sp/CPH-Gammarus sp.-1704-t.png,CPH-Gammarus sp.-1704-t.png,.png,Gammarus sp,600,338,3
/Users/saanvimalla/Downloads/macro_project/data/raw/Gammarus sp/CPH-Gammarus sp.-915-t.png,CPH-Gammarus sp.-915-t.png,.png,Gammarus sp,600,450,3
/Users/saanvimalla/Downloads/macro_project/data/raw/Gammarus sp/CPH-Gammarus sp.-950-t.png,CPH-Gammarus sp.-950-t.png,.png,Gammarus sp,600,450,3
/Users/saanvimalla/Downloads/macro_project/data/raw/Gammarus sp/CPH-Gammarus sp.-1237-v.png,CPH-Gammarus sp.-1237-v.png,.png,Gammarus sp,600,450,3
/Users/saanvimalla/Downloads/macro_project/data/raw/Gammarus sp/CPH-Gammarus sp.-1029-t.png,CPH-Gammarus sp.-1029-t.png,.png,Gammarus sp,600,450,3
/Users/saanvimalla/Downloads/macro_project/data/raw/Gammarus sp/CPH-Gammarus sp.-1440-t.png,CPH-Gammarus sp.-1440-t.png,.png,Gammarus sp,600,338,3
/Users/saanvimalla/Downloads/macro_project/data/raw/Gammarus sp/CPH-Gammarus sp.-1091-t.png,CPH-Gammarus sp.-1091-t.png,.png,Gammarus sp,600,450,3
/Users/saanvimalla/Downloads/macro_project/data/raw/Gammarus sp/CPH-Gammarus sp.-1405-t.png,CPH-Gammarus sp.-1405-t.png,.png,Gammarus sp,600,338,3
/Users/saanvimalla/Downloads/macro_project/data/raw/Gammarus sp/CPH-Gammarus sp.-1328-t.png,CPH-Gammarus sp.-1328-t.png,.png,Gammarus sp,600,338,3
/Users/saanvimalla/Downloads/macro_project/data/raw/Gammarus sp/CPH-Gammarus sp.-1518-t.png,CPH-Gammarus sp.-1518-t.png,.png,Gammarus sp,600,338,3
/Users/saanvimalla/Downloads/macro_project/data/raw/Gammarus sp/CPH-Gammarus sp.-1235-t.png,CPH-Gammarus sp.-1235-t.png,.png,Gammarus sp,600,338,3
/Users/saanvimalla/Downloads/macro_project/data/raw/Gammarus sp/CPH-Gammarus sp.-1270-t.png,CPH-Gammarus sp.-1270-t.png,.png,Gammarus sp,600,338,3
/Users/saanvimalla/Downloads/macro_project/data/raw/Gammarus sp/CPH-Gammarus sp.-766-t.png,CPH-Gammarus sp.-766-t.png,.png,Gammarus sp,600,450,3
/Users/saanvimalla/Downloads/macro_project/data/raw/Gammarus sp/CPH-Gammarus sp.-1619-t.png,CPH-Gammarus sp.-1619-t.png,.png,Gammarus sp,600,338,3
/Users/saanvimalla/Downloads/macro_project/data/raw/Gammarus sp/CPH-Gammarus sp.-1134-t.png,CPH-Gammarus sp.-1134-t.png,.png,Gammarus sp,600,450,3
/Users/saanvimalla/Downloads/macro_project/data/raw/Gammarus sp/CPH-Gammarus sp.-1171-t.png,CPH-Gammarus sp.-1171-t.png,.png,Gammarus sp,600,450,3
/Users/saanvimalla/Downloads/macro_project/data/raw/Gammarus sp/CPH-Gammarus sp.-808-t.png,CPH-Gammarus sp.-808-t.png,.png,Gammarus sp,600,450,3
/Users/saanvimalla/Downloads/macro_project/data/raw/Gammarus sp/CPH-Gammarus sp.-1349-t.png,CPH-Gammarus sp.-1349-t.png,.png,Gammarus sp,600,338,3
/Users/saanvimalla/Downloads/macro_project/data/raw/Gammarus sp/CPH-Gammarus sp.-1464-t.png,CPH-Gammarus sp.-1464-t.png,.png,Gammarus sp,600,338,3
/Users/saanvimalla/Downloads/macro_project/data/raw/Gammarus sp/CPH-Gammarus sp.-1421-t.png,CPH-Gammarus sp.-1421-t.png,.png,Gammarus sp,600,338,3
/Users/saanvimalla/Downloads/macro_project/data/raw/Gammarus sp/CPH-Gammarus sp.-989-t.png,CPH-Gammarus sp.-989-t.png,.png,Gammarus sp,600,450,3
/Users/saanvimalla/Downloads/macro_project/data/raw/Gammarus sp/CPH-Gammarus sp.-931-t.png,CPH-Gammarus sp.-931-t.png,.png,Gammarus sp,600,450,3
/Users/saanvimalla/Downloads/macro_project/data/raw/Gammarus sp/CPH-Gammarus sp.-974-t.png,CPH-Gammarus sp.-974-t.png,.png,Gammarus sp,600,450,3
/Users/saanvimalla/Downloads/macro_project/data/raw/Gammarus sp/CPH-Gammarus sp.-1048-t.png,CPH-Gammarus sp.-1048-t.png,.png,Gammarus sp,600,450,3
/Users/saanvimalla/Downloads/macro_project/data/raw/Gammarus sp/CPH-Gammarus sp.-1499-t.png,CPH-Gammarus sp.-1499-t.png,.png,Gammarus sp,600,338,3
/Users/saanvimalla/Downloads/macro_project/data/raw/Gammarus sp/CPH-Gammarus sp.-1720-t.png,CPH-Gammarus sp.-1720-t.png,.png,Gammarus sp,600,338,3
/Users/saanvimalla/Downloads/macro_project/data/raw/Gammarus sp/CPH-Gammarus sp.-1110-t.png,CPH-Gammarus sp.-1110-t.png,.png,Gammarus sp,600,450,3
/Users/saanvimalla/Downloads/macro_project/data/raw/Gammarus sp/CPH-Gammarus sp.-1584-t.png,CPH-Gammarus sp.-1584-t.png,.png,Gammarus sp,600,338,3
/Users/saanvimalla/Downloads/macro_project/data/raw/Gammarus sp/CPH-Gammarus sp.-1155-t.png,CPH-Gammarus sp.-1155-t.png,.png,Gammarus sp,600,450,3
/Users/saanvimalla/Downloads/macro_project/data/raw/Gammarus sp/CPH-Gammarus sp.-869-t.png,CPH-Gammarus sp.-869-t.png,.png,Gammarus sp,600,450,3
/Users/saanvimalla/Downloads/macro_project/data/raw/Gammarus sp/CPH-Gammarus sp.-1678-t.png,CPH-Gammarus sp.-1678-t.png,.png,Gammarus sp,600,338,3
/Users/saanvimalla/Downloads/macro_project/data/raw/Gammarus sp/CPH-Gammarus sp.-1211-t.png,CPH-Gammarus sp.-1211-t.png,.png,Gammarus sp,600,338,3
/Users/saanvimalla/Downloads/macro_project/data/raw/Gammarus sp/CPH-Gammarus sp.-1254-t.png,CPH-Gammarus sp.-1254-t.png,.png,Gammarus sp,600,338,3
/Users/saanvimalla/Downloads/macro_project/data/raw/Gammarus sp/CPH-Gammarus sp.-1685-t.png,CPH-Gammarus sp.-1685-t.png,.png,Gammarus sp,600,338,3
/Users/saanvimalla/Downloads/macro_project/data/raw/Gammarus sp/CPH-Gammarus sp.-894-t.png,CPH-Gammarus sp.-894-t.png,.png,Gammarus sp,600,450,3
/Users/saanvimalla/Downloads/macro_project/data/raw/Gammarus sp/CPH-Gammarus sp.-1579-t.png,CPH-Gammarus sp.-1579-t.png,.png,Gammarus sp,600,338,3
/Users/saanvimalla/Downloads/macro_project/data/raw/Gammarus sp/CPH-Gammarus sp.-1269-t.png,CPH-Gammarus sp.-1269-t.png,.png,Gammarus sp,600,338,3
/Users/saanvimalla/Downloads/macro_project/data/raw/Gammarus sp/CPH-Gammarus sp.-782-t.png,CPH-Gammarus sp.-782-t.png,.png,Gammarus sp,600,450,3
/Users/saanvimalla/Downloads/macro_project/data/raw/Gammarus sp/CPH-Gammarus sp.-1501-t.png,CPH-Gammarus sp.-1501-t.png,.png,Gammarus sp,600,338,3
/Users/saanvimalla/Downloads/macro_project/data/raw/Gammarus sp/CPH-Gammarus sp.-1544-t.png,CPH-Gammarus sp.-1544-t.png,.png,Gammarus sp,600,338,3
/Users/saanvimalla/Downloads/macro_project/data/raw/Gammarus sp/CPH-Gammarus sp.-1195-t.png,CPH-Gammarus sp.-1195-t.png,.png,Gammarus sp,600,450,3
/Users/saanvimalla/Downloads/macro_project/data/raw/Gammarus sp/CPH-Gammarus sp.-1168-t.png,CPH-Gammarus sp.-1168-t.png,.png,Gammarus sp,600,450,3
/Users/saanvimalla/Downloads/macro_project/data/raw/Gammarus sp/CPH-Gammarus sp.-854-t.png,CPH-Gammarus sp.-854-t.png,.png,Gammarus sp,600,450,3
/Users/saanvimalla/Downloads/macro_project/data/raw/Gammarus sp/CPH-Gammarus sp.-811-t.png,CPH-Gammarus sp.-811-t.png,.png,Gammarus sp,600,450,3
/Users/saanvimalla/Downloads/macro_project/data/raw/Gammarus sp/CPH-Gammarus sp.-1600-t.png,CPH-Gammarus sp.-1600-t.png,.png,Gammarus sp,600,338,3
/Users/saanvimalla/Downloads/macro_project/data/raw/Gammarus sp/CPH-Gammarus sp.-1294-t.png,CPH-Gammarus sp.-1294-t.png,.png,Gammarus sp,600,338,3
/Users/saanvimalla/Downloads/macro_project/data/raw/Gammarus sp/CPH-Gammarus sp.-1645-t.png,CPH-Gammarus sp.-1645-t.png,.png,Gammarus sp,600,338,3
/Users/saanvimalla/Downloads/macro_project/data/raw/Gammarus sp/CPH-Gammarus sp.-949-t.png,CPH-Gammarus sp.-949-t.png,.png,Gammarus sp,600,450,3
/Users/saanvimalla/Downloads/macro_project/data/raw/Gammarus sp/CPH-Gammarus sp.-1075-t.png,CPH-Gammarus sp.-1075-t.png,.png,Gammarus sp,600,450,3
/Users/saanvimalla/Downloads/macro_project/data/raw/Gammarus sp/CPH-Gammarus sp.-1030-t.png,CPH-Gammarus sp.-1030-t.png,.png,Gammarus sp,600,450,3
/Users/saanvimalla/Downloads/macro_project/data/raw/Gammarus sp/CPH-Gammarus sp.-1389-t.png,CPH-Gammarus sp.-1389-t.png,.png,Gammarus sp,600,338,3
/Users/saanvimalla/Downloads/macro_project/data/raw/Gammarus sp/CPH-Gammarus sp.-1374-t.png,CPH-Gammarus sp.-1374-t.png,.png,Gammarus sp,600,338,3
/Users/saanvimalla/Downloads/macro_project/data/raw/Gammarus sp/CPH-Gammarus sp.-1331-t.png,CPH-Gammarus sp.-1331-t.png,.png,Gammarus sp,600,338,3
/Users/saanvimalla/Downloads/macro_project/data/raw/Gammarus sp/CPH-Gammarus sp.-1088-t.png,CPH-Gammarus sp.-1088-t.png,.png,Gammarus sp,600,450,3
/Users/saanvimalla/Downloads/macro_project/data/raw/Gammarus sp/CPH-Gammarus sp.-1459-t.png,CPH-Gammarus sp.-1459-t.png,.png,Gammarus sp,600,338,3
/Users/saanvimalla/Downloads/macro_project/data/raw/Gammarus sp/CPH-Gammarus sp.-1088-v.png,CPH-Gammarus sp.-1088-v.png,.png,Gammarus sp,600,450,3
/Users/saanvimalla/Downloads/macro_project/data/raw/Gammarus sp/CPH-Gammarus sp.-1602-t.png,CPH-Gammarus sp.-1602-t.png,.png,Gammarus sp,600,338,3
/Users/saanvimalla/Downloads/macro_project/data/raw/Gammarus sp/CPH-Gammarus sp.-1296-t.png,CPH-Gammarus sp.-1296-t.png,.png,Gammarus sp,600,338,3
/Users/saanvimalla/Downloads/macro_project/data/raw/Gammarus sp/CPH-Gammarus sp.-1647-t.png,CPH-Gammarus sp.-1647-t.png,.png,Gammarus sp,600,338,3
/Users/saanvimalla/Downloads/macro_project/data/raw/Gammarus sp/CPH-Gammarus sp.-856-t.png,CPH-Gammarus sp.-856-t.png,.png,Gammarus sp,600,450,3
/Users/saanvimalla/Downloads/macro_project/data/raw/Gammarus sp/CPH-Gammarus sp.-813-t.png,CPH-Gammarus sp.-813-t.png,.png,Gammarus sp,600,450,3
/Users/saanvimalla/Downloads/macro_project/data/raw/Gammarus sp/CPH-Gammarus sp.-1503-t.png,CPH-Gammarus sp.-1503-t.png,.png,Gammarus sp,600,338,3
/Users/saanvimalla/Downloads/macro_project/data/raw/Gammarus sp/CPH-Gammarus sp.-1546-t.png,CPH-Gammarus sp.-1546-t.png,.png,Gammarus sp,600,338,3
/Users/saanvimalla/Downloads/macro_project/data/raw/Gammarus sp/CPH-Gammarus sp.-1197-t.png,CPH-Gammarus sp.-1197-t.png,.png,Gammarus sp,600,450,3
/Users/saanvimalla/Downloads/macro_project/data/raw/Gammarus sp/CPH-Gammarus sp.-780-t.png,CPH-Gammarus sp.-780-t.png,.png,Gammarus sp,600,450,3
/Users/saanvimalla/Downloads/macro_project/data/raw/Gammarus sp/CPH-Gammarus sp.-1376-t.png,CPH-Gammarus sp.-1376-t.png,.png,Gammarus sp,600,338,3
/Users/saanvimalla/Downloads/macro_project/data/raw/Gammarus sp/CPH-Gammarus sp.-1333-t.png,CPH-Gammarus sp.-1333-t.png,.png,Gammarus sp,600,338,3
/Users/saanvimalla/Downloads/macro_project/data/raw/Gammarus sp/CPH-Gammarus sp.-1077-t.png,CPH-Gammarus sp.-1077-t.png,.png,Gammarus sp,600,450,3
/Users/saanvimalla/Downloads/macro_project/data/raw/Gammarus sp/CPH-Gammarus sp.-1032-t.png,CPH-Gammarus sp.-1032-t.png,.png,Gammarus sp,600,450,3
/Users/saanvimalla/Downloads/macro_project/data/raw/Gammarus sp/CPH-Gammarus sp.-1722-t.png,CPH-Gammarus sp.-1722-t.png,.png,Gammarus sp,600,338,3
/Users/saanvimalla/Downloads/macro_project/data/raw/Gammarus sp/CPH-Gammarus sp.-933-t.png,CPH-Gammarus sp.-933-t.png,.png,Gammarus sp,600,450,3
/Users/saanvimalla/Downloads/macro_project/data/raw/Gammarus sp/CPH-Gammarus sp.-976-t.png,CPH-Gammarus sp.-976-t.png,.png,Gammarus sp,600,450,3
/Users/saanvimalla/Downloads/macro_project/data/raw/Gammarus sp/CPH-Gammarus sp.-1466-t.png,CPH-Gammarus sp.-1466-t.png,.png,Gammarus sp,600,338,3
/Users/saanvimalla/Downloads/macro_project/data/raw/Gammarus sp/CPH-Gammarus sp.-1423-t.png,CPH-Gammarus sp.-1423-t.png,.png,Gammarus sp,600,338,3
/Users/saanvimalla/Downloads/macro_project/data/raw/Gammarus sp/CPH-Gammarus sp.-896-t.png,CPH-Gammarus sp.-896-t.png,.png,Gammarus sp,600,450,3
/Users/saanvimalla/Downloads/macro_project/data/raw/Gammarus sp/CPH-Gammarus sp.-1213-t.png,CPH-Gammarus sp.-1213-t.png,.png,Gammarus sp,600,338,3
/Users/saanvimalla/Downloads/macro_project/data/raw/Gammarus sp/CPH-Gammarus sp.-1256-t.png,CPH-Gammarus sp.-1256-t.png,.png,Gammarus sp,600,338,3
/Users/saanvimalla/Downloads/macro_project/data/raw/Gammarus sp/CPH-Gammarus sp.-1687-t.png,CPH-Gammarus sp.-1687-t.png,.png,Gammarus sp,600,338,3
/Users/saanvimalla/Downloads/macro_project/data/raw/Gammarus sp/CPH-Gammarus sp.-1112-t.png,CPH-Gammarus sp.-1112-t.png,.png,Gammarus sp,600,450,3
/Users/saanvimalla/Downloads/macro_project/data/raw/Gammarus sp/CPH-Gammarus sp.-1586-t.png,CPH-Gammarus sp.-1586-t.png,.png,Gammarus sp,600,338,3
/Users/saanvimalla/Downloads/macro_project/data/raw/Gammarus sp/CPH-Gammarus sp.-1157-t.png,CPH-Gammarus sp.-1157-t.png,.png,Gammarus sp,600,450,3
/Users/saanvimalla/Downloads/macro_project/data/raw/Gammarus sp/CPH-Gammarus sp.-1442-t.png,CPH-Gammarus sp.-1442-t.png,.png,Gammarus sp,600,338,3
/Users/saanvimalla/Downloads/macro_project/data/raw/Gammarus sp/CPH-Gammarus sp.-1093-t.png,CPH-Gammarus sp.-1093-t.png,.png,Gammarus sp,600,450,3
/Users/saanvimalla/Downloads/macro_project/data/raw/Gammarus sp/CPH-Gammarus sp.-1407-t.png,CPH-Gammarus sp.-1407-t.png,.png,Gammarus sp,600,338,3
/Users/saanvimalla/Downloads/macro_project/data/raw/Gammarus sp/CPH-Gammarus sp.-917-t.png,CPH-Gammarus sp.-917-t.png,.png,Gammarus sp,600,450,3
/Users/saanvimalla/Downloads/macro_project/data/raw/Gammarus sp/CPH-Gammarus sp.-952-t.png,CPH-Gammarus sp.-952-t.png,.png,Gammarus sp,600,450,3
/Users/saanvimalla/Downloads/macro_project/data/raw/Gammarus sp/CPH-Gammarus sp.-1392-t.png,CPH-Gammarus sp.-1392-t.png,.png,Gammarus sp,600,338,3
/Users/saanvimalla/Downloads/macro_project/data/raw/Gammarus sp/CPH-Gammarus sp.-1706-t.png,CPH-Gammarus sp.-1706-t.png,.png,Gammarus sp,600,338,3
/Users/saanvimalla/Downloads/macro_project/data/raw/Gammarus sp/CPH-Gammarus sp.-1136-t.png,CPH-Gammarus sp.-1136-t.png,.png,Gammarus sp,600,450,3
/Users/saanvimalla/Downloads/macro_project/data/raw/Gammarus sp/CPH-Gammarus sp.-1173-t.png,CPH-Gammarus sp.-1173-t.png,.png,Gammarus sp,600,450,3
/Users/saanvimalla/Downloads/macro_project/data/raw/Gammarus sp/CPH-Gammarus sp.-764-t.png,CPH-Gammarus sp.-764-t.png,.png,Gammarus sp,600,450,3
/Users/saanvimalla/Downloads/macro_project/data/raw/Gammarus sp/CPH-Gammarus sp.-1272-t.png,CPH-Gammarus sp.-1272-t.png,.png,Gammarus sp,600,338,3
/Users/saanvimalla/Downloads/macro_project/data/raw/Gammarus sp/CPH-Gammarus sp.-799-t.png,CPH-Gammarus sp.-799-t.png,.png,Gammarus sp,600,450,3
/Users/saanvimalla/Downloads/macro_project/data/raw/Gammarus sp/CPH-Gammarus sp.-1527-t.png,CPH-Gammarus sp.-1527-t.png,.png,Gammarus sp,600,338,3
/Users/saanvimalla/Downloads/macro_project/data/raw/Gammarus sp/CPH-Gammarus sp.-1562-t.png,CPH-Gammarus sp.-1562-t.png,.png,Gammarus sp,600,338,3
/Users/saanvimalla/Downloads/macro_project/data/raw/Gammarus sp/CPH-Gammarus sp.-872-t.png,CPH-Gammarus sp.-872-t.png,.png,Gammarus sp,600,450,3
/Users/saanvimalla/Downloads/macro_project/data/raw/Gammarus sp/CPH-Gammarus sp.-837-t.png,CPH-Gammarus sp.-837-t.png,.png,Gammarus sp,600,450,3
/Users/saanvimalla/Downloads/macro_project/data/raw/Gammarus sp/CPH-Gammarus sp.-759-t.png,CPH-Gammarus sp.-759-t.png,.png,Gammarus sp,600,450,3
/Users/saanvimalla/Downloads/macro_project/data/raw/Gammarus sp/CPH-Gammarus sp.-1626-t.png,CPH-Gammarus sp.-1626-t.png,.png,Gammarus sp,600,338,3
/Users/saanvimalla/Downloads/macro_project/data/raw/Gammarus sp/CPH-Gammarus sp.-1663-t.png,CPH-Gammarus sp.-1663-t.png,.png,Gammarus sp,600,338,3
/Users/saanvimalla/Downloads/macro_project/data/raw/Gammarus sp/CPH-Gammarus sp.-1482-t.png,CPH-Gammarus sp.-1482-t.png,.png,Gammarus sp,600,338,3
/Users/saanvimalla/Downloads/macro_project/data/raw/Gammarus sp/CPH-Gammarus sp.-1053-t.png,CPH-Gammarus sp.-1053-t.png,.png,Gammarus sp,600,450,3
/Users/saanvimalla/Downloads/macro_project/data/raw/Gammarus sp/CPH-Gammarus sp.-1016-t.png,CPH-Gammarus sp.-1016-t.png,.png,Gammarus sp,600,450,3
/Users/saanvimalla/Downloads/macro_project/data/raw/Gammarus sp/CPH-Gammarus sp.-1352-t.png,CPH-Gammarus sp.-1352-t.png,.png,Gammarus sp,600,338,3
/Users/saanvimalla/Downloads/macro_project/data/raw/Gammarus sp/CPH-Gammarus sp.-1317-t.png,CPH-Gammarus sp.-1317-t.png,.png,Gammarus sp,600,338,3
/Users/saanvimalla/Downloads/macro_project/data/raw/Gammarus sp/CPH-Gammarus sp.-992-t.png,CPH-Gammarus sp.-992-t.png,.png,Gammarus sp,600,450,3
/Users/saanvimalla/Downloads/macro_project/data/raw/Gammarus sp/CPH-Gammarus sp.-1128-t.png,CPH-Gammarus sp.-1128-t.png,.png,Gammarus sp,600,450,3
/Users/saanvimalla/Downloads/macro_project/data/raw/Gammarus sp/CPH-Gammarus sp.-814-t.png,CPH-Gammarus sp.-814-t.png,.png,Gammarus sp,600,450,3
/Users/saanvimalla/Downloads/macro_project/data/raw/Gammarus sp/CPH-Gammarus sp.-851-t.png,CPH-Gammarus sp.-851-t.png,.png,Gammarus sp,600,450,3
/Users/saanvimalla/Downloads/macro_project/data/raw/Gammarus sp/CPH-Gammarus sp.-1291-t.png,CPH-Gammarus sp.-1291-t.png,.png,Gammarus sp,600,338,3
/Users/saanvimalla/Downloads/macro_project/data/raw/Gammarus sp/CPH-Gammarus sp.-1640-t.png,CPH-Gammarus sp.-1640-t.png,.png,Gammarus sp,600,338,3
/Users/saanvimalla/Downloads/macro_project/data/raw/Gammarus sp/CPH-Gammarus sp.-1605-t.png,CPH-Gammarus sp.-1605-t.png,.png,Gammarus sp,600,338,3
/Users/saanvimalla/Downloads/macro_project/data/raw/Gammarus sp/CPH-Gammarus sp.-1229-t.png,CPH-Gammarus sp.-1229-t.png,.png,Gammarus sp,600,338,3
/Users/saanvimalla/Downloads/macro_project/data/raw/Gammarus sp/CPH-Gammarus sp.-787-t.png,CPH-Gammarus sp.-787-t.png,.png,Gammarus sp,600,450,3
/Users/saanvimalla/Downloads/macro_project/data/raw/Gammarus sp/CPH-Gammarus sp.-1541-t.png,CPH-Gammarus sp.-1541-t.png,.png,Gammarus sp,600,338,3
/Users/saanvimalla/Downloads/macro_project/data/raw/Gammarus sp/CPH-Gammarus sp.-1190-t.png,CPH-Gammarus sp.-1190-t.png,.png,Gammarus sp,600,450,3
/Users/saanvimalla/Downloads/macro_project/data/raw/Gammarus sp/CPH-Gammarus sp.-1504-t.png,CPH-Gammarus sp.-1504-t.png,.png,Gammarus sp,600,338,3
/Users/saanvimalla/Downloads/macro_project/data/raw/Gammarus sp/CPH-Gammarus sp.-1334-t.png,CPH-Gammarus sp.-1334-t.png,.png,Gammarus sp,600,338,3
/Users/saanvimalla/Downloads/macro_project/data/raw/Gammarus sp/CPH-Gammarus sp.-1371-t.png,CPH-Gammarus sp.-1371-t.png,.png,Gammarus sp,600,338,3
/Users/saanvimalla/Downloads/macro_project/data/raw/Gammarus sp/CPH-Gammarus sp.-1419-t.png,CPH-Gammarus sp.-1419-t.png,.png,Gammarus sp,600,338,3
/Users/saanvimalla/Downloads/macro_project/data/raw/Gammarus sp/CPH-Gammarus sp.-909-t.png,CPH-Gammarus sp.-909-t.png,.png,Gammarus sp,600,450,3
/Users/saanvimalla/Downloads/macro_project/data/raw/Gammarus sp/CPH-Gammarus sp.-1035-t.png,CPH-Gammarus sp.-1035-t.png,.png,Gammarus sp,600,450,3
/Users/saanvimalla/Downloads/macro_project/data/raw/Gammarus sp/CPH-Gammarus sp.-1070-t.png,CPH-Gammarus sp.-1070-t.png,.png,Gammarus sp,600,450,3
/Users/saanvimalla/Downloads/macro_project/data/raw/Gammarus sp/CPH-Gammarus sp.-1718-t.png,CPH-Gammarus sp.-1718-t.png,.png,Gammarus sp,600,338,3
/Users/saanvimalla/Downloads/macro_project/data/raw/Gammarus sp/CPH-Gammarus sp.-971-t.png,CPH-Gammarus sp.-971-t.png,.png,Gammarus sp,600,450,3
/Users/saanvimalla/Downloads/macro_project/data/raw/Gammarus sp/CPH-Gammarus sp.-934-t.png,CPH-Gammarus sp.-934-t.png,.png,Gammarus sp,600,450,3
/Users/saanvimalla/Downloads/macro_project/data/raw/Gammarus sp/CPH-Gammarus sp.-1008-t.png,CPH-Gammarus sp.-1008-t.png,.png,Gammarus sp,600,450,3
/Users/saanvimalla/Downloads/macro_project/data/raw/Gammarus sp/CPH-Gammarus sp.-1725-t.png,CPH-Gammarus sp.-1725-t.png,.png,Gammarus sp,600,338,3
/Users/saanvimalla/Downloads/macro_project/data/raw/Gammarus sp/CPH-Gammarus sp.-1309-t.png,CPH-Gammarus sp.-1309-t.png,.png,Gammarus sp,600,338,3
/Users/saanvimalla/Downloads/macro_project/data/raw/Gammarus sp/CPH-Gammarus sp.-1424-t.png,CPH-Gammarus sp.-1424-t.png,.png,Gammarus sp,600,338,3
/Users/saanvimalla/Downloads/macro_project/data/raw/Gammarus sp/CPH-Gammarus sp.-1461-t.png,CPH-Gammarus sp.-1461-t.png,.png,Gammarus sp,600,338,3
/Users/saanvimalla/Downloads/macro_project/data/raw/Gammarus sp/CPH-Gammarus sp.-1251-t.png,CPH-Gammarus sp.-1251-t.png,.png,Gammarus sp,600,338,3
/Users/saanvimalla/Downloads/macro_project/data/raw/Gammarus sp/CPH-Gammarus sp.-1680-t.png,CPH-Gammarus sp.-1680-t.png,.png,Gammarus sp,600,338,3
/Users/saanvimalla/Downloads/macro_project/data/raw/Gammarus sp/CPH-Gammarus sp.-1214-t.png,CPH-Gammarus sp.-1214-t.png,.png,Gammarus sp,600,338,3
/Users/saanvimalla/Downloads/macro_project/data/raw/Gammarus sp/CPH-Gammarus sp.-891-t.png,CPH-Gammarus sp.-891-t.png,.png,Gammarus sp,600,450,3
/Users/saanvimalla/Downloads/macro_project/data/raw/Gammarus sp/CPH-Gammarus sp.-1539-t.png,CPH-Gammarus sp.-1539-t.png,.png,Gammarus sp,600,338,3
/Users/saanvimalla/Downloads/macro_project/data/raw/Gammarus sp/CPH-Gammarus sp.-1581-t.png,CPH-Gammarus sp.-1581-t.png,.png,Gammarus sp,600,338,3
/Users/saanvimalla/Downloads/macro_project/data/raw/Gammarus sp/CPH-Gammarus sp.-1150-t.png,CPH-Gammarus sp.-1150-t.png,.png,Gammarus sp,600,450,3
/Users/saanvimalla/Downloads/macro_project/data/raw/Gammarus sp/CPH-Gammarus sp.-1115-t.png,CPH-Gammarus sp.-1115-t.png,.png,Gammarus sp,600,450,3
/Users/saanvimalla/Downloads/macro_project/data/raw/Gammarus sp/CPH-Gammarus sp.-829-t.png,CPH-Gammarus sp.-829-t.png,.png,Gammarus sp,600,450,3
/Users/saanvimalla/Downloads/macro_project/data/raw/Gammarus sp/CPH-Gammarus sp.-747-t.png,CPH-Gammarus sp.-747-t.png,.png,Gammarus sp,600,450,3
/Users/saanvimalla/Downloads/macro_project/data/raw/Gammarus sp/CPH-Gammarus sp.-1638-t.png,CPH-Gammarus sp.-1638-t.png,.png,Gammarus sp,600,338,3
/Users/saanvimalla/Downloads/macro_project/data/raw/Gammarus sp/CPH-Gammarus sp.-1400-t.png,CPH-Gammarus sp.-1400-t.png,.png,Gammarus sp,600,338,3
/Users/saanvimalla/Downloads/macro_project/data/raw/Gammarus sp/CPH-Gammarus sp.-1445-t.png,CPH-Gammarus sp.-1445-t.png,.png,Gammarus sp,600,338,3
/Users/saanvimalla/Downloads/macro_project/data/raw/Gammarus sp/CPH-Gammarus sp.-1094-t.png,CPH-Gammarus sp.-1094-t.png,.png,Gammarus sp,600,450,3
/Users/saanvimalla/Downloads/macro_project/data/raw/Gammarus sp/CPH-Gammarus sp.-1368-t.png,CPH-Gammarus sp.-1368-t.png,.png,Gammarus sp,600,338,3
/Users/saanvimalla/Downloads/macro_project/data/raw/Gammarus sp/CPH-Gammarus sp.-1701-t.png,CPH-Gammarus sp.-1701-t.png,.png,Gammarus sp,600,338,3
/Users/saanvimalla/Downloads/macro_project/data/raw/Gammarus sp/CPH-Gammarus sp.-1395-t.png,CPH-Gammarus sp.-1395-t.png,.png,Gammarus sp,600,338,3
/Users/saanvimalla/Downloads/macro_project/data/raw/Gammarus sp/CPH-Gammarus sp.-955-t.png,CPH-Gammarus sp.-955-t.png,.png,Gammarus sp,600,450,3
/Users/saanvimalla/Downloads/macro_project/data/raw/Gammarus sp/CPH-Gammarus sp.-910-t.png,CPH-Gammarus sp.-910-t.png,.png,Gammarus sp,600,450,3
/Users/saanvimalla/Downloads/macro_project/data/raw/Gammarus sp/CPH-Gammarus sp.-1069-t.png,CPH-Gammarus sp.-1069-t.png,.png,Gammarus sp,600,450,3
/Users/saanvimalla/Downloads/macro_project/data/raw/Gammarus sp/CPH-Gammarus sp.-763-t.png,CPH-Gammarus sp.-763-t.png,.png,Gammarus sp,600,450,3
/Users/saanvimalla/Downloads/macro_project/data/raw/Gammarus sp/CPH-Gammarus sp.-1659-t.png,CPH-Gammarus sp.-1659-t.png,.png,Gammarus sp,600,338,3
/Users/saanvimalla/Downloads/macro_project/data/raw/Gammarus sp/CPH-Gammarus sp.-1288-t.png,CPH-Gammarus sp.-1288-t.png,.png,Gammarus sp,600,338,3
/Users/saanvimalla/Downloads/macro_project/data/raw/Gammarus sp/CPH-Gammarus sp.-1174-t.png,CPH-Gammarus sp.-1174-t.png,.png,Gammarus sp,600,450,3
/Users/saanvimalla/Downloads/macro_project/data/raw/Gammarus sp/CPH-Gammarus sp.-1131-t.png,CPH-Gammarus sp.-1131-t.png,.png,Gammarus sp,600,450,3
/Users/saanvimalla/Downloads/macro_project/data/raw/Gammarus sp/CPH-Gammarus sp.-848-t.png,CPH-Gammarus sp.-848-t.png,.png,Gammarus sp,600,450,3
/Users/saanvimalla/Downloads/macro_project/data/raw/Gammarus sp/CPH-Gammarus sp.-1189-t.png,CPH-Gammarus sp.-1189-t.png,.png,Gammarus sp,600,450,3
/Users/saanvimalla/Downloads/macro_project/data/raw/Gammarus sp/CPH-Gammarus sp.-1558-t.png,CPH-Gammarus sp.-1558-t.png,.png,Gammarus sp,600,338,3
/Users/saanvimalla/Downloads/macro_project/data/raw/Gammarus sp/CPH-Gammarus sp.-1275-t.png,CPH-Gammarus sp.-1275-t.png,.png,Gammarus sp,600,338,3
/Users/saanvimalla/Downloads/macro_project/data/raw/Gammarus sp/CPH-Gammarus sp.-1230-t.png,CPH-Gammarus sp.-1230-t.png,.png,Gammarus sp,600,338,3
/Users/saanvimalla/Downloads/macro_project/data/raw/Gammarus sp/CPH-Gammarus sp.-888-t.png,CPH-Gammarus sp.-888-t.png,.png,Gammarus sp,600,450,3
/Users/saanvimalla/Downloads/macro_project/data/raw/Gammarus sp/CPH-Gammarus sp.-1565-t.png,CPH-Gammarus sp.-1565-t.png,.png,Gammarus sp,600,338,3
/Users/saanvimalla/Downloads/macro_project/data/raw/Gammarus sp/CPH-Gammarus sp.-1520-t.png,CPH-Gammarus sp.-1520-t.png,.png,Gammarus sp,600,338,3
/Users/saanvimalla/Downloads/macro_project/data/raw/Gammarus sp/CPH-Gammarus sp.-1699-t.png,CPH-Gammarus sp.-1699-t.png,.png,Gammarus sp,600,338,3
/Users/saanvimalla/Downloads/macro_project/data/raw/Gammarus sp/CPH-Gammarus sp.-1248-t.png,CPH-Gammarus sp.-1248-t.png,.png,Gammarus sp,600,338,3
/Users/saanvimalla/Downloads/macro_project/data/raw/Gammarus sp/CPH-Gammarus sp.-1664-t.png,CPH-Gammarus sp.-1664-t.png,.png,Gammarus sp,600,338,3
/Users/saanvimalla/Downloads/macro_project/data/raw/Gammarus sp/CPH-Gammarus sp.-1621-t.png,CPH-Gammarus sp.-1621-t.png,.png,Gammarus sp,600,338,3
/Users/saanvimalla/Downloads/macro_project/data/raw/Gammarus sp/CPH-Gammarus sp.-1149-t.png,CPH-Gammarus sp.-1149-t.png,.png,Gammarus sp,600,450,3
/Users/saanvimalla/Downloads/macro_project/data/raw/Gammarus sp/CPH-Gammarus sp.-1598-t.png,CPH-Gammarus sp.-1598-t.png,.png,Gammarus sp,600,338,3
/Users/saanvimalla/Downloads/macro_project/data/raw/Gammarus sp/CPH-Gammarus sp.-830-t.png,CPH-Gammarus sp.-830-t.png,.png,Gammarus sp,600,450,3
/Users/saanvimalla/Downloads/macro_project/data/raw/Gammarus sp/CPH-Gammarus sp.-875-t.png,CPH-Gammarus sp.-875-t.png,.png,Gammarus sp,600,450,3
/Users/saanvimalla/Downloads/macro_project/data/raw/Gammarus sp/CPH-Gammarus sp.-968-t.png,CPH-Gammarus sp.-968-t.png,.png,Gammarus sp,600,450,3
/Users/saanvimalla/Downloads/macro_project/data/raw/Gammarus sp/CPH-Gammarus sp.-1011-t.png,CPH-Gammarus sp.-1011-t.png,.png,Gammarus sp,600,450,3
/Users/saanvimalla/Downloads/macro_project/data/raw/Gammarus sp/CPH-Gammarus sp.-1485-t.png,CPH-Gammarus sp.-1485-t.png,.png,Gammarus sp,600,338,3
/Users/saanvimalla/Downloads/macro_project/data/raw/Gammarus sp/CPH-Gammarus sp.-1054-t.png,CPH-Gammarus sp.-1054-t.png,.png,Gammarus sp,600,450,3
/Users/saanvimalla/Downloads/macro_project/data/raw/Gammarus sp/CPH-Gammarus sp.-1478-t.png,CPH-Gammarus sp.-1478-t.png,.png,Gammarus sp,600,338,3
/Users/saanvimalla/Downloads/macro_project/data/raw/Gammarus sp/CPH-Gammarus sp.-995-t.png,CPH-Gammarus sp.-995-t.png,.png,Gammarus sp,600,450,3
/Users/saanvimalla/Downloads/macro_project/data/raw/Gammarus sp/CPH-Gammarus sp.-1310-t.png,CPH-Gammarus sp.-1310-t.png,.png,Gammarus sp,600,338,3
/Users/saanvimalla/Downloads/macro_project/data/raw/Gammarus sp/CPH-Gammarus sp.-1355-t.png,CPH-Gammarus sp.-1355-t.png,.png,Gammarus sp,600,338,3
/Users/saanvimalla/Downloads/macro_project/data/raw/Gammarus sp/CPH-Gammarus sp.-832-t.png,CPH-Gammarus sp.-832-t.png,.png,Gammarus sp,600,450,3
/Users/saanvimalla/Downloads/macro_project/data/raw/Gammarus sp/CPH-Gammarus sp.-877-t.png,CPH-Gammarus sp.-877-t.png,.png,Gammarus sp,600,450,3
/Users/saanvimalla/Downloads/macro_project/data/raw/Gammarus sp/CPH-Gammarus sp.-1666-t.png,CPH-Gammarus sp.-1666-t.png,.png,Gammarus sp,600,338,3
/Users/saanvimalla/Downloads/macro_project/data/raw/Gammarus sp/CPH-Gammarus sp.-1623-t.png,CPH-Gammarus sp.-1623-t.png,.png,Gammarus sp,600,338,3
/Users/saanvimalla/Downloads/macro_project/data/raw/Gammarus sp/CPH-Gammarus sp.-1567-t.png,CPH-Gammarus sp.-1567-t.png,.png,Gammarus sp,600,338,3
/Users/saanvimalla/Downloads/macro_project/data/raw/Gammarus sp/CPH-Gammarus sp.-1522-t.png,CPH-Gammarus sp.-1522-t.png,.png,Gammarus sp,600,338,3
/Users/saanvimalla/Downloads/macro_project/data/raw/Gammarus sp/CPH-Gammarus sp.-1312-t.png,CPH-Gammarus sp.-1312-t.png,.png,Gammarus sp,600,338,3
/Users/saanvimalla/Downloads/macro_project/data/raw/Gammarus sp/CPH-Gammarus sp.-1357-t.png,CPH-Gammarus sp.-1357-t.png,.png,Gammarus sp,600,338,3
/Users/saanvimalla/Downloads/macro_project/data/raw/Gammarus sp/CPH-Gammarus sp.-997-t.png,CPH-Gammarus sp.-997-t.png,.png,Gammarus sp,600,450,3
/Users/saanvimalla/Downloads/macro_project/data/raw/Gammarus sp/CPH-Gammarus sp.-1013-t.png,CPH-Gammarus sp.-1013-t.png,.png,Gammarus sp,600,450,3
/Users/saanvimalla/Downloads/macro_project/data/raw/Gammarus sp/CPH-Gammarus sp.-1487-t.png,CPH-Gammarus sp.-1487-t.png,.png,Gammarus sp,600,338,3
/Users/saanvimalla/Downloads/macro_project/data/raw/Gammarus sp/CPH-Gammarus sp.-1056-t.png,CPH-Gammarus sp.-1056-t.png,.png,Gammarus sp,600,450,3
/Users/saanvimalla/Downloads/macro_project/data/raw/Gammarus sp/CPH-Gammarus sp.-957-t.png,CPH-Gammarus sp.-957-t.png,.png,Gammarus sp,600,450,3
/Users/saanvimalla/Downloads/macro_project/data/raw/Gammarus sp/CPH-Gammarus sp.-912-t.png,CPH-Gammarus sp.-912-t.png,.png,Gammarus sp,600,450,3
/Users/saanvimalla/Downloads/macro_project/data/raw/Gammarus sp/CPH-Gammarus sp.-1703-t.png,CPH-Gammarus sp.-1703-t.png,.png,Gammarus sp,600,338,3
/Users/saanvimalla/Downloads/macro_project/data/raw/Gammarus sp/CPH-Gammarus sp.-1397-t.png,CPH-Gammarus sp.-1397-t.png,.png,Gammarus sp,600,338,3
/Users/saanvimalla/Downloads/macro_project/data/raw/Gammarus sp/CPH-Gammarus sp.-1402-t.png,CPH-Gammarus sp.-1402-t.png,.png,Gammarus sp,600,338,3
/Users/saanvimalla/Downloads/macro_project/data/raw/Gammarus sp/CPH-Gammarus sp.-1447-t.png,CPH-Gammarus sp.-1447-t.png,.png,Gammarus sp,600,338,3
/Users/saanvimalla/Downloads/macro_project/data/raw/Gammarus sp/CPH-Gammarus sp.-1096-t.png,CPH-Gammarus sp.-1096-t.png,.png,Gammarus sp,600,450,3
/Users/saanvimalla/Downloads/macro_project/data/raw/Gammarus sp/CPH-Gammarus sp.-1277-t.png,CPH-Gammarus sp.-1277-t.png,.png,Gammarus sp,600,338,3
/Users/saanvimalla/Downloads/macro_project/data/raw/Gammarus sp/CPH-Gammarus sp.-1232-t.png,CPH-Gammarus sp.-1232-t.png,.png,Gammarus sp,600,338,3
/Users/saanvimalla/Downloads/macro_project/data/raw/Gammarus sp/CPH-Gammarus sp.-1176-t.png,CPH-Gammarus sp.-1176-t.png,.png,Gammarus sp,600,450,3
/Users/saanvimalla/Downloads/macro_project/data/raw/Gammarus sp/CPH-Gammarus sp.-1133-t.png,CPH-Gammarus sp.-1133-t.png,.png,Gammarus sp,600,450,3
/Users/saanvimalla/Downloads/macro_project/data/raw/Gammarus sp/CPH-Gammarus sp.-1368-v.png,CPH-Gammarus sp.-1368-v.png,.png,Gammarus sp,600,338,3
/Users/saanvimalla/Downloads/macro_project/data/raw/Gammarus sp/CPH-Gammarus sp.-761-t.png,CPH-Gammarus sp.-761-t.png,.png,Gammarus sp,600,450,3
/Users/saanvimalla/Downloads/macro_project/data/raw/Gammarus sp/CPH-Gammarus sp.-1426-t.png,CPH-Gammarus sp.-1426-t.png,.png,Gammarus sp,600,338,3
/Users/saanvimalla/Downloads/macro_project/data/raw/Gammarus sp/CPH-Gammarus sp.-1463-t.png,CPH-Gammarus sp.-1463-t.png,.png,Gammarus sp,600,338,3
/Users/saanvimalla/Downloads/macro_project/data/raw/Gammarus sp/CPH-Gammarus sp.-1727-t.png,CPH-Gammarus sp.-1727-t.png,.png,Gammarus sp,600,338,3
/Users/saanvimalla/Downloads/macro_project/data/raw/Gammarus sp/CPH-Gammarus sp.-973-t.png,CPH-Gammarus sp.-973-t.png,.png,Gammarus sp,600,450,3
/Users/saanvimalla/Downloads/macro_project/data/raw/Gammarus sp/CPH-Gammarus sp.-936-t.png,CPH-Gammarus sp.-936-t.png,.png,Gammarus sp,600,450,3
/Users/saanvimalla/Downloads/macro_project/data/raw/Gammarus sp/CPH-Gammarus sp.-745-t.png,CPH-Gammarus sp.-745-t.png,.png,Gammarus sp,600,450,3
/Users/saanvimalla/Downloads/macro_project/data/raw/Gammarus sp/CPH-Gammarus sp.-1583-t.png,CPH-Gammarus sp.-1583-t.png,.png,Gammarus sp,600,338,3
/Users/saanvimalla/Downloads/macro_project/data/raw/Gammarus sp/CPH-Gammarus sp.-1152-t.png,CPH-Gammarus sp.-1152-t.png,.png,Gammarus sp,600,450,3
/Users/saanvimalla/Downloads/macro_project/data/raw/Gammarus sp/CPH-Gammarus sp.-1117-t.png,CPH-Gammarus sp.-1117-t.png,.png,Gammarus sp,600,450,3
/Users/saanvimalla/Downloads/macro_project/data/raw/Gammarus sp/CPH-Gammarus sp.-893-t.png,CPH-Gammarus sp.-893-t.png,.png,Gammarus sp,600,450,3
/Users/saanvimalla/Downloads/macro_project/data/raw/Gammarus sp/CPH-Gammarus sp.-1253-t.png,CPH-Gammarus sp.-1253-t.png,.png,Gammarus sp,600,338,3
/Users/saanvimalla/Downloads/macro_project/data/raw/Gammarus sp/CPH-Gammarus sp.-1682-t.png,CPH-Gammarus sp.-1682-t.png,.png,Gammarus sp,600,338,3
/Users/saanvimalla/Downloads/macro_project/data/raw/Gammarus sp/CPH-Gammarus sp.-1216-t.png,CPH-Gammarus sp.-1216-t.png,.png,Gammarus sp,600,338,3
/Users/saanvimalla/Downloads/macro_project/data/raw/Gammarus sp/CPH-Gammarus sp.-1543-t.png,CPH-Gammarus sp.-1543-t.png,.png,Gammarus sp,600,338,3
/Users/saanvimalla/Downloads/macro_project/data/raw/Gammarus sp/CPH-Gammarus sp.-1192-t.png,CPH-Gammarus sp.-1192-t.png,.png,Gammarus sp,600,450,3
/Users/saanvimalla/Downloads/macro_project/data/raw/Gammarus sp/CPH-Gammarus sp.-1506-t.png,CPH-Gammarus sp.-1506-t.png,.png,Gammarus sp,600,338,3
/Users/saanvimalla/Downloads/macro_project/data/raw/Gammarus sp/CPH-Gammarus sp.-785-t.png,CPH-Gammarus sp.-785-t.png,.png,Gammarus sp,600,450,3
/Users/saanvimalla/Downloads/macro_project/data/raw/Gammarus sp/CPH-Gammarus sp.-778-t.png,CPH-Gammarus sp.-778-t.png,.png,Gammarus sp,600,450,3
/Users/saanvimalla/Downloads/macro_project/data/raw/Gammarus sp/CPH-Gammarus sp.-1293-t.png,CPH-Gammarus sp.-1293-t.png,.png,Gammarus sp,600,338,3
/Users/saanvimalla/Downloads/macro_project/data/raw/Gammarus sp/CPH-Gammarus sp.-1642-t.png,CPH-Gammarus sp.-1642-t.png,.png,Gammarus sp,600,338,3
/Users/saanvimalla/Downloads/macro_project/data/raw/Gammarus sp/CPH-Gammarus sp.-1607-t.png,CPH-Gammarus sp.-1607-t.png,.png,Gammarus sp,600,338,3
/Users/saanvimalla/Downloads/macro_project/data/raw/Gammarus sp/CPH-Gammarus sp.-816-t.png,CPH-Gammarus sp.-816-t.png,.png,Gammarus sp,600,450,3
/Users/saanvimalla/Downloads/macro_project/data/raw/Gammarus sp/CPH-Gammarus sp.-853-t.png,CPH-Gammarus sp.-853-t.png,.png,Gammarus sp,600,450,3
/Users/saanvimalla/Downloads/macro_project/data/raw/Gammarus sp/CPH-Gammarus sp.-1037-t.png,CPH-Gammarus sp.-1037-t.png,.png,Gammarus sp,600,450,3
/Users/saanvimalla/Downloads/macro_project/data/raw/Gammarus sp/CPH-Gammarus sp.-1072-t.png,CPH-Gammarus sp.-1072-t.png,.png,Gammarus sp,600,450,3
/Users/saanvimalla/Downloads/macro_project/data/raw/Gammarus sp/CPH-Gammarus sp.-1336-t.png,CPH-Gammarus sp.-1336-t.png,.png,Gammarus sp,600,338,3
/Users/saanvimalla/Downloads/macro_project/data/raw/Gammarus sp/CPH-Gammarus sp.-1373-t.png,CPH-Gammarus sp.-1373-t.png,.png,Gammarus sp,600,338,3
/Users/saanvimalla/Downloads/macro_project/data/raw/Gammarus sp/CPH-Gammarus sp.-897-t.png,CPH-Gammarus sp.-897-t.png,.png,Gammarus sp,600,450,3
/Users/saanvimalla/Downloads/macro_project/data/raw/Gammarus sp/CPH-Gammarus sp.-1257-t.png,CPH-Gammarus sp.-1257-t.png,.png,Gammarus sp,600,338,3
/Users/saanvimalla/Downloads/macro_project/data/raw/Gammarus sp/CPH-Gammarus sp.-1686-t.png,CPH-Gammarus sp.-1686-t.png,.png,Gammarus sp,600,338,3
/Users/saanvimalla/Downloads/macro_project/data/raw/Gammarus sp/CPH-Gammarus sp.-1212-t.png,CPH-Gammarus sp.-1212-t.png,.png,Gammarus sp,600,338,3
/Users/saanvimalla/Downloads/macro_project/data/raw/Gammarus sp/CPH-Gammarus sp.-1587-t.png,CPH-Gammarus sp.-1587-t.png,.png,Gammarus sp,600,338,3
/Users/saanvimalla/Downloads/macro_project/data/raw/Gammarus sp/CPH-Gammarus sp.-1156-t.png,CPH-Gammarus sp.-1156-t.png,.png,Gammarus sp,600,450,3
/Users/saanvimalla/Downloads/macro_project/data/raw/Gammarus sp/CPH-Gammarus sp.-1113-t.png,CPH-Gammarus sp.-1113-t.png,.png,Gammarus sp,600,450,3
/Users/saanvimalla/Downloads/macro_project/data/raw/Gammarus sp/CPH-Gammarus sp.-1723-t.png,CPH-Gammarus sp.-1723-t.png,.png,Gammarus sp,600,338,3
/Users/saanvimalla/Downloads/macro_project/data/raw/Gammarus sp/CPH-Gammarus sp.-977-t.png,CPH-Gammarus sp.-977-t.png,.png,Gammarus sp,600,450,3
/Users/saanvimalla/Downloads/macro_project/data/raw/Gammarus sp/CPH-Gammarus sp.-932-t.png,CPH-Gammarus sp.-932-t.png,.png,Gammarus sp,600,450,3
/Users/saanvimalla/Downloads/macro_project/data/raw/Gammarus sp/CPH-Gammarus sp.-1422-t.png,CPH-Gammarus sp.-1422-t.png,.png,Gammarus sp,600,338,3
/Users/saanvimalla/Downloads/macro_project/data/raw/Gammarus sp/CPH-Gammarus sp.-1467-t.png,CPH-Gammarus sp.-1467-t.png,.png,Gammarus sp,600,338,3
/Users/saanvimalla/Downloads/macro_project/data/raw/Gammarus sp/CPH-Gammarus sp.-1332-t.png,CPH-Gammarus sp.-1332-t.png,.png,Gammarus sp,600,338,3
/Users/saanvimalla/Downloads/macro_project/data/raw/Gammarus sp/CPH-Gammarus sp.-1377-t.png,CPH-Gammarus sp.-1377-t.png,.png,Gammarus sp,600,338,3
/Users/saanvimalla/Downloads/macro_project/data/raw/Gammarus sp/CPH-Gammarus sp.-1033-t.png,CPH-Gammarus sp.-1033-t.png,.png,Gammarus sp,600,450,3
/Users/saanvimalla/Downloads/macro_project/data/raw/Gammarus sp/CPH-Gammarus sp.-1076-t.png,CPH-Gammarus sp.-1076-t.png,.png,Gammarus sp,600,450,3
/Users/saanvimalla/Downloads/macro_project/data/raw/Gammarus sp/CPH-Gammarus sp.-1297-t.png,CPH-Gammarus sp.-1297-t.png,.png,Gammarus sp,600,338,3
/Users/saanvimalla/Downloads/macro_project/data/raw/Gammarus sp/CPH-Gammarus sp.-1646-t.png,CPH-Gammarus sp.-1646-t.png,.png,Gammarus sp,600,338,3
/Users/saanvimalla/Downloads/macro_project/data/raw/Gammarus sp/CPH-Gammarus sp.-1603-t.png,CPH-Gammarus sp.-1603-t.png,.png,Gammarus sp,600,338,3
/Users/saanvimalla/Downloads/macro_project/data/raw/Gammarus sp/CPH-Gammarus sp.-812-t.png,CPH-Gammarus sp.-812-t.png,.png,Gammarus sp,600,450,3
/Users/saanvimalla/Downloads/macro_project/data/raw/Gammarus sp/CPH-Gammarus sp.-857-t.png,CPH-Gammarus sp.-857-t.png,.png,Gammarus sp,600,450,3
/Users/saanvimalla/Downloads/macro_project/data/raw/Gammarus sp/CPH-Gammarus sp.-1547-t.png,CPH-Gammarus sp.-1547-t.png,.png,Gammarus sp,600,338,3
/Users/saanvimalla/Downloads/macro_project/data/raw/Gammarus sp/CPH-Gammarus sp.-1196-t.png,CPH-Gammarus sp.-1196-t.png,.png,Gammarus sp,600,450,3
/Users/saanvimalla/Downloads/macro_project/data/raw/Gammarus sp/CPH-Gammarus sp.-1502-t.png,CPH-Gammarus sp.-1502-t.png,.png,Gammarus sp,600,338,3
/Users/saanvimalla/Downloads/macro_project/data/raw/Gammarus sp/CPH-Gammarus sp.-781-t.png,CPH-Gammarus sp.-781-t.png,.png,Gammarus sp,600,450,3
/Users/saanvimalla/Downloads/macro_project/data/raw/Gammarus sp/CPH-Gammarus sp.-1017-t.png,CPH-Gammarus sp.-1017-t.png,.png,Gammarus sp,600,450,3
/Users/saanvimalla/Downloads/macro_project/data/raw/Gammarus sp/CPH-Gammarus sp.-1483-t.png,CPH-Gammarus sp.-1483-t.png,.png,Gammarus sp,600,338,3
/Users/saanvimalla/Downloads/macro_project/data/raw/Gammarus sp/CPH-Gammarus sp.-1052-t.png,CPH-Gammarus sp.-1052-t.png,.png,Gammarus sp,600,450,3
/Users/saanvimalla/Downloads/macro_project/data/raw/Gammarus sp/CPH-Gammarus sp.-1316-t.png,CPH-Gammarus sp.-1316-t.png,.png,Gammarus sp,600,338,3
/Users/saanvimalla/Downloads/macro_project/data/raw/Gammarus sp/CPH-Gammarus sp.-1353-t.png,CPH-Gammarus sp.-1353-t.png,.png,Gammarus sp,600,338,3
/Users/saanvimalla/Downloads/macro_project/data/raw/Gammarus sp/CPH-Gammarus sp.-993-t.png,CPH-Gammarus sp.-993-t.png,.png,Gammarus sp,600,450,3
/Users/saanvimalla/Downloads/macro_project/data/raw/Gammarus sp/CPH-Gammarus sp.-1563-t.png,CPH-Gammarus sp.-1563-t.png,.png,Gammarus sp,600,338,3
/Users/saanvimalla/Downloads/macro_project/data/raw/Gammarus sp/CPH-Gammarus sp.-1526-t.png,CPH-Gammarus sp.-1526-t.png,.png,Gammarus sp,600,338,3
/Users/saanvimalla/Downloads/macro_project/data/raw/Gammarus sp/CPH-Gammarus sp.-836-t.png,CPH-Gammarus sp.-836-t.png,.png,Gammarus sp,600,450,3
/Users/saanvimalla/Downloads/macro_project/data/raw/Gammarus sp/CPH-Gammarus sp.-873-t.png,CPH-Gammarus sp.-873-t.png,.png,Gammarus sp,600,450,3
/Users/saanvimalla/Downloads/macro_project/data/raw/Gammarus sp/CPH-Gammarus sp.-758-t.png,CPH-Gammarus sp.-758-t.png,.png,Gammarus sp,600,450,3
/Users/saanvimalla/Downloads/macro_project/data/raw/Gammarus sp/CPH-Gammarus sp.-1662-t.png,CPH-Gammarus sp.-1662-t.png,.png,Gammarus sp,600,338,3
/Users/saanvimalla/Downloads/macro_project/data/raw/Gammarus sp/CPH-Gammarus sp.-1627-t.png,CPH-Gammarus sp.-1627-t.png,.png,Gammarus sp,600,338,3
/Users/saanvimalla/Downloads/macro_project/data/raw/Gammarus sp/CPH-Gammarus sp.-1172-t.png,CPH-Gammarus sp.-1172-t.png,.png,Gammarus sp,600,450,3
/Users/saanvimalla/Downloads/macro_project/data/raw/Gammarus sp/CPH-Gammarus sp.-1137-t.png,CPH-Gammarus sp.-1137-t.png,.png,Gammarus sp,600,450,3
/Users/saanvimalla/Downloads/macro_project/data/raw/Gammarus sp/CPH-Gammarus sp.-765-t.png,CPH-Gammarus sp.-765-t.png,.png,Gammarus sp,600,450,3
/Users/saanvimalla/Downloads/macro_project/data/raw/Gammarus sp/CPH-Gammarus sp.-1273-t.png,CPH-Gammarus sp.-1273-t.png,.png,Gammarus sp,600,338,3
/Users/saanvimalla/Downloads/macro_project/data/raw/Gammarus sp/CPH-Gammarus sp.-1236-t.png,CPH-Gammarus sp.-1236-t.png,.png,Gammarus sp,600,338,3
/Users/saanvimalla/Downloads/macro_project/data/raw/Gammarus sp/CPH-Gammarus sp.-798-t.png,CPH-Gammarus sp.-798-t.png,.png,Gammarus sp,600,450,3
/Users/saanvimalla/Downloads/macro_project/data/raw/Gammarus sp/CPH-Gammarus sp.-1406-t.png,CPH-Gammarus sp.-1406-t.png,.png,Gammarus sp,600,338,3
/Users/saanvimalla/Downloads/macro_project/data/raw/Gammarus sp/CPH-Gammarus sp.-1443-t.png,CPH-Gammarus sp.-1443-t.png,.png,Gammarus sp,600,338,3
/Users/saanvimalla/Downloads/macro_project/data/raw/Gammarus sp/CPH-Gammarus sp.-1092-t.png,CPH-Gammarus sp.-1092-t.png,.png,Gammarus sp,600,450,3
/Users/saanvimalla/Downloads/macro_project/data/raw/Gammarus sp/CPH-Gammarus sp.-953-t.png,CPH-Gammarus sp.-953-t.png,.png,Gammarus sp,600,450,3
/Users/saanvimalla/Downloads/macro_project/data/raw/Gammarus sp/CPH-Gammarus sp.-916-t.png,CPH-Gammarus sp.-916-t.png,.png,Gammarus sp,600,450,3
/Users/saanvimalla/Downloads/macro_project/data/raw/Gammarus sp/CPH-Gammarus sp.-1707-t.png,CPH-Gammarus sp.-1707-t.png,.png,Gammarus sp,600,338,3
/Users/saanvimalla/Downloads/macro_project/data/raw/Gammarus sp/CPH-Gammarus sp.-1393-t.png,CPH-Gammarus sp.-1393-t.png,.png,Gammarus sp,600,338,3
/Users/saanvimalla/Downloads/macro_project/data/raw/Gammarus sp/CPH-Gammarus sp.-1519-t.png,CPH-Gammarus sp.-1519-t.png,.png,Gammarus sp,600,338,3
/Users/saanvimalla/Downloads/macro_project/data/raw/Gammarus sp/CPH-Gammarus sp.-1271-t.png,CPH-Gammarus sp.-1271-t.png,.png,Gammarus sp,600,338,3
/Users/saanvimalla/Downloads/macro_project/data/raw/Gammarus sp/CPH-Gammarus sp.-1234-t.png,CPH-Gammarus sp.-1234-t.png,.png,Gammarus sp,600,338,3
/Users/saanvimalla/Downloads/macro_project/data/raw/Gammarus sp/CPH-Gammarus sp.-767-t.png,CPH-Gammarus sp.-767-t.png,.png,Gammarus sp,600,450,3
/Users/saanvimalla/Downloads/macro_project/data/raw/Gammarus sp/CPH-Gammarus sp.-1618-t.png,CPH-Gammarus sp.-1618-t.png,.png,Gammarus sp,600,338,3
/Users/saanvimalla/Downloads/macro_project/data/raw/Gammarus sp/CPH-Gammarus sp.-1170-t.png,CPH-Gammarus sp.-1170-t.png,.png,Gammarus sp,600,450,3
/Users/saanvimalla/Downloads/macro_project/data/raw/Gammarus sp/CPH-Gammarus sp.-1135-t.png,CPH-Gammarus sp.-1135-t.png,.png,Gammarus sp,600,450,3
/Users/saanvimalla/Downloads/macro_project/data/raw/Gammarus sp/CPH-Gammarus sp.-809-t.png,CPH-Gammarus sp.-809-t.png,.png,Gammarus sp,600,450,3
/Users/saanvimalla/Downloads/macro_project/data/raw/Gammarus sp/CPH-Gammarus sp.-1705-t.png,CPH-Gammarus sp.-1705-t.png,.png,Gammarus sp,600,338,3
/Users/saanvimalla/Downloads/macro_project/data/raw/Gammarus sp/CPH-Gammarus sp.-1391-t.png,CPH-Gammarus sp.-1391-t.png,.png,Gammarus sp,600,338,3
/Users/saanvimalla/Downloads/macro_project/data/raw/Gammarus sp/CPH-Gammarus sp.-951-t.png,CPH-Gammarus sp.-951-t.png,.png,Gammarus sp,600,450,3
/Users/saanvimalla/Downloads/macro_project/data/raw/Gammarus sp/CPH-Gammarus sp.-914-t.png,CPH-Gammarus sp.-914-t.png,.png,Gammarus sp,600,450,3
/Users/saanvimalla/Downloads/macro_project/data/raw/Gammarus sp/CPH-Gammarus sp.-1028-t.png,CPH-Gammarus sp.-1028-t.png,.png,Gammarus sp,600,450,3
/Users/saanvimalla/Downloads/macro_project/data/raw/Gammarus sp/CPH-Gammarus sp.-1404-t.png,CPH-Gammarus sp.-1404-t.png,.png,Gammarus sp,600,338,3
/Users/saanvimalla/Downloads/macro_project/data/raw/Gammarus sp/CPH-Gammarus sp.-1441-t.png,CPH-Gammarus sp.-1441-t.png,.png,Gammarus sp,600,338,3
/Users/saanvimalla/Downloads/macro_project/data/raw/Gammarus sp/CPH-Gammarus sp.-1090-t.png,CPH-Gammarus sp.-1090-t.png,.png,Gammarus sp,600,450,3
/Users/saanvimalla/Downloads/macro_project/data/raw/Gammarus sp/CPH-Gammarus sp.-1329-t.png,CPH-Gammarus sp.-1329-t.png,.png,Gammarus sp,600,338,3
/Users/saanvimalla/Downloads/macro_project/data/raw/Gammarus sp/CPH-Gammarus sp.-1439-t.png,CPH-Gammarus sp.-1439-t.png,.png,Gammarus sp,600,338,3
/Users/saanvimalla/Downloads/macro_project/data/raw/Gammarus sp/CPH-Gammarus sp.-991-t.png,CPH-Gammarus sp.-991-t.png,.png,Gammarus sp,600,450,3
/Users/saanvimalla/Downloads/macro_project/data/raw/Gammarus sp/CPH-Gammarus sp.-1314-t.png,CPH-Gammarus sp.-1314-t.png,.png,Gammarus sp,600,338,3
/Users/saanvimalla/Downloads/macro_project/data/raw/Gammarus sp/CPH-Gammarus sp.-1351-t.png,CPH-Gammarus sp.-1351-t.png,.png,Gammarus sp,600,338,3
/Users/saanvimalla/Downloads/macro_project/data/raw/Gammarus sp/CPH-Gammarus sp.-929-t.png,CPH-Gammarus sp.-929-t.png,.png,Gammarus sp,600,450,3
/Users/saanvimalla/Downloads/macro_project/data/raw/Gammarus sp/CPH-Gammarus sp.-1015-t.png,CPH-Gammarus sp.-1015-t.png,.png,Gammarus sp,600,450,3
/Users/saanvimalla/Downloads/macro_project/data/raw/Gammarus sp/CPH-Gammarus sp.-1481-t.png,CPH-Gammarus sp.-1481-t.png,.png,Gammarus sp,600,338,3
/Users/saanvimalla/Downloads/macro_project/data/raw/Gammarus sp/CPH-Gammarus sp.-1050-t.png,CPH-Gammarus sp.-1050-t.png,.png,Gammarus sp,600,450,3
/Users/saanvimalla/Downloads/macro_project/data/raw/Gammarus sp/CPH-Gammarus sp.-1660-t.png,CPH-Gammarus sp.-1660-t.png,.png,Gammarus sp,600,338,3
/Users/saanvimalla/Downloads/macro_project/data/raw/Gammarus sp/CPH-Gammarus sp.-1625-t.png,CPH-Gammarus sp.-1625-t.png,.png,Gammarus sp,600,338,3
/Users/saanvimalla/Downloads/macro_project/data/raw/Gammarus sp/CPH-Gammarus sp.-1108-t.png,CPH-Gammarus sp.-1108-t.png,.png,Gammarus sp,600,450,3
/Users/saanvimalla/Downloads/macro_project/data/raw/Gammarus sp/CPH-Gammarus sp.-834-t.png,CPH-Gammarus sp.-834-t.png,.png,Gammarus sp,600,450,3
/Users/saanvimalla/Downloads/macro_project/data/raw/Gammarus sp/CPH-Gammarus sp.-871-t.png,CPH-Gammarus sp.-871-t.png,.png,Gammarus sp,600,450,3
/Users/saanvimalla/Downloads/macro_project/data/raw/Gammarus sp/CPH-Gammarus sp.-1561-t.png,CPH-Gammarus sp.-1561-t.png,.png,Gammarus sp,600,338,3
/Users/saanvimalla/Downloads/macro_project/data/raw/Gammarus sp/CPH-Gammarus sp.-1524-t.png,CPH-Gammarus sp.-1524-t.png,.png,Gammarus sp,600,338,3
/Users/saanvimalla/Downloads/macro_project/data/raw/Gammarus sp/CPH-Gammarus sp.-1209-t.png,CPH-Gammarus sp.-1209-t.png,.png,Gammarus sp,600,338,3
/Users/saanvimalla/Downloads/macro_project/data/raw/Gammarus sp/CPH-Gammarus sp.-948-t.png,CPH-Gammarus sp.-948-t.png,.png,Gammarus sp,600,450,3
/Users/saanvimalla/Downloads/macro_project/data/raw/Gammarus sp/CPH-Gammarus sp.-1031-t.png,CPH-Gammarus sp.-1031-t.png,.png,Gammarus sp,600,450,3
/Users/saanvimalla/Downloads/macro_project/data/raw/Gammarus sp/CPH-Gammarus sp.-1074-t.png,CPH-Gammarus sp.-1074-t.png,.png,Gammarus sp,600,450,3
/Users/saanvimalla/Downloads/macro_project/data/raw/Gammarus sp/CPH-Gammarus sp.-1388-t.png,CPH-Gammarus sp.-1388-t.png,.png,Gammarus sp,600,338,3
/Users/saanvimalla/Downloads/macro_project/data/raw/Gammarus sp/CPH-Gammarus sp.-1330-t.png,CPH-Gammarus sp.-1330-t.png,.png,Gammarus sp,600,338,3
/Users/saanvimalla/Downloads/macro_project/data/raw/Gammarus sp/CPH-Gammarus sp.-1375-t.png,CPH-Gammarus sp.-1375-t.png,.png,Gammarus sp,600,338,3
/Users/saanvimalla/Downloads/macro_project/data/raw/Gammarus sp/CPH-Gammarus sp.-1089-t.png,CPH-Gammarus sp.-1089-t.png,.png,Gammarus sp,600,450,3
/Users/saanvimalla/Downloads/macro_project/data/raw/Gammarus sp/CPH-Gammarus sp.-1458-t.png,CPH-Gammarus sp.-1458-t.png,.png,Gammarus sp,600,338,3
/Users/saanvimalla/Downloads/macro_project/data/raw/Gammarus sp/CPH-Gammarus sp.-1268-t.png,CPH-Gammarus sp.-1268-t.png,.png,Gammarus sp,600,338,3
/Users/saanvimalla/Downloads/macro_project/data/raw/Gammarus sp/CPH-Gammarus sp.-783-t.png,CPH-Gammarus sp.-783-t.png,.png,Gammarus sp,600,450,3
/Users/saanvimalla/Downloads/macro_project/data/raw/Gammarus sp/CPH-Gammarus sp.-1545-t.png,CPH-Gammarus sp.-1545-t.png,.png,Gammarus sp,600,338,3
/Users/saanvimalla/Downloads/macro_project/data/raw/Gammarus sp/CPH-Gammarus sp.-1194-t.png,CPH-Gammarus sp.-1194-t.png,.png,Gammarus sp,600,450,3
/Users/saanvimalla/Downloads/macro_project/data/raw/Gammarus sp/CPH-Gammarus sp.-1500-t.png,CPH-Gammarus sp.-1500-t.png,.png,Gammarus sp,600,338,3
/Users/saanvimalla/Downloads/macro_project/data/raw/Gammarus sp/CPH-Gammarus sp.-1169-t.png,CPH-Gammarus sp.-1169-t.png,.png,Gammarus sp,600,450,3
/Users/saanvimalla/Downloads/macro_project/data/raw/Gammarus sp/CPH-Gammarus sp.-810-t.png,CPH-Gammarus sp.-810-t.png,.png,Gammarus sp,600,450,3
/Users/saanvimalla/Downloads/macro_project/data/raw/Gammarus sp/CPH-Gammarus sp.-855-t.png,CPH-Gammarus sp.-855-t.png,.png,Gammarus sp,600,450,3
/Users/saanvimalla/Downloads/macro_project/data/raw/Gammarus sp/CPH-Gammarus sp.-1295-t.png,CPH-Gammarus sp.-1295-t.png,.png,Gammarus sp,600,338,3
/Users/saanvimalla/Downloads/macro_project/data/raw/Gammarus sp/CPH-Gammarus sp.-1644-t.png,CPH-Gammarus sp.-1644-t.png,.png,Gammarus sp,600,338,3
/Users/saanvimalla/Downloads/macro_project/data/raw/Gammarus sp/CPH-Gammarus sp.-1601-t.png,CPH-Gammarus sp.-1601-t.png,.png,Gammarus sp,600,338,3
/Users/saanvimalla/Downloads/macro_project/data/raw/Gammarus sp/CPH-Gammarus sp.-1585-t.png,CPH-Gammarus sp.-1585-t.png,.png,Gammarus sp,600,338,3
/Users/saanvimalla/Downloads/macro_project/data/raw/Gammarus sp/CPH-Gammarus sp.-1154-t.png,CPH-Gammarus sp.-1154-t.png,.png,Gammarus sp,600,450,3
/Users/saanvimalla/Downloads/macro_project/data/raw/Gammarus sp/CPH-Gammarus sp.-1111-t.png,CPH-Gammarus sp.-1111-t.png,.png,Gammarus sp,600,450,3
/Users/saanvimalla/Downloads/macro_project/data/raw/Gammarus sp/CPH-Gammarus sp.-868-t.png,CPH-Gammarus sp.-868-t.png,.png,Gammarus sp,600,450,3
/Users/saanvimalla/Downloads/macro_project/data/raw/Gammarus sp/CPH-Gammarus sp.-1679-t.png,CPH-Gammarus sp.-1679-t.png,.png,Gammarus sp,600,338,3
/Users/saanvimalla/Downloads/macro_project/data/raw/Gammarus sp/CPH-Gammarus sp.-1255-t.png,CPH-Gammarus sp.-1255-t.png,.png,Gammarus sp,600,338,3
/Users/saanvimalla/Downloads/macro_project/data/raw/Gammarus sp/CPH-Gammarus sp.-1684-t.png,CPH-Gammarus sp.-1684-t.png,.png,Gammarus sp,600,338,3
/Users/saanvimalla/Downloads/macro_project/data/raw/Gammarus sp/CPH-Gammarus sp.-1210-t.png,CPH-Gammarus sp.-1210-t.png,.png,Gammarus sp,600,338,3
/Users/saanvimalla/Downloads/macro_project/data/raw/Gammarus sp/CPH-Gammarus sp.-895-t.png,CPH-Gammarus sp.-895-t.png,.png,Gammarus sp,600,450,3
/Users/saanvimalla/Downloads/macro_project/data/raw/Gammarus sp/CPH-Gammarus sp.-1578-t.png,CPH-Gammarus sp.-1578-t.png,.png,Gammarus sp,600,338,3
/Users/saanvimalla/Downloads/macro_project/data/raw/Gammarus sp/CPH-Gammarus sp.-1348-t.png,CPH-Gammarus sp.-1348-t.png,.png,Gammarus sp,600,338,3
/Users/saanvimalla/Downloads/macro_project/data/raw/Gammarus sp/CPH-Gammarus sp.-1420-t.png,CPH-Gammarus sp.-1420-t.png,.png,Gammarus sp,600,338,3
/Users/saanvimalla/Downloads/macro_project/data/raw/Gammarus sp/CPH-Gammarus sp.-1465-t.png,CPH-Gammarus sp.-1465-t.png,.png,Gammarus sp,600,338,3
/Users/saanvimalla/Downloads/macro_project/data/raw/Gammarus sp/CPH-Gammarus sp.-988-t.png,CPH-Gammarus sp.-988-t.png,.png,Gammarus sp,600,450,3
/Users/saanvimalla/Downloads/macro_project/data/raw/Gammarus sp/CPH-Gammarus sp.-975-t.png,CPH-Gammarus sp.-975-t.png,.png,Gammarus sp,600,450,3
/Users/saanvimalla/Downloads/macro_project/data/raw/Gammarus sp/CPH-Gammarus sp.-930-t.png,CPH-Gammarus sp.-930-t.png,.png,Gammarus sp,600,450,3
/Users/saanvimalla/Downloads/macro_project/data/raw/Gammarus sp/CPH-Gammarus sp.-1049-t.png,CPH-Gammarus sp.-1049-t.png,.png,Gammarus sp,600,450,3
/Users/saanvimalla/Downloads/macro_project/data/raw/Gammarus sp/CPH-Gammarus sp.-1498-t.png,CPH-Gammarus sp.-1498-t.png,.png,Gammarus sp,600,338,3
/Users/saanvimalla/Downloads/macro_project/data/raw/Gammarus sp/CPH-Gammarus sp.-1721-t.png,CPH-Gammarus sp.-1721-t.png,.png,Gammarus sp,600,338,3
/Users/saanvimalla/Downloads/macro_project/data/raw/Limnius sp/CPH-Limnius sp.-1931-t.png,CPH-Limnius sp.-1931-t.png,.png,Limnius sp,600,338,3
/Users/saanvimalla/Downloads/macro_project/data/raw/Limnius sp/CPH-Limnius sp.-1933-t.png,CPH-Limnius sp.-1933-t.png,.png,Limnius sp,600,338,3
/Users/saanvimalla/Downloads/macro_project/data/raw/Limnius sp/CPH-Limnius sp.-2202-v.png,CPH-Limnius sp.-2202-v.png,.png,Limnius sp,600,338,3
/Users/saanvimalla/Downloads/macro_project/data/raw/Limnius sp/CPH-Limnius sp.-1932-t.png,CPH-Limnius sp.-1932-t.png,.png,Limnius sp,600,338,3
/Users/saanvimalla/Downloads/macro_project/data/raw/Limnius sp/CPH-Limnius sp.-1929-t.png,CPH-Limnius sp.-1929-t.png,.png,Limnius sp,600,338,3
/Users/saanvimalla/Downloads/macro_project/data/raw/Limnius sp/CPH-Limnius sp.-2203-v.png,CPH-Limnius sp.-2203-v.png,.png,Limnius sp,600,338,3
/Users/saanvimalla/Downloads/macro_project/data/raw/Limnius sp/CPH-Limnius sp.-1934-t.png,CPH-Limnius sp.-1934-t.png,.png,Limnius sp,600,338,3
/Users/saanvimalla/Downloads/macro_project/data/raw/Limnius sp/CPH-Limnius sp.-1923-t.png,CPH-Limnius sp.-1923-t.png,.png,Limnius sp,600,338,3
/Users/saanvimalla/Downloads/macro_project/data/raw/Limnius sp/CPH-Limnius sp.-1925-t.png,CPH-Limnius sp.-1925-t.png,.png,Limnius sp,600,338,3
/Users/saanvimalla/Downloads/macro_project/data/raw/Limnius sp/CPH-Limnius sp.-1927-t.png,CPH-Limnius sp.-1927-t.png,.png,Limnius sp,600,338,3
/Users/saanvimalla/Downloads/macro_project/data/raw/Limnius sp/CPH-Limnius sp.-2193-v.png,CPH-Limnius sp.-2193-v.png,.png,Limnius sp,600,338,3
/Users/saanvimalla/Downloads/macro_project/data/raw/Limnius sp/CPH-Limnius sp.-2195-v.png,CPH-Limnius sp.-2195-v.png,.png,Limnius sp,600,338,3
/Users/saanvimalla/Downloads/macro_project/data/raw/Limnius sp/CPH-Limnius sp.-1924-t.png,CPH-Limnius sp.-1924-t.png,.png,Limnius sp,600,338,3
/Users/saanvimalla/Downloads/macro_project/data/raw/Limnius sp/CPH-Limnius sp.-2197-v.png,CPH-Limnius sp.-2197-v.png,.png,Limnius sp,600,338,3
/Users/saanvimalla/Downloads/macro_project/data/raw/Hydropsychidae sp/CPH-Hydropsychidae sp.-1860-t.png,CPH-Hydropsychidae sp.-1860-t.png,.png,Hydropsychidae sp,600,450,3
/Users/saanvimalla/Downloads/macro_project/data/raw/Hydropsychidae sp/CPH-Hydropsychidae sp.-1884-t.png,CPH-Hydropsychidae sp.-1884-t.png,.png,Hydropsychidae sp,600,450,3
/Users/saanvimalla/Downloads/macro_project/data/raw/Hydropsychidae sp/CPH-Hydropsychidae sp.-1879-t.png,CPH-Hydropsychidae sp.-1879-t.png,.png,Hydropsychidae sp,600,450,3
/Users/saanvimalla/Downloads/macro_project/data/raw/Hydropsychidae sp/CPH-Hydropsychidae sp.-1844-t.png,CPH-Hydropsychidae sp.-1844-t.png,.png,Hydropsychidae sp,600,450,3
/Users/saanvimalla/Downloads/macro_project/data/raw/Hydropsychidae sp/CPH-Hydropsychidae sp.-2072-v.png,CPH-Hydropsychidae sp.-2072-v.png,.png,Hydropsychidae sp,600,450,3
/Users/saanvimalla/Downloads/macro_project/data/raw/Hydropsychidae sp/CPH-Hydropsychidae sp.-1846-t.png,CPH-Hydropsychidae sp.-1846-t.png,.png,Hydropsychidae sp,600,450,3
/Users/saanvimalla/Downloads/macro_project/data/raw/Hydropsychidae sp/CPH-Hydropsychidae sp.-1886-t.png,CPH-Hydropsychidae sp.-1886-t.png,.png,Hydropsychidae sp,600,450,3
/Users/saanvimalla/Downloads/macro_project/data/raw/Hydropsychidae sp/CPH-Hydropsychidae sp.-2069-v.png,CPH-Hydropsychidae sp.-2069-v.png,.png,Hydropsychidae sp,600,450,3
/Users/saanvimalla/Downloads/macro_project/data/raw/Hydropsychidae sp/CPH-Hydropsychidae sp.-1827-t.png,CPH-Hydropsychidae sp.-1827-t.png,.png,Hydropsychidae sp,600,338,3
/Users/saanvimalla/Downloads/macro_project/data/raw/Hydropsychidae sp/CPH-Hydropsychidae sp.-1866-t.png,CPH-Hydropsychidae sp.-1866-t.png,.png,Hydropsychidae sp,600,450,3
/Users/saanvimalla/Downloads/macro_project/data/raw/Hydropsychidae sp/CPH-Hydropsychidae sp.-1842-t.png,CPH-Hydropsychidae sp.-1842-t.png,.png,Hydropsychidae sp,600,450,3
/Users/saanvimalla/Downloads/macro_project/data/raw/Hydropsychidae sp/CPH-Hydropsychidae sp.-1882-t.png,CPH-Hydropsychidae sp.-1882-t.png,.png,Hydropsychidae sp,600,450,3
/Users/saanvimalla/Downloads/macro_project/data/raw/Hydropsychidae sp/CPH-Hydropsychidae sp.-1838-t.png,CPH-Hydropsychidae sp.-1838-t.png,.png,Hydropsychidae sp,600,450,3
/Users/saanvimalla/Downloads/macro_project/data/raw/Hydropsychidae sp/CPH-Hydropsychidae sp.-2076-v.png,CPH-Hydropsychidae sp.-2076-v.png,.png,Hydropsychidae sp,600,450,3
/Users/saanvimalla/Downloads/macro_project/data/raw/Hydropsychidae sp/CPH-Hydropsychidae sp.-1840-t.png,CPH-Hydropsychidae sp.-1840-t.png,.png,Hydropsychidae sp,600,450,3
/Users/saanvimalla/Downloads/macro_project/data/raw/Hydropsychidae sp/CPH-Hydropsychidae sp.-1859-t.png,CPH-Hydropsychidae sp.-1859-t.png,.png,Hydropsychidae sp,600,450,3
/Users/saanvimalla/Downloads/macro_project/data/raw/Hydropsychidae sp/CPH-Hydropsychidae sp.-1863-t.png,CPH-Hydropsychidae sp.-1863-t.png,.png,Hydropsychidae sp,600,450,3
/Users/saanvimalla/Downloads/macro_project/data/raw/Hydropsychidae sp/CPH-Hydropsychidae sp.-1826-t.png,CPH-Hydropsychidae sp.-1826-t.png,.png,Hydropsychidae sp,600,338,3
/Users/saanvimalla/Downloads/macro_project/data/raw/Hydropsychidae sp/CPH-Hydropsychidae sp.-1861-t.png,CPH-Hydropsychidae sp.-1861-t.png,.png,Hydropsychidae sp,600,450,3
/Users/saanvimalla/Downloads/macro_project/data/raw/Hydropsychidae sp/CPH-Hydropsychidae sp.-2036-v.png,CPH-Hydropsychidae sp.-2036-v.png,.png,Hydropsychidae sp,600,450,3
/Users/saanvimalla/Downloads/macro_project/data/raw/Hydropsychidae sp/CPH-Hydropsychidae sp.-1845-t.png,CPH-Hydropsychidae sp.-1845-t.png,.png,Hydropsychidae sp,600,450,3
/Users/saanvimalla/Downloads/macro_project/data/raw/Hydropsychidae sp/CPH-Hydropsychidae sp.-1885-t.png,CPH-Hydropsychidae sp.-1885-t.png,.png,Hydropsychidae sp,600,450,3
/Users/saanvimalla/Downloads/macro_project/data/raw/Hydropsychidae sp/CPH-Hydropsychidae sp.-1878-t.png,CPH-Hydropsychidae sp.-1878-t.png,.png,Hydropsychidae sp,600,450,3
/Users/saanvimalla/Downloads/macro_project/data/raw/Hydropsychidae sp/CPH-Hydropsychidae sp.-1841-t.png,CPH-Hydropsychidae sp.-1841-t.png,.png,Hydropsychidae sp,600,450,3
/Users/saanvimalla/Downloads/macro_project/data/raw/Hydropsychidae sp/CPH-Hydropsychidae sp.-1839-t.png,CPH-Hydropsychidae sp.-1839-t.png,.png,Hydropsychidae sp,600,450,3
/Users/saanvimalla/Downloads/macro_project/data/raw/Hydropsychidae sp/CPH-Hydropsychidae sp.-1881-t.png,CPH-Hydropsychidae sp.-1881-t.png,.png,Hydropsychidae sp,600,450,3
/Users/saanvimalla/Downloads/macro_project/data/raw/Hydropsychidae sp/CPH-Hydropsychidae sp.-1858-t.png,CPH-Hydropsychidae sp.-1858-t.png,.png,Hydropsychidae sp,600,450,3
/Users/saanvimalla/Downloads/macro_project/data/raw/Hydropsychidae sp/CPH-Hydropsychidae sp.-1865-t.png,CPH-Hydropsychidae sp.-1865-t.png,.png,Hydropsychidae sp,600,450,3
/Users/saanvimalla/Downloads/macro_project/data/raw/Hydropsychidae sp/CPH-Hydropsychidae sp.-2053-v.png,CPH-Hydropsychidae sp.-2053-v.png,.png,Hydropsychidae sp,600,450,3
/Users/saanvimalla/Downloads/macro_project/data/raw/Hydropsychidae sp/CPH-Hydropsychidae sp.-1867-t.png,CPH-Hydropsychidae sp.-1867-t.png,.png,Hydropsychidae sp,600,450,3
/Users/saanvimalla/Downloads/macro_project/data/raw/Hydropsychidae sp/CPH-Hydropsychidae sp.-2051-v.png,CPH-Hydropsychidae sp.-2051-v.png,.png,Hydropsychidae sp,600,450,3
/Users/saanvimalla/Downloads/macro_project/data/raw/Hydropsychidae sp/CPH-Hydropsychidae sp.-1843-t.png,CPH-Hydropsychidae sp.-1843-t.png,.png,Hydropsychidae sp,600,450,3
/Users/saanvimalla/Downloads/macro_project/data/raw/Hydropsychidae sp/CPH-Hydropsychidae sp.-2044-v.png,CPH-Hydropsychidae sp.-2044-v.png,.png,Hydropsychidae sp,600,450,3
/Users/saanvimalla/Downloads/macro_project/data/raw/Hydropsychidae sp/CPH-Hydropsychidae sp.-1837-t.png,CPH-Hydropsychidae sp.-1837-t.png,.png,Hydropsychidae sp,600,450,3
/Users/saanvimalla/Downloads/macro_project/data/raw/Hydropsychidae sp/CPH-Hydropsychidae sp.-1856-t.png,CPH-Hydropsychidae sp.-1856-t.png,.png,Hydropsychidae sp,600,450,3
/Users/saanvimalla/Downloads/macro_project/data/raw/Hydropsychidae sp/CPH-Hydropsychidae sp.-2018-v.png,CPH-Hydropsychidae sp.-2018-v.png,.png,Hydropsychidae sp,600,338,3
/Users/saanvimalla/Downloads/macro_project/data/raw/Hydropsychidae sp/CPH-Hydropsychidae sp.-1894-t.png,CPH-Hydropsychidae sp.-1894-t.png,.png,Hydropsychidae sp,600,450,3
/Users/saanvimalla/Downloads/macro_project/data/raw/Hydropsychidae sp/CPH-Hydropsychidae sp.-1835-t.png,CPH-Hydropsychidae sp.-1835-t.png,.png,Hydropsychidae sp,600,450,3
/Users/saanvimalla/Downloads/macro_project/data/raw/Hydropsychidae sp/CPH-Hydropsychidae sp.-1870-t.png,CPH-Hydropsychidae sp.-1870-t.png,.png,Hydropsychidae sp,600,450,3
/Users/saanvimalla/Downloads/macro_project/data/raw/Hydropsychidae sp/CPH-Hydropsychidae sp.-1889-t.png,CPH-Hydropsychidae sp.-1889-t.png,.png,Hydropsychidae sp,600,450,3
/Users/saanvimalla/Downloads/macro_project/data/raw/Hydropsychidae sp/CPH-Hydropsychidae sp.-1849-t.png,CPH-Hydropsychidae sp.-1849-t.png,.png,Hydropsychidae sp,600,450,3
/Users/saanvimalla/Downloads/macro_project/data/raw/Hydropsychidae sp/CPH-Hydropsychidae sp.-1890-t.png,CPH-Hydropsychidae sp.-1890-t.png,.png,Hydropsychidae sp,600,450,3
/Users/saanvimalla/Downloads/macro_project/data/raw/Hydropsychidae sp/CPH-Hydropsychidae sp.-1828-t.png,CPH-Hydropsychidae sp.-1828-t.png,.png,Hydropsychidae sp,600,338,3
/Users/saanvimalla/Downloads/macro_project/data/raw/Hydropsychidae sp/CPH-Hydropsychidae sp.-1850-t.png,CPH-Hydropsychidae sp.-1850-t.png,.png,Hydropsychidae sp,600,450,3
/Users/saanvimalla/Downloads/macro_project/data/raw/Hydropsychidae sp/CPH-Hydropsychidae sp.-1852-t.png,CPH-Hydropsychidae sp.-1852-t.png,.png,Hydropsychidae sp,600,450,3
/Users/saanvimalla/Downloads/macro_project/data/raw/Hydropsychidae sp/CPH-Hydropsychidae sp.-2064-v.png,CPH-Hydropsychidae sp.-2064-v.png,.png,Hydropsychidae sp,600,450,3
/Users/saanvimalla/Downloads/macro_project/data/raw/Hydropsychidae sp/CPH-Hydropsychidae sp.-1892-t.png,CPH-Hydropsychidae sp.-1892-t.png,.png,Hydropsychidae sp,600,450,3
/Users/saanvimalla/Downloads/macro_project/data/raw/Hydropsychidae sp/CPH-Hydropsychidae sp.-1833-t.png,CPH-Hydropsychidae sp.-1833-t.png,.png,Hydropsychidae sp,600,338,3
/Users/saanvimalla/Downloads/macro_project/data/raw/Hydropsychidae sp/CPH-Hydropsychidae sp.-2063-v.png,CPH-Hydropsychidae sp.-2063-v.png,.png,Hydropsychidae sp,600,450,3
/Users/saanvimalla/Downloads/macro_project/data/raw/Hydropsychidae sp/CPH-Hydropsychidae sp.-1868-t.png,CPH-Hydropsychidae sp.-1868-t.png,.png,Hydropsychidae sp,600,450,3
/Users/saanvimalla/Downloads/macro_project/data/raw/Hydropsychidae sp/CPH-Hydropsychidae sp.-1871-t.png,CPH-Hydropsychidae sp.-1871-t.png,.png,Hydropsychidae sp,600,450,3
/Users/saanvimalla/Downloads/macro_project/data/raw/Hydropsychidae sp/CPH-Hydropsychidae sp.-1834-t.png,CPH-Hydropsychidae sp.-1834-t.png,.png,Hydropsychidae sp,600,450,3
/Users/saanvimalla/Downloads/macro_project/data/raw/Hydropsychidae sp/CPH-Hydropsychidae sp.-1873-t.png,CPH-Hydropsychidae sp.-1873-t.png,.png,Hydropsychidae sp,600,450,3
/Users/saanvimalla/Downloads/macro_project/data/raw/Hydropsychidae sp/CPH-Hydropsychidae sp.-1836-t.png,CPH-Hydropsychidae sp.-1836-t.png,.png,Hydropsychidae sp,600,450,3
/Users/saanvimalla/Downloads/macro_project/data/raw/Hydropsychidae sp/CPH-Hydropsychidae sp.-1857-t.png,CPH-Hydropsychidae sp.-1857-t.png,.png,Hydropsychidae sp,600,450,3
/Users/saanvimalla/Downloads/macro_project/data/raw/Hydropsychidae sp/CPH-Hydropsychidae sp.-2061-v.png,CPH-Hydropsychidae sp.-2061-v.png,.png,Hydropsychidae sp,600,450,3
/Users/saanvimalla/Downloads/macro_project/data/raw/Hydropsychidae sp/CPH-Hydropsychidae sp.-1893-t.png,CPH-Hydropsychidae sp.-1893-t.png,.png,Hydropsychidae sp,600,450,3
/Users/saanvimalla/Downloads/macro_project/data/raw/Hydropsychidae sp/CPH-Hydropsychidae sp.-2058-v.png,CPH-Hydropsychidae sp.-2058-v.png,.png,Hydropsychidae sp,600,450,3
/Users/saanvimalla/Downloads/macro_project/data/raw/Hydropsychidae sp/CPH-Hydropsychidae sp.-2020-v.png,CPH-Hydropsychidae sp.-2020-v.png,.png,Hydropsychidae sp,600,338,3
/Users/saanvimalla/Downloads/macro_project/data/raw/Hydropsychidae sp/CPH-Hydropsychidae sp.-2065-v.png,CPH-Hydropsychidae sp.-2065-v.png,.png,Hydropsychidae sp,600,450,3
/Users/saanvimalla/Downloads/macro_project/data/raw/Hydropsychidae sp/CPH-Hydropsychidae sp.-1853-t.png,CPH-Hydropsychidae sp.-1853-t.png,.png,Hydropsychidae sp,600,450,3
/Users/saanvimalla/Downloads/macro_project/data/raw/Hydropsychidae sp/CPH-Hydropsychidae sp.-1877-t.png,CPH-Hydropsychidae sp.-1877-t.png,.png,Hydropsychidae sp,600,450,3
/Users/saanvimalla/Downloads/macro_project/data/raw/Hydropsychidae sp/CPH-Hydropsychidae sp.-1832-t.png,CPH-Hydropsychidae sp.-1832-t.png,.png,Hydropsychidae sp,600,338,3
/Users/saanvimalla/Downloads/macro_project/data/raw/Hydropsychidae sp/CPH-Hydropsychidae sp.-1848-t.png,CPH-Hydropsychidae sp.-1848-t.png,.png,Hydropsychidae sp,600,450,3
/Users/saanvimalla/Downloads/macro_project/data/raw/Hydropsychidae sp/CPH-Hydropsychidae sp.-2043-v.png,CPH-Hydropsychidae sp.-2043-v.png,.png,Hydropsychidae sp,600,450,3
/Users/saanvimalla/Downloads/macro_project/data/raw/Hydropsychidae sp/CPH-Hydropsychidae sp.-1888-t.png,CPH-Hydropsychidae sp.-1888-t.png,.png,Hydropsychidae sp,600,450,3
/Users/saanvimalla/Downloads/macro_project/data/raw/Hydropsychidae sp/CPH-Hydropsychidae sp.-1830-t.png,CPH-Hydropsychidae sp.-1830-t.png,.png,Hydropsychidae sp,600,338,3
/Users/saanvimalla/Downloads/macro_project/data/raw/Hydropsychidae sp/CPH-Hydropsychidae sp.-1851-t.png,CPH-Hydropsychidae sp.-1851-t.png,.png,Hydropsychidae sp,600,450,3
/Users/saanvimalla/Downloads/macro_project/data/raw/Hydropsychidae sp/CPH-Hydropsychidae sp.-1891-t.png,CPH-Hydropsychidae sp.-1891-t.png,.png,Hydropsychidae sp,600,450,3
/Users/saanvimalla/Downloads/macro_project/data/raw/Baetidae sp/CPH-Baetidae sp.-467-t.png,CPH-Baetidae sp.-467-t.png,.png,Baetidae sp,600,450,3
/Users/saanvimalla/Downloads/macro_project/data/raw/Baetidae sp/CPH-Baetidae sp.-422-t.png,CPH-Baetidae sp.-422-t.png,.png,Baetidae sp,600,450,3
/Users/saanvimalla/Downloads/macro_project/data/raw/Baetidae sp/CPH-Baetidae sp.-502-t.png,CPH-Baetidae sp.-502-t.png,.png,Baetidae sp,600,338,3
/Users/saanvimalla/Downloads/macro_project/data/raw/Baetidae sp/CPH-Baetidae sp.-483-t.png,CPH-Baetidae sp.-483-t.png,.png,Baetidae sp,600,450,3
/Users/saanvimalla/Downloads/macro_project/data/raw/Baetidae sp/CPH-Baetidae sp.-443-t.png,CPH-Baetidae sp.-443-t.png,.png,Baetidae sp,600,450,3
/Users/saanvimalla/Downloads/macro_project/data/raw/Baetidae sp/CPH-Baetidae sp.-406-t.png,CPH-Baetidae sp.-406-t.png,.png,Baetidae sp,600,450,3
/Users/saanvimalla/Downloads/macro_project/data/raw/Baetidae sp/CPH-Baetidae sp.-441-t.png,CPH-Baetidae sp.-441-t.png,.png,Baetidae sp,600,450,3
/Users/saanvimalla/Downloads/macro_project/data/raw/Baetidae sp/CPH-Baetidae sp.-404-t.png,CPH-Baetidae sp.-404-t.png,.png,Baetidae sp,600,450,3
/Users/saanvimalla/Downloads/macro_project/data/raw/Baetidae sp/CPH-Baetidae sp.-439-t.png,CPH-Baetidae sp.-439-t.png,.png,Baetidae sp,600,450,3
/Users/saanvimalla/Downloads/macro_project/data/raw/Baetidae sp/CPH-Baetidae sp.-481-t.png,CPH-Baetidae sp.-481-t.png,.png,Baetidae sp,600,450,3
/Users/saanvimalla/Downloads/macro_project/data/raw/Baetidae sp/CPH-Baetidae sp.-500-t.png,CPH-Baetidae sp.-500-t.png,.png,Baetidae sp,600,338,3
/Users/saanvimalla/Downloads/macro_project/data/raw/Baetidae sp/CPH-Baetidae sp.-458-t.png,CPH-Baetidae sp.-458-t.png,.png,Baetidae sp,600,450,3
/Users/saanvimalla/Downloads/macro_project/data/raw/Baetidae sp/CPH-Baetidae sp.-465-t.png,CPH-Baetidae sp.-465-t.png,.png,Baetidae sp,600,450,3
/Users/saanvimalla/Downloads/macro_project/data/raw/Baetidae sp/CPH-Baetidae sp.-420-t.png,CPH-Baetidae sp.-420-t.png,.png,Baetidae sp,600,450,3
/Users/saanvimalla/Downloads/macro_project/data/raw/Baetidae sp/CPH-Baetidae sp.-498-t.png,CPH-Baetidae sp.-498-t.png,.png,Baetidae sp,600,338,3
/Users/saanvimalla/Downloads/macro_project/data/raw/Baetidae sp/CPH-Baetidae sp.-419-t.png,CPH-Baetidae sp.-419-t.png,.png,Baetidae sp,600,450,3
/Users/saanvimalla/Downloads/macro_project/data/raw/Baetidae sp/CPH-Baetidae sp.-461-t.png,CPH-Baetidae sp.-461-t.png,.png,Baetidae sp,600,450,3
/Users/saanvimalla/Downloads/macro_project/data/raw/Baetidae sp/CPH-Baetidae sp.-424-t.png,CPH-Baetidae sp.-424-t.png,.png,Baetidae sp,600,450,3
/Users/saanvimalla/Downloads/macro_project/data/raw/Baetidae sp/CPH-Baetidae sp.-445-t.png,CPH-Baetidae sp.-445-t.png,.png,Baetidae sp,600,450,3
/Users/saanvimalla/Downloads/macro_project/data/raw/Baetidae sp/CPH-Baetidae sp.-400-t.png,CPH-Baetidae sp.-400-t.png,.png,Baetidae sp,600,450,3
/Users/saanvimalla/Downloads/macro_project/data/raw/Baetidae sp/CPH-Baetidae sp.-395-t.png,CPH-Baetidae sp.-395-t.png,.png,Baetidae sp,600,450,3
/Users/saanvimalla/Downloads/macro_project/data/raw/Baetidae sp/CPH-Baetidae sp.-485-t.png,CPH-Baetidae sp.-485-t.png,.png,Baetidae sp,600,450,3
/Users/saanvimalla/Downloads/macro_project/data/raw/Baetidae sp/CPH-Baetidae sp.-478-t.png,CPH-Baetidae sp.-478-t.png,.png,Baetidae sp,600,450,3
/Users/saanvimalla/Downloads/macro_project/data/raw/Baetidae sp/CPH-Baetidae sp.-487-t.png,CPH-Baetidae sp.-487-t.png,.png,Baetidae sp,600,450,3
/Users/saanvimalla/Downloads/macro_project/data/raw/Baetidae sp/CPH-Baetidae sp.-397-t.png,CPH-Baetidae sp.-397-t.png,.png,Baetidae sp,600,450,3
/Users/saanvimalla/Downloads/macro_project/data/raw/Baetidae sp/CPH-Baetidae sp.-447-t.png,CPH-Baetidae sp.-447-t.png,.png,Baetidae sp,600,450,3
/Users/saanvimalla/Downloads/macro_project/data/raw/Baetidae sp/CPH-Baetidae sp.-402-t.png,CPH-Baetidae sp.-402-t.png,.png,Baetidae sp,600,450,3
/Users/saanvimalla/Downloads/macro_project/data/raw/Baetidae sp/CPH-Baetidae sp.-463-t.png,CPH-Baetidae sp.-463-t.png,.png,Baetidae sp,600,450,3
/Users/saanvimalla/Downloads/macro_project/data/raw/Baetidae sp/CPH-Baetidae sp.-426-t.png,CPH-Baetidae sp.-426-t.png,.png,Baetidae sp,600,450,3
/Users/saanvimalla/Downloads/macro_project/data/raw/Baetidae sp/CPH-Baetidae sp.-438-t.png,CPH-Baetidae sp.-438-t.png,.png,Baetidae sp,600,450,3
/Users/saanvimalla/Downloads/macro_project/data/raw/Baetidae sp/CPH-Baetidae sp.-480-t.png,CPH-Baetidae sp.-480-t.png,.png,Baetidae sp,600,450,3
/Users/saanvimalla/Downloads/macro_project/data/raw/Baetidae sp/CPH-Baetidae sp.-405-t.png,CPH-Baetidae sp.-405-t.png,.png,Baetidae sp,600,450,3
/Users/saanvimalla/Downloads/macro_project/data/raw/Baetidae sp/CPH-Baetidae sp.-440-t.png,CPH-Baetidae sp.-440-t.png,.png,Baetidae sp,600,450,3
/Users/saanvimalla/Downloads/macro_project/data/raw/Baetidae sp/CPH-Baetidae sp.-421-t.png,CPH-Baetidae sp.-421-t.png,.png,Baetidae sp,600,450,3
/Users/saanvimalla/Downloads/macro_project/data/raw/Baetidae sp/CPH-Baetidae sp.-464-t.png,CPH-Baetidae sp.-464-t.png,.png,Baetidae sp,600,450,3
/Users/saanvimalla/Downloads/macro_project/data/raw/Baetidae sp/CPH-Baetidae sp.-499-t.png,CPH-Baetidae sp.-499-t.png,.png,Baetidae sp,600,338,3
/Users/saanvimalla/Downloads/macro_project/data/raw/Baetidae sp/CPH-Baetidae sp.-459-t.png,CPH-Baetidae sp.-459-t.png,.png,Baetidae sp,600,450,3
/Users/saanvimalla/Downloads/macro_project/data/raw/Baetidae sp/CPH-Baetidae sp.-501-t.png,CPH-Baetidae sp.-501-t.png,.png,Baetidae sp,600,338,3
/Users/saanvimalla/Downloads/macro_project/data/raw/Baetidae sp/CPH-Baetidae sp.-423-t.png,CPH-Baetidae sp.-423-t.png,.png,Baetidae sp,600,450,3
/Users/saanvimalla/Downloads/macro_project/data/raw/Baetidae sp/CPH-Baetidae sp.-466-t.png,CPH-Baetidae sp.-466-t.png,.png,Baetidae sp,600,450,3
/Users/saanvimalla/Downloads/macro_project/data/raw/Baetidae sp/CPH-Baetidae sp.-407-t.png,CPH-Baetidae sp.-407-t.png,.png,Baetidae sp,600,450,3
/Users/saanvimalla/Downloads/macro_project/data/raw/Baetidae sp/CPH-Baetidae sp.-442-t.png,CPH-Baetidae sp.-442-t.png,.png,Baetidae sp,600,450,3
/Users/saanvimalla/Downloads/macro_project/data/raw/Baetidae sp/CPH-Baetidae sp.-482-t.png,CPH-Baetidae sp.-482-t.png,.png,Baetidae sp,600,450,3
/Users/saanvimalla/Downloads/macro_project/data/raw/Baetidae sp/CPH-Baetidae sp.-396-t.png,CPH-Baetidae sp.-396-t.png,.png,Baetidae sp,600,450,3
/Users/saanvimalla/Downloads/macro_project/data/raw/Baetidae sp/CPH-Baetidae sp.-403-t.png,CPH-Baetidae sp.-403-t.png,.png,Baetidae sp,600,450,3
/Users/saanvimalla/Downloads/macro_project/data/raw/Baetidae sp/CPH-Baetidae sp.-446-t.png,CPH-Baetidae sp.-446-t.png,.png,Baetidae sp,600,450,3
/Users/saanvimalla/Downloads/macro_project/data/raw/Baetidae sp/CPH-Baetidae sp.-486-t.png,CPH-Baetidae sp.-486-t.png,.png,Baetidae sp,600,450,3
/Users/saanvimalla/Downloads/macro_project/data/raw/Baetidae sp/CPH-Baetidae sp.-418-v.png,CPH-Baetidae sp.-418-v.png,.png,Baetidae sp,600,450,3
/Users/saanvimalla/Downloads/macro_project/data/raw/Baetidae sp/CPH-Baetidae sp.-427-t.png,CPH-Baetidae sp.-427-t.png,.png,Baetidae sp,600,450,3
/Users/saanvimalla/Downloads/macro_project/data/raw/Baetidae sp/CPH-Baetidae sp.-462-t.png,CPH-Baetidae sp.-462-t.png,.png,Baetidae sp,600,450,3
/Users/saanvimalla/Downloads/macro_project/data/raw/Baetidae sp/CPH-Baetidae sp.-425-t.png,CPH-Baetidae sp.-425-t.png,.png,Baetidae sp,600,450,3
/Users/saanvimalla/Downloads/macro_project/data/raw/Baetidae sp/CPH-Baetidae sp.-460-t.png,CPH-Baetidae sp.-460-t.png,.png,Baetidae sp,600,450,3
/Users/saanvimalla/Downloads/macro_project/data/raw/Baetidae sp/CPH-Baetidae sp.-484-t.png,CPH-Baetidae sp.-484-t.png,.png,Baetidae sp,600,450,3
/Users/saanvimalla/Downloads/macro_project/data/raw/Baetidae sp/CPH-Baetidae sp.-479-t.png,CPH-Baetidae sp.-479-t.png,.png,Baetidae sp,600,450,3
/Users/saanvimalla/Downloads/macro_project/data/raw/Baetidae sp/CPH-Baetidae sp.-401-t.png,CPH-Baetidae sp.-401-t.png,.png,Baetidae sp,600,450,3
/Users/saanvimalla/Downloads/macro_project/data/raw/Baetidae sp/CPH-Baetidae sp.-444-t.png,CPH-Baetidae sp.-444-t.png,.png,Baetidae sp,600,450,3
/Users/saanvimalla/Downloads/macro_project/data/raw/Baetidae sp/CPH-Baetidae sp.-394-t.png,CPH-Baetidae sp.-394-t.png,.png,Baetidae sp,600,450,3
/Users/saanvimalla/Downloads/macro_project/data/raw/Baetidae sp/CPH-Baetidae sp.-448-t.png,CPH-Baetidae sp.-448-t.png,.png,Baetidae sp,600,450,3
/Users/saanvimalla/Downloads/macro_project/data/raw/Baetidae sp/CPH-Baetidae sp.-398-t.png,CPH-Baetidae sp.-398-t.png,.png,Baetidae sp,600,450,3
/Users/saanvimalla/Downloads/macro_project/data/raw/Baetidae sp/CPH-Baetidae sp.-488-t.png,CPH-Baetidae sp.-488-t.png,.png,Baetidae sp,600,450,3
/Users/saanvimalla/Downloads/macro_project/data/raw/Baetidae sp/CPH-Baetidae sp.-475-t.png,CPH-Baetidae sp.-475-t.png,.png,Baetidae sp,600,450,3
/Users/saanvimalla/Downloads/macro_project/data/raw/Baetidae sp/CPH-Baetidae sp.-430-t.png,CPH-Baetidae sp.-430-t.png,.png,Baetidae sp,600,450,3
/Users/saanvimalla/Downloads/macro_project/data/raw/Baetidae sp/CPH-Baetidae sp.-451-t.png,CPH-Baetidae sp.-451-t.png,.png,Baetidae sp,600,450,3
/Users/saanvimalla/Downloads/macro_project/data/raw/Baetidae sp/CPH-Baetidae sp.-414-t.png,CPH-Baetidae sp.-414-t.png,.png,Baetidae sp,600,450,3
/Users/saanvimalla/Downloads/macro_project/data/raw/Baetidae sp/CPH-Baetidae sp.-491-t.png,CPH-Baetidae sp.-491-t.png,.png,Baetidae sp,600,338,3
/Users/saanvimalla/Downloads/macro_project/data/raw/Baetidae sp/CPH-Baetidae sp.-429-t.png,CPH-Baetidae sp.-429-t.png,.png,Baetidae sp,600,450,3
/Users/saanvimalla/Downloads/macro_project/data/raw/Baetidae sp/CPH-Baetidae sp.-493-t.png,CPH-Baetidae sp.-493-t.png,.png,Baetidae sp,600,338,3
/Users/saanvimalla/Downloads/macro_project/data/raw/Baetidae sp/CPH-Baetidae sp.-453-t.png,CPH-Baetidae sp.-453-t.png,.png,Baetidae sp,600,450,3
/Users/saanvimalla/Downloads/macro_project/data/raw/Baetidae sp/CPH-Baetidae sp.-416-t.png,CPH-Baetidae sp.-416-t.png,.png,Baetidae sp,600,450,3
/Users/saanvimalla/Downloads/macro_project/data/raw/Baetidae sp/CPH-Baetidae sp.-477-t.png,CPH-Baetidae sp.-477-t.png,.png,Baetidae sp,600,450,3
/Users/saanvimalla/Downloads/macro_project/data/raw/Baetidae sp/CPH-Baetidae sp.-432-t.png,CPH-Baetidae sp.-432-t.png,.png,Baetidae sp,600,450,3
/Users/saanvimalla/Downloads/macro_project/data/raw/Baetidae sp/CPH-Baetidae sp.-473-t.png,CPH-Baetidae sp.-473-t.png,.png,Baetidae sp,600,450,3
/Users/saanvimalla/Downloads/macro_project/data/raw/Baetidae sp/CPH-Baetidae sp.-436-t.png,CPH-Baetidae sp.-436-t.png,.png,Baetidae sp,600,450,3
/Users/saanvimalla/Downloads/macro_project/data/raw/Baetidae sp/CPH-Baetidae sp.-497-t.png,CPH-Baetidae sp.-497-t.png,.png,Baetidae sp,600,338,3
/Users/saanvimalla/Downloads/macro_project/data/raw/Baetidae sp/CPH-Baetidae sp.-457-t.png,CPH-Baetidae sp.-457-t.png,.png,Baetidae sp,600,450,3
/Users/saanvimalla/Downloads/macro_project/data/raw/Baetidae sp/CPH-Baetidae sp.-412-t.png,CPH-Baetidae sp.-412-t.png,.png,Baetidae sp,600,450,3
/Users/saanvimalla/Downloads/macro_project/data/raw/Baetidae sp/CPH-Baetidae sp.-455-t.png,CPH-Baetidae sp.-455-t.png,.png,Baetidae sp,600,450,3
/Users/saanvimalla/Downloads/macro_project/data/raw/Baetidae sp/CPH-Baetidae sp.-410-t.png,CPH-Baetidae sp.-410-t.png,.png,Baetidae sp,600,450,3
/Users/saanvimalla/Downloads/macro_project/data/raw/Baetidae sp/CPH-Baetidae sp.-468-t.png,CPH-Baetidae sp.-468-t.png,.png,Baetidae sp,600,450,3
/Users/saanvimalla/Downloads/macro_project/data/raw/Baetidae sp/CPH-Baetidae sp.-495-t.png,CPH-Baetidae sp.-495-t.png,.png,Baetidae sp,600,338,3
/Users/saanvimalla/Downloads/macro_project/data/raw/Baetidae sp/CPH-Baetidae sp.-409-t.png,CPH-Baetidae sp.-409-t.png,.png,Baetidae sp,600,450,3
/Users/saanvimalla/Downloads/macro_project/data/raw/Baetidae sp/CPH-Baetidae sp.-471-t.png,CPH-Baetidae sp.-471-t.png,.png,Baetidae sp,600,450,3
/Users/saanvimalla/Downloads/macro_project/data/raw/Baetidae sp/CPH-Baetidae sp.-434-t.png,CPH-Baetidae sp.-434-t.png,.png,Baetidae sp,600,450,3
/Users/saanvimalla/Downloads/macro_project/data/raw/Baetidae sp/CPH-Baetidae sp.-417-t.png,CPH-Baetidae sp.-417-t.png,.png,Baetidae sp,600,450,3
/Users/saanvimalla/Downloads/macro_project/data/raw/Baetidae sp/CPH-Baetidae sp.-452-t.png,CPH-Baetidae sp.-452-t.png,.png,Baetidae sp,600,450,3
/Users/saanvimalla/Downloads/macro_project/data/raw/Baetidae sp/CPH-Baetidae sp.-492-t.png,CPH-Baetidae sp.-492-t.png,.png,Baetidae sp,600,338,3
/Users/saanvimalla/Downloads/macro_project/data/raw/Baetidae sp/CPH-Baetidae sp.-433-t.png,CPH-Baetidae sp.-433-t.png,.png,Baetidae sp,600,450,3
/Users/saanvimalla/Downloads/macro_project/data/raw/Baetidae sp/CPH-Baetidae sp.-476-t.png,CPH-Baetidae sp.-476-t.png,.png,Baetidae sp,600,450,3
/Users/saanvimalla/Downloads/macro_project/data/raw/Baetidae sp/CPH-Baetidae sp.-489-t.png,CPH-Baetidae sp.-489-t.png,.png,Baetidae sp,600,450,3
/Users/saanvimalla/Downloads/macro_project/data/raw/Baetidae sp/CPH-Baetidae sp.-431-t.png,CPH-Baetidae sp.-431-t.png,.png,Baetidae sp,600,450,3
/Users/saanvimalla/Downloads/macro_project/data/raw/Baetidae sp/CPH-Baetidae sp.-474-t.png,CPH-Baetidae sp.-474-t.png,.png,Baetidae sp,600,450,3
/Users/saanvimalla/Downloads/macro_project/data/raw/Baetidae sp/CPH-Baetidae sp.-449-t.png,CPH-Baetidae sp.-449-t.png,.png,Baetidae sp,600,450,3
/Users/saanvimalla/Downloads/macro_project/data/raw/Baetidae sp/CPH-Baetidae sp.-399-t.png,CPH-Baetidae sp.-399-t.png,.png,Baetidae sp,600,450,3
/Users/saanvimalla/Downloads/macro_project/data/raw/Baetidae sp/CPH-Baetidae sp.-490-t.png,CPH-Baetidae sp.-490-t.png,.png,Baetidae sp,600,338,3
/Users/saanvimalla/Downloads/macro_project/data/raw/Baetidae sp/CPH-Baetidae sp.-428-t.png,CPH-Baetidae sp.-428-t.png,.png,Baetidae sp,600,450,3
/Users/saanvimalla/Downloads/macro_project/data/raw/Baetidae sp/CPH-Baetidae sp.-415-t.png,CPH-Baetidae sp.-415-t.png,.png,Baetidae sp,600,450,3
/Users/saanvimalla/Downloads/macro_project/data/raw/Baetidae sp/CPH-Baetidae sp.-450-t.png,CPH-Baetidae sp.-450-t.png,.png,Baetidae sp,600,450,3
/Users/saanvimalla/Downloads/macro_project/data/raw/Baetidae sp/CPH-Baetidae sp.-469-t.png,CPH-Baetidae sp.-469-t.png,.png,Baetidae sp,600,450,3
/Users/saanvimalla/Downloads/macro_project/data/raw/Baetidae sp/CPH-Baetidae sp.-494-t.png,CPH-Baetidae sp.-494-t.png,.png,Baetidae sp,600,338,3
/Users/saanvimalla/Downloads/macro_project/data/raw/Baetidae sp/CPH-Baetidae sp.-411-t.png,CPH-Baetidae sp.-411-t.png,.png,Baetidae sp,600,450,3
/Users/saanvimalla/Downloads/macro_project/data/raw/Baetidae sp/CPH-Baetidae sp.-454-t.png,CPH-Baetidae sp.-454-t.png,.png,Baetidae sp,600,450,3
/Users/saanvimalla/Downloads/macro_project/data/raw/Baetidae sp/CPH-Baetidae sp.-472-v.png,CPH-Baetidae sp.-472-v.png,.png,Baetidae sp,600,450,3
/Users/saanvimalla/Downloads/macro_project/data/raw/Baetidae sp/CPH-Baetidae sp.-435-t.png,CPH-Baetidae sp.-435-t.png,.png,Baetidae sp,600,450,3
/Users/saanvimalla/Downloads/macro_project/data/raw/Baetidae sp/CPH-Baetidae sp.-470-t.png,CPH-Baetidae sp.-470-t.png,.png,Baetidae sp,600,450,3
/Users/saanvimalla/Downloads/macro_project/data/raw/Baetidae sp/CPH-Baetidae sp.-408-t.png,CPH-Baetidae sp.-408-t.png,.png,Baetidae sp,600,450,3
/Users/saanvimalla/Downloads/macro_project/data/raw/Baetidae sp/CPH-Baetidae sp.-437-t.png,CPH-Baetidae sp.-437-t.png,.png,Baetidae sp,600,450,3
/Users/saanvimalla/Downloads/macro_project/data/raw/Baetidae sp/CPH-Baetidae sp.-413-t.png,CPH-Baetidae sp.-413-t.png,.png,Baetidae sp,600,450,3
/Users/saanvimalla/Downloads/macro_project/data/raw/Baetidae sp/CPH-Baetidae sp.-456-t.png,CPH-Baetidae sp.-456-t.png,.png,Baetidae sp,600,450,3
/Users/saanvimalla/Downloads/macro_project/data/raw/Baetidae sp/CPH-Baetidae sp.-496-t.png,CPH-Baetidae sp.-496-t.png,.png,Baetidae sp,600,338,3
/Users/saanvimalla/Downloads/macro_project/data/raw/Erpobdella sp/CPH-Erpobdella sp.-684-t.png,CPH-Erpobdella sp.-684-t.png,.png,Erpobdella sp,600,450,3
/Users/saanvimalla/Downloads/macro_project/data/raw/Erpobdella sp/CPH-Erpobdella sp.-740-t.png,CPH-Erpobdella sp.-740-t.png,.png,Erpobdella sp,600,450,3
/Users/saanvimalla/Downloads/macro_project/data/raw/Erpobdella sp/CPH-Erpobdella sp.-705-t.png,CPH-Erpobdella sp.-705-t.png,.png,Erpobdella sp,600,450,3
/Users/saanvimalla/Downloads/macro_project/data/raw/Erpobdella sp/CPH-Erpobdella sp.-738-t.png,CPH-Erpobdella sp.-738-t.png,.png,Erpobdella sp,600,450,3
/Users/saanvimalla/Downloads/macro_project/data/raw/Erpobdella sp/CPH-Erpobdella sp.-811-v.png,CPH-Erpobdella sp.-811-v.png,.png,Erpobdella sp,600,450,3
/Users/saanvimalla/Downloads/macro_project/data/raw/Erpobdella sp/CPH-Erpobdella sp.-662-t.png,CPH-Erpobdella sp.-662-t.png,.png,Erpobdella sp,600,338,3
/Users/saanvimalla/Downloads/macro_project/data/raw/Erpobdella sp/CPH-Erpobdella sp.-742-t.png,CPH-Erpobdella sp.-742-t.png,.png,Erpobdella sp,600,450,3
/Users/saanvimalla/Downloads/macro_project/data/raw/Erpobdella sp/CPH-Erpobdella sp.-707-t.png,CPH-Erpobdella sp.-707-t.png,.png,Erpobdella sp,600,450,3
/Users/saanvimalla/Downloads/macro_project/data/raw/Erpobdella sp/CPH-Erpobdella sp.-764-v.png,CPH-Erpobdella sp.-764-v.png,.png,Erpobdella sp,600,338,3
/Users/saanvimalla/Downloads/macro_project/data/raw/Erpobdella sp/CPH-Erpobdella sp.-686-t.png,CPH-Erpobdella sp.-686-t.png,.png,Erpobdella sp,600,450,3
/Users/saanvimalla/Downloads/macro_project/data/raw/Erpobdella sp/CPH-Erpobdella sp.-723-t.png,CPH-Erpobdella sp.-723-t.png,.png,Erpobdella sp,600,450,3
/Users/saanvimalla/Downloads/macro_project/data/raw/Erpobdella sp/CPH-Erpobdella sp.-646-t.png,CPH-Erpobdella sp.-646-t.png,.png,Erpobdella sp,600,338,3
/Users/saanvimalla/Downloads/macro_project/data/raw/Erpobdella sp/CPH-Erpobdella sp.-727-t.png,CPH-Erpobdella sp.-727-t.png,.png,Erpobdella sp,600,450,3
/Users/saanvimalla/Downloads/macro_project/data/raw/Erpobdella sp/CPH-Erpobdella sp.-682-t.png,CPH-Erpobdella sp.-682-t.png,.png,Erpobdella sp,600,450,3
/Users/saanvimalla/Downloads/macro_project/data/raw/Erpobdella sp/CPH-Erpobdella sp.-642-t.png,CPH-Erpobdella sp.-642-t.png,.png,Erpobdella sp,600,338,3
/Users/saanvimalla/Downloads/macro_project/data/raw/Erpobdella sp/CPH-Erpobdella sp.-852-v.png,CPH-Erpobdella sp.-852-v.png,.png,Erpobdella sp,600,450,3
/Users/saanvimalla/Downloads/macro_project/data/raw/Erpobdella sp/CPH-Erpobdella sp.-779-v.png,CPH-Erpobdella sp.-779-v.png,.png,Erpobdella sp,600,338,3
/Users/saanvimalla/Downloads/macro_project/data/raw/Erpobdella sp/CPH-Erpobdella sp.-666-t.png,CPH-Erpobdella sp.-666-t.png,.png,Erpobdella sp,600,450,3
/Users/saanvimalla/Downloads/macro_project/data/raw/Erpobdella sp/CPH-Erpobdella sp.-703-t.png,CPH-Erpobdella sp.-703-t.png,.png,Erpobdella sp,600,450,3
/Users/saanvimalla/Downloads/macro_project/data/raw/Erpobdella sp/CPH-Erpobdella sp.-701-t.png,CPH-Erpobdella sp.-701-t.png,.png,Erpobdella sp,600,450,3
/Users/saanvimalla/Downloads/macro_project/data/raw/Erpobdella sp/CPH-Erpobdella sp.-659-t.png,CPH-Erpobdella sp.-659-t.png,.png,Erpobdella sp,600,338,3
/Users/saanvimalla/Downloads/macro_project/data/raw/Erpobdella sp/CPH-Erpobdella sp.-699-t.png,CPH-Erpobdella sp.-699-t.png,.png,Erpobdella sp,600,450,3
/Users/saanvimalla/Downloads/macro_project/data/raw/Erpobdella sp/CPH-Erpobdella sp.-831-v.png,CPH-Erpobdella sp.-831-v.png,.png,Erpobdella sp,600,450,3
/Users/saanvimalla/Downloads/macro_project/data/raw/Erpobdella sp/CPH-Erpobdella sp.-640-t.png,CPH-Erpobdella sp.-640-t.png,.png,Erpobdella sp,600,338,3
/Users/saanvimalla/Downloads/macro_project/data/raw/Erpobdella sp/CPH-Erpobdella sp.-718-t.png,CPH-Erpobdella sp.-718-t.png,.png,Erpobdella sp,600,450,3
/Users/saanvimalla/Downloads/macro_project/data/raw/Erpobdella sp/CPH-Erpobdella sp.-725-t.png,CPH-Erpobdella sp.-725-t.png,.png,Erpobdella sp,600,450,3
/Users/saanvimalla/Downloads/macro_project/data/raw/Erpobdella sp/CPH-Erpobdella sp.-638-t.png,CPH-Erpobdella sp.-638-t.png,.png,Erpobdella sp,600,450,3
/Users/saanvimalla/Downloads/macro_project/data/raw/Erpobdella sp/CPH-Erpobdella sp.-680-t.png,CPH-Erpobdella sp.-680-t.png,.png,Erpobdella sp,600,450,3
/Users/saanvimalla/Downloads/macro_project/data/raw/Erpobdella sp/CPH-Erpobdella sp.-706-t.png,CPH-Erpobdella sp.-706-t.png,.png,Erpobdella sp,600,450,3
/Users/saanvimalla/Downloads/macro_project/data/raw/Erpobdella sp/CPH-Erpobdella sp.-743-t.png,CPH-Erpobdella sp.-743-t.png,.png,Erpobdella sp,600,450,3
/Users/saanvimalla/Downloads/macro_project/data/raw/Erpobdella sp/CPH-Erpobdella sp.-663-t.png,CPH-Erpobdella sp.-663-t.png,.png,Erpobdella sp,600,450,3
/Users/saanvimalla/Downloads/macro_project/data/raw/Erpobdella sp/CPH-Erpobdella sp.-812-v.png,CPH-Erpobdella sp.-812-v.png,.png,Erpobdella sp,600,450,3
/Users/saanvimalla/Downloads/macro_project/data/raw/Erpobdella sp/CPH-Erpobdella sp.-647-t.png,CPH-Erpobdella sp.-647-t.png,.png,Erpobdella sp,600,338,3
/Users/saanvimalla/Downloads/macro_project/data/raw/Erpobdella sp/CPH-Erpobdella sp.-722-t.png,CPH-Erpobdella sp.-722-t.png,.png,Erpobdella sp,600,450,3
/Users/saanvimalla/Downloads/macro_project/data/raw/Erpobdella sp/CPH-Erpobdella sp.-798-v.png,CPH-Erpobdella sp.-798-v.png,.png,Erpobdella sp,600,450,3
/Users/saanvimalla/Downloads/macro_project/data/raw/Erpobdella sp/CPH-Erpobdella sp.-687-t.png,CPH-Erpobdella sp.-687-t.png,.png,Erpobdella sp,600,450,3
/Users/saanvimalla/Downloads/macro_project/data/raw/Erpobdella sp/CPH-Erpobdella sp.-720-t.png,CPH-Erpobdella sp.-720-t.png,.png,Erpobdella sp,600,450,3
/Users/saanvimalla/Downloads/macro_project/data/raw/Erpobdella sp/CPH-Erpobdella sp.-685-t.png,CPH-Erpobdella sp.-685-t.png,.png,Erpobdella sp,600,450,3
/Users/saanvimalla/Downloads/macro_project/data/raw/Erpobdella sp/CPH-Erpobdella sp.-678-t.png,CPH-Erpobdella sp.-678-t.png,.png,Erpobdella sp,600,450,3
/Users/saanvimalla/Downloads/macro_project/data/raw/Erpobdella sp/CPH-Erpobdella sp.-661-t.png,CPH-Erpobdella sp.-661-t.png,.png,Erpobdella sp,600,338,3
/Users/saanvimalla/Downloads/macro_project/data/raw/Erpobdella sp/CPH-Erpobdella sp.-783-v.png,CPH-Erpobdella sp.-783-v.png,.png,Erpobdella sp,600,450,3
/Users/saanvimalla/Downloads/macro_project/data/raw/Erpobdella sp/CPH-Erpobdella sp.-739-t.png,CPH-Erpobdella sp.-739-t.png,.png,Erpobdella sp,600,450,3
/Users/saanvimalla/Downloads/macro_project/data/raw/Erpobdella sp/CPH-Erpobdella sp.-704-t.png,CPH-Erpobdella sp.-704-t.png,.png,Erpobdella sp,600,450,3
/Users/saanvimalla/Downloads/macro_project/data/raw/Erpobdella sp/CPH-Erpobdella sp.-741-t.png,CPH-Erpobdella sp.-741-t.png,.png,Erpobdella sp,600,450,3
/Users/saanvimalla/Downloads/macro_project/data/raw/Erpobdella sp/CPH-Erpobdella sp.-665-t.png,CPH-Erpobdella sp.-665-t.png,.png,Erpobdella sp,600,450,3
/Users/saanvimalla/Downloads/macro_project/data/raw/Erpobdella sp/CPH-Erpobdella sp.-698-t.png,CPH-Erpobdella sp.-698-t.png,.png,Erpobdella sp,600,450,3
/Users/saanvimalla/Downloads/macro_project/data/raw/Erpobdella sp/CPH-Erpobdella sp.-658-t.png,CPH-Erpobdella sp.-658-t.png,.png,Erpobdella sp,600,338,3
/Users/saanvimalla/Downloads/macro_project/data/raw/Erpobdella sp/CPH-Erpobdella sp.-700-t.png,CPH-Erpobdella sp.-700-t.png,.png,Erpobdella sp,600,450,3
/Users/saanvimalla/Downloads/macro_project/data/raw/Erpobdella sp/CPH-Erpobdella sp.-639-t.png,CPH-Erpobdella sp.-639-t.png,.png,Erpobdella sp,600,338,3
/Users/saanvimalla/Downloads/macro_project/data/raw/Erpobdella sp/CPH-Erpobdella sp.-681-t.png,CPH-Erpobdella sp.-681-t.png,.png,Erpobdella sp,600,450,3
/Users/saanvimalla/Downloads/macro_project/data/raw/Erpobdella sp/CPH-Erpobdella sp.-763-v.png,CPH-Erpobdella sp.-763-v.png,.png,Erpobdella sp,600,338,3
/Users/saanvimalla/Downloads/macro_project/data/raw/Erpobdella sp/CPH-Erpobdella sp.-724-t.png,CPH-Erpobdella sp.-724-t.png,.png,Erpobdella sp,600,450,3
/Users/saanvimalla/Downloads/macro_project/data/raw/Erpobdella sp/CPH-Erpobdella sp.-719-t.png,CPH-Erpobdella sp.-719-t.png,.png,Erpobdella sp,600,450,3
/Users/saanvimalla/Downloads/macro_project/data/raw/Erpobdella sp/CPH-Erpobdella sp.-641-t.png,CPH-Erpobdella sp.-641-t.png,.png,Erpobdella sp,600,338,3
/Users/saanvimalla/Downloads/macro_project/data/raw/Erpobdella sp/CPH-Erpobdella sp.-643-t.png,CPH-Erpobdella sp.-643-t.png,.png,Erpobdella sp,600,338,3
/Users/saanvimalla/Downloads/macro_project/data/raw/Erpobdella sp/CPH-Erpobdella sp.-683-t.png,CPH-Erpobdella sp.-683-t.png,.png,Erpobdella sp,600,450,3
/Users/saanvimalla/Downloads/macro_project/data/raw/Erpobdella sp/CPH-Erpobdella sp.-726-t.png,CPH-Erpobdella sp.-726-t.png,.png,Erpobdella sp,600,450,3
/Users/saanvimalla/Downloads/macro_project/data/raw/Erpobdella sp/CPH-Erpobdella sp.-702-t.png,CPH-Erpobdella sp.-702-t.png,.png,Erpobdella sp,600,450,3
/Users/saanvimalla/Downloads/macro_project/data/raw/Erpobdella sp/CPH-Erpobdella sp.-667-t.png,CPH-Erpobdella sp.-667-t.png,.png,Erpobdella sp,600,450,3
/Users/saanvimalla/Downloads/macro_project/data/raw/Erpobdella sp/CPH-Erpobdella sp.-696-t.png,CPH-Erpobdella sp.-696-t.png,.png,Erpobdella sp,600,450,3
/Users/saanvimalla/Downloads/macro_project/data/raw/Erpobdella sp/CPH-Erpobdella sp.-637-t.png,CPH-Erpobdella sp.-637-t.png,.png,Erpobdella sp,600,450,3
/Users/saanvimalla/Downloads/macro_project/data/raw/Erpobdella sp/CPH-Erpobdella sp.-672-t.png,CPH-Erpobdella sp.-672-t.png,.png,Erpobdella sp,600,450,3
/Users/saanvimalla/Downloads/macro_project/data/raw/Erpobdella sp/CPH-Erpobdella sp.-717-t.png,CPH-Erpobdella sp.-717-t.png,.png,Erpobdella sp,600,450,3
/Users/saanvimalla/Downloads/macro_project/data/raw/Erpobdella sp/CPH-Erpobdella sp.-715-t.png,CPH-Erpobdella sp.-715-t.png,.png,Erpobdella sp,600,450,3
/Users/saanvimalla/Downloads/macro_project/data/raw/Erpobdella sp/CPH-Erpobdella sp.-670-t.png,CPH-Erpobdella sp.-670-t.png,.png,Erpobdella sp,600,450,3
/Users/saanvimalla/Downloads/macro_project/data/raw/Erpobdella sp/CPH-Erpobdella sp.-728-t.png,CPH-Erpobdella sp.-728-t.png,.png,Erpobdella sp,600,450,3
/Users/saanvimalla/Downloads/macro_project/data/raw/Erpobdella sp/CPH-Erpobdella sp.-731-t.png,CPH-Erpobdella sp.-731-t.png,.png,Erpobdella sp,600,450,3
/Users/saanvimalla/Downloads/macro_project/data/raw/Erpobdella sp/CPH-Erpobdella sp.-669-t.png,CPH-Erpobdella sp.-669-t.png,.png,Erpobdella sp,600,450,3
/Users/saanvimalla/Downloads/macro_project/data/raw/Erpobdella sp/CPH-Erpobdella sp.-694-t.png,CPH-Erpobdella sp.-694-t.png,.png,Erpobdella sp,600,450,3
/Users/saanvimalla/Downloads/macro_project/data/raw/Erpobdella sp/CPH-Erpobdella sp.-776-v.png,CPH-Erpobdella sp.-776-v.png,.png,Erpobdella sp,600,338,3
/Users/saanvimalla/Downloads/macro_project/data/raw/Erpobdella sp/CPH-Erpobdella sp.-708-t.png,CPH-Erpobdella sp.-708-t.png,.png,Erpobdella sp,600,450,3
/Users/saanvimalla/Downloads/macro_project/data/raw/Erpobdella sp/CPH-Erpobdella sp.-690-t.png,CPH-Erpobdella sp.-690-t.png,.png,Erpobdella sp,600,450,3
/Users/saanvimalla/Downloads/macro_project/data/raw/Erpobdella sp/CPH-Erpobdella sp.-735-t.png,CPH-Erpobdella sp.-735-t.png,.png,Erpobdella sp,600,450,3
/Users/saanvimalla/Downloads/macro_project/data/raw/Erpobdella sp/CPH-Erpobdella sp.-649-t.png,CPH-Erpobdella sp.-649-t.png,.png,Erpobdella sp,600,338,3
/Users/saanvimalla/Downloads/macro_project/data/raw/Erpobdella sp/CPH-Erpobdella sp.-711-t.png,CPH-Erpobdella sp.-711-t.png,.png,Erpobdella sp,600,450,3
/Users/saanvimalla/Downloads/macro_project/data/raw/Erpobdella sp/CPH-Erpobdella sp.-689-t.png,CPH-Erpobdella sp.-689-t.png,.png,Erpobdella sp,600,450,3
/Users/saanvimalla/Downloads/macro_project/data/raw/Erpobdella sp/CPH-Erpobdella sp.-840-v.png,CPH-Erpobdella sp.-840-v.png,.png,Erpobdella sp,600,450,3
/Users/saanvimalla/Downloads/macro_project/data/raw/Erpobdella sp/CPH-Erpobdella sp.-674-t.png,CPH-Erpobdella sp.-674-t.png,.png,Erpobdella sp,600,450,3
/Users/saanvimalla/Downloads/macro_project/data/raw/Erpobdella sp/CPH-Erpobdella sp.-794-v.png,CPH-Erpobdella sp.-794-v.png,.png,Erpobdella sp,600,450,3
/Users/saanvimalla/Downloads/macro_project/data/raw/Erpobdella sp/CPH-Erpobdella sp.-676-t.png,CPH-Erpobdella sp.-676-t.png,.png,Erpobdella sp,600,450,3
/Users/saanvimalla/Downloads/macro_project/data/raw/Erpobdella sp/CPH-Erpobdella sp.-769-v.png,CPH-Erpobdella sp.-769-v.png,.png,Erpobdella sp,600,338,3
/Users/saanvimalla/Downloads/macro_project/data/raw/Erpobdella sp/CPH-Erpobdella sp.-713-t.png,CPH-Erpobdella sp.-713-t.png,.png,Erpobdella sp,600,450,3
/Users/saanvimalla/Downloads/macro_project/data/raw/Erpobdella sp/CPH-Erpobdella sp.-737-t.png,CPH-Erpobdella sp.-737-t.png,.png,Erpobdella sp,600,450,3
/Users/saanvimalla/Downloads/macro_project/data/raw/Erpobdella sp/CPH-Erpobdella sp.-652-t.png,CPH-Erpobdella sp.-652-t.png,.png,Erpobdella sp,600,338,3
/Users/saanvimalla/Downloads/macro_project/data/raw/Erpobdella sp/CPH-Erpobdella sp.-729-t.png,CPH-Erpobdella sp.-729-t.png,.png,Erpobdella sp,600,450,3
/Users/saanvimalla/Downloads/macro_project/data/raw/Erpobdella sp/CPH-Erpobdella sp.-671-t.png,CPH-Erpobdella sp.-671-t.png,.png,Erpobdella sp,600,450,3
/Users/saanvimalla/Downloads/macro_project/data/raw/Erpobdella sp/CPH-Erpobdella sp.-714-t.png,CPH-Erpobdella sp.-714-t.png,.png,Erpobdella sp,600,450,3
/Users/saanvimalla/Downloads/macro_project/data/raw/Erpobdella sp/CPH-Erpobdella sp.-668-t.png,CPH-Erpobdella sp.-668-t.png,.png,Erpobdella sp,600,450,3
/Users/saanvimalla/Downloads/macro_project/data/raw/Erpobdella sp/CPH-Erpobdella sp.-695-t.png,CPH-Erpobdella sp.-695-t.png,.png,Erpobdella sp,600,450,3
/Users/saanvimalla/Downloads/macro_project/data/raw/Erpobdella sp/CPH-Erpobdella sp.-730-t.png,CPH-Erpobdella sp.-730-t.png,.png,Erpobdella sp,600,450,3
/Users/saanvimalla/Downloads/macro_project/data/raw/Erpobdella sp/CPH-Erpobdella sp.-655-t.png,CPH-Erpobdella sp.-655-t.png,.png,Erpobdella sp,600,338,3
/Users/saanvimalla/Downloads/macro_project/data/raw/Erpobdella sp/CPH-Erpobdella sp.-775-v.png,CPH-Erpobdella sp.-775-v.png,.png,Erpobdella sp,600,338,3
/Users/saanvimalla/Downloads/macro_project/data/raw/Erpobdella sp/CPH-Erpobdella sp.-697-t.png,CPH-Erpobdella sp.-697-t.png,.png,Erpobdella sp,600,450,3
/Users/saanvimalla/Downloads/macro_project/data/raw/Erpobdella sp/CPH-Erpobdella sp.-732-t.png,CPH-Erpobdella sp.-732-t.png,.png,Erpobdella sp,600,450,3
/Users/saanvimalla/Downloads/macro_project/data/raw/Erpobdella sp/CPH-Erpobdella sp.-716-t.png,CPH-Erpobdella sp.-716-t.png,.png,Erpobdella sp,600,450,3
/Users/saanvimalla/Downloads/macro_project/data/raw/Erpobdella sp/CPH-Erpobdella sp.-673-t.png,CPH-Erpobdella sp.-673-t.png,.png,Erpobdella sp,600,450,3
/Users/saanvimalla/Downloads/macro_project/data/raw/Erpobdella sp/CPH-Erpobdella sp.-677-t.png,CPH-Erpobdella sp.-677-t.png,.png,Erpobdella sp,600,450,3
/Users/saanvimalla/Downloads/macro_project/data/raw/Erpobdella sp/CPH-Erpobdella sp.-653-t.png,CPH-Erpobdella sp.-653-t.png,.png,Erpobdella sp,600,338,3
/Users/saanvimalla/Downloads/macro_project/data/raw/Erpobdella sp/CPH-Erpobdella sp.-736-t.png,CPH-Erpobdella sp.-736-t.png,.png,Erpobdella sp,600,450,3
/Users/saanvimalla/Downloads/macro_project/data/raw/Erpobdella sp/CPH-Erpobdella sp.-734-t.png,CPH-Erpobdella sp.-734-t.png,.png,Erpobdella sp,600,450,3
/Users/saanvimalla/Downloads/macro_project/data/raw/Erpobdella sp/CPH-Erpobdella sp.-691-t.png,CPH-Erpobdella sp.-691-t.png,.png,Erpobdella sp,600,450,3
/Users/saanvimalla/Downloads/macro_project/data/raw/Erpobdella sp/CPH-Erpobdella sp.-773-v.png,CPH-Erpobdella sp.-773-v.png,.png,Erpobdella sp,600,338,3
/Users/saanvimalla/Downloads/macro_project/data/raw/Erpobdella sp/CPH-Erpobdella sp.-651-t.png,CPH-Erpobdella sp.-651-t.png,.png,Erpobdella sp,600,338,3
/Users/saanvimalla/Downloads/macro_project/data/raw/Erpobdella sp/CPH-Erpobdella sp.-709-t.png,CPH-Erpobdella sp.-709-t.png,.png,Erpobdella sp,600,450,3
/Users/saanvimalla/Downloads/macro_project/data/raw/Erpobdella sp/CPH-Erpobdella sp.-688-t.png,CPH-Erpobdella sp.-688-t.png,.png,Erpobdella sp,600,450,3
/Users/saanvimalla/Downloads/macro_project/data/raw/Erpobdella sp/CPH-Erpobdella sp.-710-t.png,CPH-Erpobdella sp.-710-t.png,.png,Erpobdella sp,600,450,3
/Users/saanvimalla/Downloads/macro_project/data/raw/Erpobdella sp/CPH-Erpobdella sp.-648-t.png,CPH-Erpobdella sp.-648-t.png,.png,Erpobdella sp,600,338,3
/Users/saanvimalla/Downloads/macro_project/data/raw/Lymnea sp/CPH-Lymnea sp.-2227-v.png,CPH-Lymnea sp.-2227-v.png,.png,Lymnea sp,600,450,3
/Users/saanvimalla/Downloads/macro_project/data/raw/Lymnea sp/CPH-Lymnea sp.-1971-t.png,CPH-Lymnea sp.-1971-t.png,.png,Lymnea sp,600,450,3
/Users/saanvimalla/Downloads/macro_project/data/raw/Lymnea sp/CPH-Lymnea sp.-2246-v.png,CPH-Lymnea sp.-2246-v.png,.png,Lymnea sp,600,338,3
/Users/saanvimalla/Downloads/macro_project/data/raw/Lymnea sp/CPH-Lymnea sp.-1973-t.png,CPH-Lymnea sp.-1973-t.png,.png,Lymnea sp,600,338,3
/Users/saanvimalla/Downloads/macro_project/data/raw/Lymnea sp/CPH-Lymnea sp.-1977-t.png,CPH-Lymnea sp.-1977-t.png,.png,Lymnea sp,600,338,3
/Users/saanvimalla/Downloads/macro_project/data/raw/Lymnea sp/CPH-Lymnea sp.-1975-t.png,CPH-Lymnea sp.-1975-t.png,.png,Lymnea sp,600,338,3
/Users/saanvimalla/Downloads/macro_project/data/raw/Lymnea sp/CPH-Lymnea sp.-1972-t.png,CPH-Lymnea sp.-1972-t.png,.png,Lymnea sp,600,450,3
/Users/saanvimalla/Downloads/macro_project/data/raw/Lymnea sp/CPH-Lymnea sp.-2224-v.png,CPH-Lymnea sp.-2224-v.png,.png,Lymnea sp,600,450,3
/Users/saanvimalla/Downloads/macro_project/data/raw/Lymnea sp/CPH-Lymnea sp.-1956-t.png,CPH-Lymnea sp.-1956-t.png,.png,Lymnea sp,600,450,3
/Users/saanvimalla/Downloads/macro_project/data/raw/Lymnea sp/CPH-Lymnea sp.-2226-v.png,CPH-Lymnea sp.-2226-v.png,.png,Lymnea sp,600,450,3
/Users/saanvimalla/Downloads/macro_project/data/raw/Lymnea sp/CPH-Lymnea sp.-2247-v.png,CPH-Lymnea sp.-2247-v.png,.png,Lymnea sp,600,338,3
/Users/saanvimalla/Downloads/macro_project/data/raw/Lymnea sp/CPH-Lymnea sp.-2222-v.png,CPH-Lymnea sp.-2222-v.png,.png,Lymnea sp,600,450,3
/Users/saanvimalla/Downloads/macro_project/data/raw/Lymnea sp/CPH-Lymnea sp.-1976-t.png,CPH-Lymnea sp.-1976-t.png,.png,Lymnea sp,600,338,3
/Users/saanvimalla/Downloads/macro_project/data/raw/Lymnea sp/CPH-Lymnea sp.-2241-v.png,CPH-Lymnea sp.-2241-v.png,.png,Lymnea sp,600,338,3
/Users/saanvimalla/Downloads/macro_project/data/raw/Lymnea sp/CPH-Lymnea sp.-1987-t.png,CPH-Lymnea sp.-1987-t.png,.png,Lymnea sp,600,338,3
/Users/saanvimalla/Downloads/macro_project/data/raw/Lymnea sp/CPH-Lymnea sp.-2235-v.png,CPH-Lymnea sp.-2235-v.png,.png,Lymnea sp,600,338,3
/Users/saanvimalla/Downloads/macro_project/data/raw/Lymnea sp/CPH-Lymnea sp.-1961-t.png,CPH-Lymnea sp.-1961-t.png,.png,Lymnea sp,600,450,3
/Users/saanvimalla/Downloads/macro_project/data/raw/Lymnea sp/CPH-Lymnea sp.-2237-v.png,CPH-Lymnea sp.-2237-v.png,.png,Lymnea sp,600,450,3
/Users/saanvimalla/Downloads/macro_project/data/raw/Lymnea sp/CPH-Lymnea sp.-1978-t.png,CPH-Lymnea sp.-1978-t.png,.png,Lymnea sp,600,338,3
/Users/saanvimalla/Downloads/macro_project/data/raw/Lymnea sp/CPH-Lymnea sp.-1985-t.png,CPH-Lymnea sp.-1985-t.png,.png,Lymnea sp,600,338,3
/Users/saanvimalla/Downloads/macro_project/data/raw/Lymnea sp/CPH-Lymnea sp.-2233-v.png,CPH-Lymnea sp.-2233-v.png,.png,Lymnea sp,600,338,3
/Users/saanvimalla/Downloads/macro_project/data/raw/Lymnea sp/CPH-Lymnea sp.-1981-t.png,CPH-Lymnea sp.-1981-t.png,.png,Lymnea sp,600,338,3
/Users/saanvimalla/Downloads/macro_project/data/raw/Lymnea sp/CPH-Lymnea sp.-1958-t.png,CPH-Lymnea sp.-1958-t.png,.png,Lymnea sp,600,450,3
/Users/saanvimalla/Downloads/macro_project/data/raw/Lymnea sp/CPH-Lymnea sp.-1965-t.png,CPH-Lymnea sp.-1965-t.png,.png,Lymnea sp,600,338,3
/Users/saanvimalla/Downloads/macro_project/data/raw/Lymnea sp/CPH-Lymnea sp.-1967-t.png,CPH-Lymnea sp.-1967-t.png,.png,Lymnea sp,600,338,3
/Users/saanvimalla/Downloads/macro_project/data/raw/Lymnea sp/CPH-Lymnea sp.-2250-v.png,CPH-Lymnea sp.-2250-v.png,.png,Lymnea sp,600,338,3
/Users/saanvimalla/Downloads/macro_project/data/raw/Lymnea sp/CPH-Lymnea sp.-2236-v.png,CPH-Lymnea sp.-2236-v.png,.png,Lymnea sp,600,338,3
/Users/saanvimalla/Downloads/macro_project/data/raw/Lymnea sp/CPH-Lymnea sp.-1962-t.png,CPH-Lymnea sp.-1962-t.png,.png,Lymnea sp,600,450,3
/Users/saanvimalla/Downloads/macro_project/data/raw/Lymnea sp/CPH-Lymnea sp.-2251-v.png,CPH-Lymnea sp.-2251-v.png,.png,Lymnea sp,600,338,3
/Users/saanvimalla/Downloads/macro_project/data/raw/Lymnea sp/CPH-Lymnea sp.-2230-v.png,CPH-Lymnea sp.-2230-v.png,.png,Lymnea sp,600,450,3
/Users/saanvimalla/Downloads/macro_project/data/raw/Lymnea sp/CPH-Lymnea sp.-1982-t.png,CPH-Lymnea sp.-1982-t.png,.png,Lymnea sp,600,338,3
/Users/saanvimalla/Downloads/macro_project/data/raw/Lymnea sp/CPH-Lymnea sp.-2253-v.png,CPH-Lymnea sp.-2253-v.png,.png,Lymnea sp,600,338,3
/Users/saanvimalla/Downloads/macro_project/data/raw/Lymnea sp/CPH-Lymnea sp.-1964-t.png,CPH-Lymnea sp.-1964-t.png,.png,Lymnea sp,600,338,3
/Users/saanvimalla/Downloads/macro_project/data/raw/Leptophlebiidae sp/CPH-Leptophlebiidae sp.-1896-t.png,CPH-Leptophlebiidae sp.-1896-t.png,.png,Leptophlebiidae sp,600,450,3
/Users/saanvimalla/Downloads/macro_project/data/raw/Leptophlebiidae sp/CPH-Leptophlebiidae sp.-1895-t.png,CPH-Leptophlebiidae sp.-1895-t.png,.png,Leptophlebiidae sp,600,450,3
/Users/saanvimalla/Downloads/macro_project/data/raw/Leptophlebiidae sp/CPH-Leptophlebiidae sp.-1897-t.png,CPH-Leptophlebiidae sp.-1897-t.png,.png,Leptophlebiidae sp,600,450,3
/Users/saanvimalla/Downloads/macro_project/data/raw/Leptophlebiidae sp/CPH-Leptophlebiidae sp.-1903-t.png,CPH-Leptophlebiidae sp.-1903-t.png,.png,Leptophlebiidae sp,600,450,3
/Users/saanvimalla/Downloads/macro_project/data/raw/Leptophlebiidae sp/CPH-Leptophlebiidae sp.-1901-t.png,CPH-Leptophlebiidae sp.-1901-t.png,.png,Leptophlebiidae sp,600,450,3
/Users/saanvimalla/Downloads/macro_project/data/raw/Leptophlebiidae sp/CPH-Leptophlebiidae sp.-1899-t.png,CPH-Leptophlebiidae sp.-1899-t.png,.png,Leptophlebiidae sp,600,450,3
/Users/saanvimalla/Downloads/macro_project/data/raw/Leptophlebiidae sp/CPH-Leptophlebiidae sp.-1898-t.png,CPH-Leptophlebiidae sp.-1898-t.png,.png,Leptophlebiidae sp,600,450,3
/Users/saanvimalla/Downloads/macro_project/data/raw/Leptophlebiidae sp/CPH-Leptophlebiidae sp.-1900-t.png,CPH-Leptophlebiidae sp.-1900-t.png,.png,Leptophlebiidae sp,600,450,3
/Users/saanvimalla/Downloads/macro_project/data/raw/Leptophlebiidae sp/CPH-Leptophlebiidae sp.-1902-t.png,CPH-Leptophlebiidae sp.-1902-t.png,.png,Leptophlebiidae sp,600,450,3
/Users/saanvimalla/Downloads/macro_project/data/raw/Leuctra sp/CPH-Leuctra sp.-1915-t.png,CPH-Leuctra sp.-1915-t.png,.png,Leuctra sp,600,338,3
/Users/saanvimalla/Downloads/macro_project/data/raw/Leuctra sp/CPH-Leuctra sp.-2159-v.png,CPH-Leuctra sp.-2159-v.png,.png,Leuctra sp,600,338,3
/Users/saanvimalla/Downloads/macro_project/data/raw/Leuctra sp/CPH-Leuctra sp.-2160-v.png,CPH-Leuctra sp.-2160-v.png,.png,Leuctra sp,600,338,3
/Users/saanvimalla/Downloads/macro_project/data/raw/Leuctra sp/CPH-Leuctra sp.-2146-v.png,CPH-Leuctra sp.-2146-v.png,.png,Leuctra sp,600,338,3
/Users/saanvimalla/Downloads/macro_project/data/raw/Leuctra sp/CPH-Leuctra sp.-1908-t.png,CPH-Leuctra sp.-1908-t.png,.png,Leuctra sp,600,338,3
/Users/saanvimalla/Downloads/macro_project/data/raw/Leuctra sp/CPH-Leuctra sp.-2158-v.png,CPH-Leuctra sp.-2158-v.png,.png,Leuctra sp,600,338,3
/Users/saanvimalla/Downloads/macro_project/data/raw/Leuctra sp/CPH-Leuctra sp.-1916-t.png,CPH-Leuctra sp.-1916-t.png,.png,Leuctra sp,600,338,3
/Users/saanvimalla/Downloads/macro_project/data/raw/Leuctra sp/CPH-Leuctra sp.-1914-t.png,CPH-Leuctra sp.-1914-t.png,.png,Leuctra sp,600,338,3
/Users/saanvimalla/Downloads/macro_project/data/raw/Leuctra sp/CPH-Leuctra sp.-2143-v.png,CPH-Leuctra sp.-2143-v.png,.png,Leuctra sp,600,338,3
/Users/saanvimalla/Downloads/macro_project/data/raw/Leuctra sp/CPH-Leuctra sp.-1910-t.png,CPH-Leuctra sp.-1910-t.png,.png,Leuctra sp,600,338,3
/Users/saanvimalla/Downloads/macro_project/data/raw/Leuctra sp/CPH-Leuctra sp.-1912-t.png,CPH-Leuctra sp.-1912-t.png,.png,Leuctra sp,600,338,3
/Users/saanvimalla/Downloads/macro_project/data/raw/Leuctra sp/CPH-Leuctra sp.-2150-v.png,CPH-Leuctra sp.-2150-v.png,.png,Leuctra sp,600,338,3
/Users/saanvimalla/Downloads/macro_project/data/raw/Leuctra sp/CPH-Leuctra sp.-2152-v.png,CPH-Leuctra sp.-2152-v.png,.png,Leuctra sp,600,338,3
/Users/saanvimalla/Downloads/macro_project/data/raw/Leuctra sp/CPH-Leuctra sp.-1905-t.png,CPH-Leuctra sp.-1905-t.png,.png,Leuctra sp,600,338,3
/Users/saanvimalla/Downloads/macro_project/data/raw/Leuctra sp/CPH-Leuctra sp.-2156-v.png,CPH-Leuctra sp.-2156-v.png,.png,Leuctra sp,600,338,3
/Users/saanvimalla/Downloads/macro_project/data/raw/Leuctra sp/CPH-Leuctra sp.-1918-t.png,CPH-Leuctra sp.-1918-t.png,.png,Leuctra sp,600,338,3
/Users/saanvimalla/Downloads/macro_project/data/raw/Leuctra sp/CPH-Leuctra sp.-2148-v.png,CPH-Leuctra sp.-2148-v.png,.png,Leuctra sp,600,338,3
/Users/saanvimalla/Downloads/macro_project/data/raw/Leuctra sp/CPH-Leuctra sp.-1906-t.png,CPH-Leuctra sp.-1906-t.png,.png,Leuctra sp,600,338,3
/Users/saanvimalla/Downloads/macro_project/data/raw/Leuctra sp/CPH-Leuctra sp.-1922-t.png,CPH-Leuctra sp.-1922-t.png,.png,Leuctra sp,600,338,3
/Users/saanvimalla/Downloads/macro_project/data/raw/Sericostomatidae sp/CPH-Sericostomatidae sp.-2361-t.png,CPH-Sericostomatidae sp.-2361-t.png,.png,Sericostomatidae sp,600,338,3
/Users/saanvimalla/Downloads/macro_project/data/raw/Sericostomatidae sp/CPH-Sericostomatidae sp.-2324-t.png,CPH-Sericostomatidae sp.-2324-t.png,.png,Sericostomatidae sp,600,338,3
/Users/saanvimalla/Downloads/macro_project/data/raw/Sericostomatidae sp/CPH-Sericostomatidae sp.-2281-t.png,CPH-Sericostomatidae sp.-2281-t.png,.png,Sericostomatidae sp,600,338,3
/Users/saanvimalla/Downloads/macro_project/data/raw/Sericostomatidae sp/CPH-Sericostomatidae sp.-2319-t.png,CPH-Sericostomatidae sp.-2319-t.png,.png,Sericostomatidae sp,600,338,3
/Users/saanvimalla/Downloads/macro_project/data/raw/Sericostomatidae sp/CPH-Sericostomatidae sp.-2298-t.png,CPH-Sericostomatidae sp.-2298-t.png,.png,Sericostomatidae sp,600,338,3
/Users/saanvimalla/Downloads/macro_project/data/raw/Sericostomatidae sp/CPH-Sericostomatidae sp.-2378-t.png,CPH-Sericostomatidae sp.-2378-t.png,.png,Sericostomatidae sp,600,338,3
/Users/saanvimalla/Downloads/macro_project/data/raw/Sericostomatidae sp/CPH-Sericostomatidae sp.-2385-t.png,CPH-Sericostomatidae sp.-2385-t.png,.png,Sericostomatidae sp,600,338,3
/Users/saanvimalla/Downloads/macro_project/data/raw/Sericostomatidae sp/CPH-Sericostomatidae sp.-2345-t.png,CPH-Sericostomatidae sp.-2345-t.png,.png,Sericostomatidae sp,600,338,3
/Users/saanvimalla/Downloads/macro_project/data/raw/Sericostomatidae sp/CPH-Sericostomatidae sp.-2300-t.png,CPH-Sericostomatidae sp.-2300-t.png,.png,Sericostomatidae sp,600,338,3
/Users/saanvimalla/Downloads/macro_project/data/raw/Sericostomatidae sp/CPH-Sericostomatidae sp.-2796-v.png,CPH-Sericostomatidae sp.-2796-v.png,.png,Sericostomatidae sp,600,338,3
/Users/saanvimalla/Downloads/macro_project/data/raw/Sericostomatidae sp/CPH-Sericostomatidae sp.-2347-t.png,CPH-Sericostomatidae sp.-2347-t.png,.png,Sericostomatidae sp,600,338,3
/Users/saanvimalla/Downloads/macro_project/data/raw/Sericostomatidae sp/CPH-Sericostomatidae sp.-2302-t.png,CPH-Sericostomatidae sp.-2302-t.png,.png,Sericostomatidae sp,600,338,3
/Users/saanvimalla/Downloads/macro_project/data/raw/Sericostomatidae sp/CPH-Sericostomatidae sp.-2267-t.png,CPH-Sericostomatidae sp.-2267-t.png,.png,Sericostomatidae sp,600,338,3
/Users/saanvimalla/Downloads/macro_project/data/raw/Sericostomatidae sp/CPH-Sericostomatidae sp.-2754-v.png,CPH-Sericostomatidae sp.-2754-v.png,.png,Sericostomatidae sp,600,338,3
/Users/saanvimalla/Downloads/macro_project/data/raw/Sericostomatidae sp/CPH-Sericostomatidae sp.-2387-t.png,CPH-Sericostomatidae sp.-2387-t.png,.png,Sericostomatidae sp,600,338,3
/Users/saanvimalla/Downloads/macro_project/data/raw/Sericostomatidae sp/CPH-Sericostomatidae sp.-2363-t.png,CPH-Sericostomatidae sp.-2363-t.png,.png,Sericostomatidae sp,600,338,3
/Users/saanvimalla/Downloads/macro_project/data/raw/Sericostomatidae sp/CPH-Sericostomatidae sp.-2326-t.png,CPH-Sericostomatidae sp.-2326-t.png,.png,Sericostomatidae sp,600,338,3
/Users/saanvimalla/Downloads/macro_project/data/raw/Sericostomatidae sp/CPH-Sericostomatidae sp.-2283-t.png,CPH-Sericostomatidae sp.-2283-t.png,.png,Sericostomatidae sp,600,338,3
/Users/saanvimalla/Downloads/macro_project/data/raw/Sericostomatidae sp/CPH-Sericostomatidae sp.-2731-v.png,CPH-Sericostomatidae sp.-2731-v.png,.png,Sericostomatidae sp,600,338,3
/Users/saanvimalla/Downloads/macro_project/data/raw/Sericostomatidae sp/CPH-Sericostomatidae sp.-2774-v.png,CPH-Sericostomatidae sp.-2774-v.png,.png,Sericostomatidae sp,600,338,3
/Users/saanvimalla/Downloads/macro_project/data/raw/Sericostomatidae sp/CPH-Sericostomatidae sp.-2287-t.png,CPH-Sericostomatidae sp.-2287-t.png,.png,Sericostomatidae sp,600,338,3
/Users/saanvimalla/Downloads/macro_project/data/raw/Sericostomatidae sp/CPH-Sericostomatidae sp.-2367-t.png,CPH-Sericostomatidae sp.-2367-t.png,.png,Sericostomatidae sp,600,338,3
/Users/saanvimalla/Downloads/macro_project/data/raw/Sericostomatidae sp/CPH-Sericostomatidae sp.-2343-t.png,CPH-Sericostomatidae sp.-2343-t.png,.png,Sericostomatidae sp,600,338,3
/Users/saanvimalla/Downloads/macro_project/data/raw/Sericostomatidae sp/CPH-Sericostomatidae sp.-2306-t.png,CPH-Sericostomatidae sp.-2306-t.png,.png,Sericostomatidae sp,600,338,3
/Users/saanvimalla/Downloads/macro_project/data/raw/Sericostomatidae sp/CPH-Sericostomatidae sp.-2383-t.png,CPH-Sericostomatidae sp.-2383-t.png,.png,Sericostomatidae sp,600,338,3
/Users/saanvimalla/Downloads/macro_project/data/raw/Sericostomatidae sp/CPH-Sericostomatidae sp.-2381-t.png,CPH-Sericostomatidae sp.-2381-t.png,.png,Sericostomatidae sp,600,338,3
/Users/saanvimalla/Downloads/macro_project/data/raw/Sericostomatidae sp/CPH-Sericostomatidae sp.-2339-t.png,CPH-Sericostomatidae sp.-2339-t.png,.png,Sericostomatidae sp,600,338,3
/Users/saanvimalla/Downloads/macro_project/data/raw/Sericostomatidae sp/CPH-Sericostomatidae sp.-2341-t.png,CPH-Sericostomatidae sp.-2341-t.png,.png,Sericostomatidae sp,600,338,3
/Users/saanvimalla/Downloads/macro_project/data/raw/Sericostomatidae sp/CPH-Sericostomatidae sp.-2304-t.png,CPH-Sericostomatidae sp.-2304-t.png,.png,Sericostomatidae sp,600,338,3
/Users/saanvimalla/Downloads/macro_project/data/raw/Sericostomatidae sp/CPH-Sericostomatidae sp.-2278-t.png,CPH-Sericostomatidae sp.-2278-t.png,.png,Sericostomatidae sp,600,338,3
/Users/saanvimalla/Downloads/macro_project/data/raw/Sericostomatidae sp/CPH-Sericostomatidae sp.-2285-t.png,CPH-Sericostomatidae sp.-2285-t.png,.png,Sericostomatidae sp,600,338,3
/Users/saanvimalla/Downloads/macro_project/data/raw/Sericostomatidae sp/CPH-Sericostomatidae sp.-2398-t.png,CPH-Sericostomatidae sp.-2398-t.png,.png,Sericostomatidae sp,600,338,3
/Users/saanvimalla/Downloads/macro_project/data/raw/Sericostomatidae sp/CPH-Sericostomatidae sp.-2365-t.png,CPH-Sericostomatidae sp.-2365-t.png,.png,Sericostomatidae sp,600,338,3
/Users/saanvimalla/Downloads/macro_project/data/raw/Sericostomatidae sp/CPH-Sericostomatidae sp.-2320-t.png,CPH-Sericostomatidae sp.-2320-t.png,.png,Sericostomatidae sp,600,338,3
/Users/saanvimalla/Downloads/macro_project/data/raw/Sericostomatidae sp/CPH-Sericostomatidae sp.-2386-t.png,CPH-Sericostomatidae sp.-2386-t.png,.png,Sericostomatidae sp,600,338,3
/Users/saanvimalla/Downloads/macro_project/data/raw/Sericostomatidae sp/CPH-Sericostomatidae sp.-2266-t.png,CPH-Sericostomatidae sp.-2266-t.png,.png,Sericostomatidae sp,600,338,3
/Users/saanvimalla/Downloads/macro_project/data/raw/Sericostomatidae sp/CPH-Sericostomatidae sp.-2346-t.png,CPH-Sericostomatidae sp.-2346-t.png,.png,Sericostomatidae sp,600,338,3
/Users/saanvimalla/Downloads/macro_project/data/raw/Sericostomatidae sp/CPH-Sericostomatidae sp.-2282-t.png,CPH-Sericostomatidae sp.-2282-t.png,.png,Sericostomatidae sp,600,338,3
/Users/saanvimalla/Downloads/macro_project/data/raw/Sericostomatidae sp/CPH-Sericostomatidae sp.-2327-t.png,CPH-Sericostomatidae sp.-2327-t.png,.png,Sericostomatidae sp,600,338,3
/Users/saanvimalla/Downloads/macro_project/data/raw/Sericostomatidae sp/CPH-Sericostomatidae sp.-2362-t.png,CPH-Sericostomatidae sp.-2362-t.png,.png,Sericostomatidae sp,600,338,3
/Users/saanvimalla/Downloads/macro_project/data/raw/Sericostomatidae sp/CPH-Sericostomatidae sp.-2318-t.png,CPH-Sericostomatidae sp.-2318-t.png,.png,Sericostomatidae sp,600,338,3
/Users/saanvimalla/Downloads/macro_project/data/raw/Sericostomatidae sp/CPH-Sericostomatidae sp.-2773-v.png,CPH-Sericostomatidae sp.-2773-v.png,.png,Sericostomatidae sp,600,338,3
/Users/saanvimalla/Downloads/macro_project/data/raw/Sericostomatidae sp/CPH-Sericostomatidae sp.-2280-t.png,CPH-Sericostomatidae sp.-2280-t.png,.png,Sericostomatidae sp,600,338,3
/Users/saanvimalla/Downloads/macro_project/data/raw/Sericostomatidae sp/CPH-Sericostomatidae sp.-2325-t.png,CPH-Sericostomatidae sp.-2325-t.png,.png,Sericostomatidae sp,600,338,3
/Users/saanvimalla/Downloads/macro_project/data/raw/Sericostomatidae sp/CPH-Sericostomatidae sp.-2360-t.png,CPH-Sericostomatidae sp.-2360-t.png,.png,Sericostomatidae sp,600,338,3
/Users/saanvimalla/Downloads/macro_project/data/raw/Sericostomatidae sp/CPH-Sericostomatidae sp.-2301-t.png,CPH-Sericostomatidae sp.-2301-t.png,.png,Sericostomatidae sp,600,338,3
/Users/saanvimalla/Downloads/macro_project/data/raw/Sericostomatidae sp/CPH-Sericostomatidae sp.-2344-t.png,CPH-Sericostomatidae sp.-2344-t.png,.png,Sericostomatidae sp,600,338,3
/Users/saanvimalla/Downloads/macro_project/data/raw/Sericostomatidae sp/CPH-Sericostomatidae sp.-2379-t.png,CPH-Sericostomatidae sp.-2379-t.png,.png,Sericostomatidae sp,600,338,3
/Users/saanvimalla/Downloads/macro_project/data/raw/Sericostomatidae sp/CPH-Sericostomatidae sp.-2384-t.png,CPH-Sericostomatidae sp.-2384-t.png,.png,Sericostomatidae sp,600,338,3
/Users/saanvimalla/Downloads/macro_project/data/raw/Sericostomatidae sp/CPH-Sericostomatidae sp.-2299-t.png,CPH-Sericostomatidae sp.-2299-t.png,.png,Sericostomatidae sp,600,338,3
/Users/saanvimalla/Downloads/macro_project/data/raw/Sericostomatidae sp/CPH-Sericostomatidae sp.-2712-v.png,CPH-Sericostomatidae sp.-2712-v.png,.png,Sericostomatidae sp,600,338,3
/Users/saanvimalla/Downloads/macro_project/data/raw/Sericostomatidae sp/CPH-Sericostomatidae sp.-2305-t.png,CPH-Sericostomatidae sp.-2305-t.png,.png,Sericostomatidae sp,600,338,3
/Users/saanvimalla/Downloads/macro_project/data/raw/Sericostomatidae sp/CPH-Sericostomatidae sp.-2340-t.png,CPH-Sericostomatidae sp.-2340-t.png,.png,Sericostomatidae sp,600,338,3
/Users/saanvimalla/Downloads/macro_project/data/raw/Sericostomatidae sp/CPH-Sericostomatidae sp.-2800-v.png,CPH-Sericostomatidae sp.-2800-v.png,.png,Sericostomatidae sp,600,338,3
/Users/saanvimalla/Downloads/macro_project/data/raw/Sericostomatidae sp/CPH-Sericostomatidae sp.-2380-t.png,CPH-Sericostomatidae sp.-2380-t.png,.png,Sericostomatidae sp,600,338,3
/Users/saanvimalla/Downloads/macro_project/data/raw/Sericostomatidae sp/CPH-Sericostomatidae sp.-2338-t.png,CPH-Sericostomatidae sp.-2338-t.png,.png,Sericostomatidae sp,600,338,3
/Users/saanvimalla/Downloads/macro_project/data/raw/Sericostomatidae sp/CPH-Sericostomatidae sp.-2359-t.png,CPH-Sericostomatidae sp.-2359-t.png,.png,Sericostomatidae sp,600,338,3
/Users/saanvimalla/Downloads/macro_project/data/raw/Sericostomatidae sp/CPH-Sericostomatidae sp.-2321-t.png,CPH-Sericostomatidae sp.-2321-t.png,.png,Sericostomatidae sp,600,338,3
/Users/saanvimalla/Downloads/macro_project/data/raw/Sericostomatidae sp/CPH-Sericostomatidae sp.-2364-t.png,CPH-Sericostomatidae sp.-2364-t.png,.png,Sericostomatidae sp,600,338,3
/Users/saanvimalla/Downloads/macro_project/data/raw/Sericostomatidae sp/CPH-Sericostomatidae sp.-2279-t.png,CPH-Sericostomatidae sp.-2279-t.png,.png,Sericostomatidae sp,600,338,3
/Users/saanvimalla/Downloads/macro_project/data/raw/Sericostomatidae sp/CPH-Sericostomatidae sp.-2284-t.png,CPH-Sericostomatidae sp.-2284-t.png,.png,Sericostomatidae sp,600,338,3
/Users/saanvimalla/Downloads/macro_project/data/raw/Sericostomatidae sp/CPH-Sericostomatidae sp.-2323-t.png,CPH-Sericostomatidae sp.-2323-t.png,.png,Sericostomatidae sp,600,338,3
/Users/saanvimalla/Downloads/macro_project/data/raw/Sericostomatidae sp/CPH-Sericostomatidae sp.-2366-t.png,CPH-Sericostomatidae sp.-2366-t.png,.png,Sericostomatidae sp,600,338,3
/Users/saanvimalla/Downloads/macro_project/data/raw/Sericostomatidae sp/CPH-Sericostomatidae sp.-2286-t.png,CPH-Sericostomatidae sp.-2286-t.png,.png,Sericostomatidae sp,600,338,3
/Users/saanvimalla/Downloads/macro_project/data/raw/Sericostomatidae sp/CPH-Sericostomatidae sp.-2382-t.png,CPH-Sericostomatidae sp.-2382-t.png,.png,Sericostomatidae sp,600,338,3
/Users/saanvimalla/Downloads/macro_project/data/raw/Sericostomatidae sp/CPH-Sericostomatidae sp.-2307-t.png,CPH-Sericostomatidae sp.-2307-t.png,.png,Sericostomatidae sp,600,338,3
/Users/saanvimalla/Downloads/macro_project/data/raw/Sericostomatidae sp/CPH-Sericostomatidae sp.-2342-t.png,CPH-Sericostomatidae sp.-2342-t.png,.png,Sericostomatidae sp,600,338,3
/Users/saanvimalla/Downloads/macro_project/data/raw/Sericostomatidae sp/CPH-Sericostomatidae sp.-2791-v.png,CPH-Sericostomatidae sp.-2791-v.png,.png,Sericostomatidae sp,600,338,3
/Users/saanvimalla/Downloads/macro_project/data/raw/Sericostomatidae sp/CPH-Sericostomatidae sp.-2293-t.png,CPH-Sericostomatidae sp.-2293-t.png,.png,Sericostomatidae sp,600,338,3
/Users/saanvimalla/Downloads/macro_project/data/raw/Sericostomatidae sp/CPH-Sericostomatidae sp.-2336-t.png,CPH-Sericostomatidae sp.-2336-t.png,.png,Sericostomatidae sp,600,338,3
/Users/saanvimalla/Downloads/macro_project/data/raw/Sericostomatidae sp/CPH-Sericostomatidae sp.-2357-t.png,CPH-Sericostomatidae sp.-2357-t.png,.png,Sericostomatidae sp,600,338,3
/Users/saanvimalla/Downloads/macro_project/data/raw/Sericostomatidae sp/CPH-Sericostomatidae sp.-2312-t.png,CPH-Sericostomatidae sp.-2312-t.png,.png,Sericostomatidae sp,600,338,3
/Users/saanvimalla/Downloads/macro_project/data/raw/Sericostomatidae sp/CPH-Sericostomatidae sp.-2402-t.png,CPH-Sericostomatidae sp.-2402-t.png,.png,Sericostomatidae sp,600,338,3
/Users/saanvimalla/Downloads/macro_project/data/raw/Sericostomatidae sp/CPH-Sericostomatidae sp.-2397-t.png,CPH-Sericostomatidae sp.-2397-t.png,.png,Sericostomatidae sp,600,338,3
/Users/saanvimalla/Downloads/macro_project/data/raw/Sericostomatidae sp/CPH-Sericostomatidae sp.-2232-t.png,CPH-Sericostomatidae sp.-2232-t.png,.png,Sericostomatidae sp,600,450,3
/Users/saanvimalla/Downloads/macro_project/data/raw/Sericostomatidae sp/CPH-Sericostomatidae sp.-2277-t.png,CPH-Sericostomatidae sp.-2277-t.png,.png,Sericostomatidae sp,600,338,3
/Users/saanvimalla/Downloads/macro_project/data/raw/Sericostomatidae sp/CPH-Sericostomatidae sp.-2400-t.png,CPH-Sericostomatidae sp.-2400-t.png,.png,Sericostomatidae sp,600,338,3
/Users/saanvimalla/Downloads/macro_project/data/raw/Sericostomatidae sp/CPH-Sericostomatidae sp.-2368-t.png,CPH-Sericostomatidae sp.-2368-t.png,.png,Sericostomatidae sp,600,338,3
/Users/saanvimalla/Downloads/macro_project/data/raw/Sericostomatidae sp/CPH-Sericostomatidae sp.-2230-t.png,CPH-Sericostomatidae sp.-2230-t.png,.png,Sericostomatidae sp,600,450,3
/Users/saanvimalla/Downloads/macro_project/data/raw/Sericostomatidae sp/CPH-Sericostomatidae sp.-2275-t.png,CPH-Sericostomatidae sp.-2275-t.png,.png,Sericostomatidae sp,600,338,3
/Users/saanvimalla/Downloads/macro_project/data/raw/Sericostomatidae sp/CPH-Sericostomatidae sp.-2288-t.png,CPH-Sericostomatidae sp.-2288-t.png,.png,Sericostomatidae sp,600,338,3
/Users/saanvimalla/Downloads/macro_project/data/raw/Sericostomatidae sp/CPH-Sericostomatidae sp.-2355-t.png,CPH-Sericostomatidae sp.-2355-t.png,.png,Sericostomatidae sp,600,338,3
/Users/saanvimalla/Downloads/macro_project/data/raw/Sericostomatidae sp/CPH-Sericostomatidae sp.-2310-t.png,CPH-Sericostomatidae sp.-2310-t.png,.png,Sericostomatidae sp,600,338,3
/Users/saanvimalla/Downloads/macro_project/data/raw/Sericostomatidae sp/CPH-Sericostomatidae sp.-2229-t.png,CPH-Sericostomatidae sp.-2229-t.png,.png,Sericostomatidae sp,600,450,3
/Users/saanvimalla/Downloads/macro_project/data/raw/Sericostomatidae sp/CPH-Sericostomatidae sp.-2291-t.png,CPH-Sericostomatidae sp.-2291-t.png,.png,Sericostomatidae sp,600,338,3
/Users/saanvimalla/Downloads/macro_project/data/raw/Sericostomatidae sp/CPH-Sericostomatidae sp.-2371-t.png,CPH-Sericostomatidae sp.-2371-t.png,.png,Sericostomatidae sp,600,338,3
/Users/saanvimalla/Downloads/macro_project/data/raw/Sericostomatidae sp/CPH-Sericostomatidae sp.-2334-t.png,CPH-Sericostomatidae sp.-2334-t.png,.png,Sericostomatidae sp,600,338,3
/Users/saanvimalla/Downloads/macro_project/data/raw/Sericostomatidae sp/CPH-Sericostomatidae sp.-2309-t.png,CPH-Sericostomatidae sp.-2309-t.png,.png,Sericostomatidae sp,600,338,3
/Users/saanvimalla/Downloads/macro_project/data/raw/Sericostomatidae sp/CPH-Sericostomatidae sp.-2375-t.png,CPH-Sericostomatidae sp.-2375-t.png,.png,Sericostomatidae sp,600,338,3
/Users/saanvimalla/Downloads/macro_project/data/raw/Sericostomatidae sp/CPH-Sericostomatidae sp.-2388-t.png,CPH-Sericostomatidae sp.-2388-t.png,.png,Sericostomatidae sp,600,338,3
/Users/saanvimalla/Downloads/macro_project/data/raw/Sericostomatidae sp/CPH-Sericostomatidae sp.-2295-t.png,CPH-Sericostomatidae sp.-2295-t.png,.png,Sericostomatidae sp,600,338,3
/Users/saanvimalla/Downloads/macro_project/data/raw/Sericostomatidae sp/CPH-Sericostomatidae sp.-2268-t.png,CPH-Sericostomatidae sp.-2268-t.png,.png,Sericostomatidae sp,600,338,3
/Users/saanvimalla/Downloads/macro_project/data/raw/Sericostomatidae sp/CPH-Sericostomatidae sp.-2723-v.png,CPH-Sericostomatidae sp.-2723-v.png,.png,Sericostomatidae sp,600,338,3
/Users/saanvimalla/Downloads/macro_project/data/raw/Sericostomatidae sp/CPH-Sericostomatidae sp.-2348-t.png,CPH-Sericostomatidae sp.-2348-t.png,.png,Sericostomatidae sp,600,338,3
/Users/saanvimalla/Downloads/macro_project/data/raw/Sericostomatidae sp/CPH-Sericostomatidae sp.-2234-t.png,CPH-Sericostomatidae sp.-2234-t.png,.png,Sericostomatidae sp,600,450,3
/Users/saanvimalla/Downloads/macro_project/data/raw/Sericostomatidae sp/CPH-Sericostomatidae sp.-2271-t.png,CPH-Sericostomatidae sp.-2271-t.png,.png,Sericostomatidae sp,600,338,3
/Users/saanvimalla/Downloads/macro_project/data/raw/Sericostomatidae sp/CPH-Sericostomatidae sp.-2404-t.png,CPH-Sericostomatidae sp.-2404-t.png,.png,Sericostomatidae sp,600,338,3
/Users/saanvimalla/Downloads/macro_project/data/raw/Sericostomatidae sp/CPH-Sericostomatidae sp.-2329-t.png,CPH-Sericostomatidae sp.-2329-t.png,.png,Sericostomatidae sp,600,338,3
/Users/saanvimalla/Downloads/macro_project/data/raw/Sericostomatidae sp/CPH-Sericostomatidae sp.-2391-t.png,CPH-Sericostomatidae sp.-2391-t.png,.png,Sericostomatidae sp,600,338,3
/Users/saanvimalla/Downloads/macro_project/data/raw/Sericostomatidae sp/CPH-Sericostomatidae sp.-2351-t.png,CPH-Sericostomatidae sp.-2351-t.png,.png,Sericostomatidae sp,600,338,3
/Users/saanvimalla/Downloads/macro_project/data/raw/Sericostomatidae sp/CPH-Sericostomatidae sp.-2314-t.png,CPH-Sericostomatidae sp.-2314-t.png,.png,Sericostomatidae sp,600,338,3
/Users/saanvimalla/Downloads/macro_project/data/raw/Sericostomatidae sp/CPH-Sericostomatidae sp.-2316-t.png,CPH-Sericostomatidae sp.-2316-t.png,.png,Sericostomatidae sp,600,338,3
/Users/saanvimalla/Downloads/macro_project/data/raw/Sericostomatidae sp/CPH-Sericostomatidae sp.-2236-t.png,CPH-Sericostomatidae sp.-2236-t.png,.png,Sericostomatidae sp,600,450,3
/Users/saanvimalla/Downloads/macro_project/data/raw/Sericostomatidae sp/CPH-Sericostomatidae sp.-2273-t.png,CPH-Sericostomatidae sp.-2273-t.png,.png,Sericostomatidae sp,600,338,3
/Users/saanvimalla/Downloads/macro_project/data/raw/Sericostomatidae sp/CPH-Sericostomatidae sp.-2393-t.png,CPH-Sericostomatidae sp.-2393-t.png,.png,Sericostomatidae sp,600,338,3
/Users/saanvimalla/Downloads/macro_project/data/raw/Sericostomatidae sp/CPH-Sericostomatidae sp.-2406-t.png,CPH-Sericostomatidae sp.-2406-t.png,.png,Sericostomatidae sp,600,338,3
/Users/saanvimalla/Downloads/macro_project/data/raw/Sericostomatidae sp/CPH-Sericostomatidae sp.-2377-t.png,CPH-Sericostomatidae sp.-2377-t.png,.png,Sericostomatidae sp,600,338,3
/Users/saanvimalla/Downloads/macro_project/data/raw/Sericostomatidae sp/CPH-Sericostomatidae sp.-2332-t.png,CPH-Sericostomatidae sp.-2332-t.png,.png,Sericostomatidae sp,600,338,3
/Users/saanvimalla/Downloads/macro_project/data/raw/Sericostomatidae sp/CPH-Sericostomatidae sp.-2759-v.png,CPH-Sericostomatidae sp.-2759-v.png,.png,Sericostomatidae sp,600,338,3
/Users/saanvimalla/Downloads/macro_project/data/raw/Sericostomatidae sp/CPH-Sericostomatidae sp.-2297-t.png,CPH-Sericostomatidae sp.-2297-t.png,.png,Sericostomatidae sp,600,338,3
/Users/saanvimalla/Downloads/macro_project/data/raw/Sericostomatidae sp/CPH-Sericostomatidae sp.-2354-t.png,CPH-Sericostomatidae sp.-2354-t.png,.png,Sericostomatidae sp,600,338,3
/Users/saanvimalla/Downloads/macro_project/data/raw/Sericostomatidae sp/CPH-Sericostomatidae sp.-2274-t.png,CPH-Sericostomatidae sp.-2274-t.png,.png,Sericostomatidae sp,600,338,3
/Users/saanvimalla/Downloads/macro_project/data/raw/Sericostomatidae sp/CPH-Sericostomatidae sp.-2231-t.png,CPH-Sericostomatidae sp.-2231-t.png,.png,Sericostomatidae sp,600,450,3
/Users/saanvimalla/Downloads/macro_project/data/raw/Sericostomatidae sp/CPH-Sericostomatidae sp.-2289-t.png,CPH-Sericostomatidae sp.-2289-t.png,.png,Sericostomatidae sp,600,338,3
/Users/saanvimalla/Downloads/macro_project/data/raw/Sericostomatidae sp/CPH-Sericostomatidae sp.-2394-t.png,CPH-Sericostomatidae sp.-2394-t.png,.png,Sericostomatidae sp,600,338,3
/Users/saanvimalla/Downloads/macro_project/data/raw/Sericostomatidae sp/CPH-Sericostomatidae sp.-2401-t.png,CPH-Sericostomatidae sp.-2401-t.png,.png,Sericostomatidae sp,600,338,3
/Users/saanvimalla/Downloads/macro_project/data/raw/Sericostomatidae sp/CPH-Sericostomatidae sp.-2369-t.png,CPH-Sericostomatidae sp.-2369-t.png,.png,Sericostomatidae sp,600,338,3
/Users/saanvimalla/Downloads/macro_project/data/raw/Sericostomatidae sp/CPH-Sericostomatidae sp.-2308-t.png,CPH-Sericostomatidae sp.-2308-t.png,.png,Sericostomatidae sp,600,338,3
/Users/saanvimalla/Downloads/macro_project/data/raw/Sericostomatidae sp/CPH-Sericostomatidae sp.-2335-t.png,CPH-Sericostomatidae sp.-2335-t.png,.png,Sericostomatidae sp,600,338,3
/Users/saanvimalla/Downloads/macro_project/data/raw/Sericostomatidae sp/CPH-Sericostomatidae sp.-2370-t.png,CPH-Sericostomatidae sp.-2370-t.png,.png,Sericostomatidae sp,600,338,3
/Users/saanvimalla/Downloads/macro_project/data/raw/Sericostomatidae sp/CPH-Sericostomatidae sp.-2228-t.png,CPH-Sericostomatidae sp.-2228-t.png,.png,Sericostomatidae sp,600,450,3
/Users/saanvimalla/Downloads/macro_project/data/raw/Sericostomatidae sp/CPH-Sericostomatidae sp.-2290-t.png,CPH-Sericostomatidae sp.-2290-t.png,.png,Sericostomatidae sp,600,338,3
/Users/saanvimalla/Downloads/macro_project/data/raw/Sericostomatidae sp/CPH-Sericostomatidae sp.-2337-t.png,CPH-Sericostomatidae sp.-2337-t.png,.png,Sericostomatidae sp,600,338,3
/Users/saanvimalla/Downloads/macro_project/data/raw/Sericostomatidae sp/CPH-Sericostomatidae sp.-2292-t.png,CPH-Sericostomatidae sp.-2292-t.png,.png,Sericostomatidae sp,600,338,3
/Users/saanvimalla/Downloads/macro_project/data/raw/Sericostomatidae sp/CPH-Sericostomatidae sp.-2276-t.png,CPH-Sericostomatidae sp.-2276-t.png,.png,Sericostomatidae sp,600,338,3
/Users/saanvimalla/Downloads/macro_project/data/raw/Sericostomatidae sp/CPH-Sericostomatidae sp.-2233-t.png,CPH-Sericostomatidae sp.-2233-t.png,.png,Sericostomatidae sp,600,450,3
/Users/saanvimalla/Downloads/macro_project/data/raw/Sericostomatidae sp/CPH-Sericostomatidae sp.-2403-t.png,CPH-Sericostomatidae sp.-2403-t.png,.png,Sericostomatidae sp,600,338,3
/Users/saanvimalla/Downloads/macro_project/data/raw/Sericostomatidae sp/CPH-Sericostomatidae sp.-2396-t.png,CPH-Sericostomatidae sp.-2396-t.png,.png,Sericostomatidae sp,600,338,3
/Users/saanvimalla/Downloads/macro_project/data/raw/Sericostomatidae sp/CPH-Sericostomatidae sp.-2313-t.png,CPH-Sericostomatidae sp.-2313-t.png,.png,Sericostomatidae sp,600,338,3
/Users/saanvimalla/Downloads/macro_project/data/raw/Sericostomatidae sp/CPH-Sericostomatidae sp.-2356-t.png,CPH-Sericostomatidae sp.-2356-t.png,.png,Sericostomatidae sp,600,338,3
/Users/saanvimalla/Downloads/macro_project/data/raw/Sericostomatidae sp/CPH-Sericostomatidae sp.-2392-t.png,CPH-Sericostomatidae sp.-2392-t.png,.png,Sericostomatidae sp,600,338,3
/Users/saanvimalla/Downloads/macro_project/data/raw/Sericostomatidae sp/CPH-Sericostomatidae sp.-2407-t.png,CPH-Sericostomatidae sp.-2407-t.png,.png,Sericostomatidae sp,600,338,3
/Users/saanvimalla/Downloads/macro_project/data/raw/Sericostomatidae sp/CPH-Sericostomatidae sp.-2272-t.png,CPH-Sericostomatidae sp.-2272-t.png,.png,Sericostomatidae sp,600,338,3
/Users/saanvimalla/Downloads/macro_project/data/raw/Sericostomatidae sp/CPH-Sericostomatidae sp.-2704-v.png,CPH-Sericostomatidae sp.-2704-v.png,.png,Sericostomatidae sp,600,338,3
/Users/saanvimalla/Downloads/macro_project/data/raw/Sericostomatidae sp/CPH-Sericostomatidae sp.-2317-t.png,CPH-Sericostomatidae sp.-2317-t.png,.png,Sericostomatidae sp,600,338,3
/Users/saanvimalla/Downloads/macro_project/data/raw/Sericostomatidae sp/CPH-Sericostomatidae sp.-2352-t.png,CPH-Sericostomatidae sp.-2352-t.png,.png,Sericostomatidae sp,600,338,3
/Users/saanvimalla/Downloads/macro_project/data/raw/Sericostomatidae sp/CPH-Sericostomatidae sp.-2296-t.png,CPH-Sericostomatidae sp.-2296-t.png,.png,Sericostomatidae sp,600,338,3
/Users/saanvimalla/Downloads/macro_project/data/raw/Sericostomatidae sp/CPH-Sericostomatidae sp.-2333-t.png,CPH-Sericostomatidae sp.-2333-t.png,.png,Sericostomatidae sp,600,338,3
/Users/saanvimalla/Downloads/macro_project/data/raw/Sericostomatidae sp/CPH-Sericostomatidae sp.-2376-t.png,CPH-Sericostomatidae sp.-2376-t.png,.png,Sericostomatidae sp,600,338,3
/Users/saanvimalla/Downloads/macro_project/data/raw/Sericostomatidae sp/CPH-Sericostomatidae sp.-2349-t.png,CPH-Sericostomatidae sp.-2349-t.png,.png,Sericostomatidae sp,600,338,3
/Users/saanvimalla/Downloads/macro_project/data/raw/Sericostomatidae sp/CPH-Sericostomatidae sp.-2294-t.png,CPH-Sericostomatidae sp.-2294-t.png,.png,Sericostomatidae sp,600,338,3
/Users/saanvimalla/Downloads/macro_project/data/raw/Sericostomatidae sp/CPH-Sericostomatidae sp.-2269-t.png,CPH-Sericostomatidae sp.-2269-t.png,.png,Sericostomatidae sp,600,338,3
/Users/saanvimalla/Downloads/macro_project/data/raw/Sericostomatidae sp/CPH-Sericostomatidae sp.-2331-t.png,CPH-Sericostomatidae sp.-2331-t.png,.png,Sericostomatidae sp,600,338,3
/Users/saanvimalla/Downloads/macro_project/data/raw/Sericostomatidae sp/CPH-Sericostomatidae sp.-2374-t.png,CPH-Sericostomatidae sp.-2374-t.png,.png,Sericostomatidae sp,600,338,3
/Users/saanvimalla/Downloads/macro_project/data/raw/Sericostomatidae sp/CPH-Sericostomatidae sp.-2389-t.png,CPH-Sericostomatidae sp.-2389-t.png,.png,Sericostomatidae sp,600,338,3
/Users/saanvimalla/Downloads/macro_project/data/raw/Sericostomatidae sp/CPH-Sericostomatidae sp.-2315-t.png,CPH-Sericostomatidae sp.-2315-t.png,.png,Sericostomatidae sp,600,338,3
/Users/saanvimalla/Downloads/macro_project/data/raw/Sericostomatidae sp/CPH-Sericostomatidae sp.-2350-t.png,CPH-Sericostomatidae sp.-2350-t.png,.png,Sericostomatidae sp,600,338,3
/Users/saanvimalla/Downloads/macro_project/data/raw/Sericostomatidae sp/CPH-Sericostomatidae sp.-2405-t.png,CPH-Sericostomatidae sp.-2405-t.png,.png,Sericostomatidae sp,600,338,3
/Users/saanvimalla/Downloads/macro_project/data/raw/Sericostomatidae sp/CPH-Sericostomatidae sp.-2328-t.png,CPH-Sericostomatidae sp.-2328-t.png,.png,Sericostomatidae sp,600,338,3
/Users/saanvimalla/Downloads/macro_project/data/raw/Sericostomatidae sp/CPH-Sericostomatidae sp.-2270-t.png,CPH-Sericostomatidae sp.-2270-t.png,.png,Sericostomatidae sp,600,338,3
/Users/saanvimalla/Downloads/macro_project/data/raw/Sericostomatidae sp/CPH-Sericostomatidae sp.-2235-t.png,CPH-Sericostomatidae sp.-2235-t.png,.png,Sericostomatidae sp,600,450,3
/Users/saanvimalla/Downloads/macro_project/data/raw/Ephemerellidae/CPH-Ephemerellidae-577-t.png,CPH-Ephemerellidae-577-t.png,.png,Ephemerellidae,600,450,3
/Users/saanvimalla/Downloads/macro_project/data/raw/Ephemerellidae/CPH-Ephemerellidae-633-t.png,CPH-Ephemerellidae-633-t.png,.png,Ephemerellidae,600,450,3
/Users/saanvimalla/Downloads/macro_project/data/raw/Ephemerellidae/CPH-Ephemerellidae-593-t.png,CPH-Ephemerellidae-593-t.png,.png,Ephemerellidae,600,450,3
/Users/saanvimalla/Downloads/macro_project/data/raw/Ephemerellidae/CPH-Ephemerellidae-615-t.png,CPH-Ephemerellidae-615-t.png,.png,Ephemerellidae,600,450,3
/Users/saanvimalla/Downloads/macro_project/data/raw/Ephemerellidae/CPH-Ephemerellidae-628-t.png,CPH-Ephemerellidae-628-t.png,.png,Ephemerellidae,600,450,3
/Users/saanvimalla/Downloads/macro_project/data/raw/Ephemerellidae/CPH-Ephemerellidae-591-t.png,CPH-Ephemerellidae-591-t.png,.png,Ephemerellidae,600,450,3
/Users/saanvimalla/Downloads/macro_project/data/raw/Ephemerellidae/CPH-Ephemerellidae-631-t.png,CPH-Ephemerellidae-631-t.png,.png,Ephemerellidae,600,450,3
/Users/saanvimalla/Downloads/macro_project/data/raw/Ephemerellidae/CPH-Ephemerellidae-575-t.png,CPH-Ephemerellidae-575-t.png,.png,Ephemerellidae,600,450,3
/Users/saanvimalla/Downloads/macro_project/data/raw/Ephemerellidae/CPH-Ephemerellidae-608-t.png,CPH-Ephemerellidae-608-t.png,.png,Ephemerellidae,600,450,3
/Users/saanvimalla/Downloads/macro_project/data/raw/Ephemerellidae/CPH-Ephemerellidae-571-t.png,CPH-Ephemerellidae-571-t.png,.png,Ephemerellidae,600,450,3
/Users/saanvimalla/Downloads/macro_project/data/raw/Ephemerellidae/CPH-Ephemerellidae-635-t.png,CPH-Ephemerellidae-635-t.png,.png,Ephemerellidae,600,450,3
/Users/saanvimalla/Downloads/macro_project/data/raw/Ephemerellidae/CPH-Ephemerellidae-595-t.png,CPH-Ephemerellidae-595-t.png,.png,Ephemerellidae,600,450,3
/Users/saanvimalla/Downloads/macro_project/data/raw/Ephemerellidae/CPH-Ephemerellidae-597-t.png,CPH-Ephemerellidae-597-t.png,.png,Ephemerellidae,600,450,3
/Users/saanvimalla/Downloads/macro_project/data/raw/Ephemerellidae/CPH-Ephemerellidae-613-t.png,CPH-Ephemerellidae-613-t.png,.png,Ephemerellidae,600,450,3
/Users/saanvimalla/Downloads/macro_project/data/raw/Ephemerellidae/CPH-Ephemerellidae-573-t.png,CPH-Ephemerellidae-573-t.png,.png,Ephemerellidae,600,450,3
/Users/saanvimalla/Downloads/macro_project/data/raw/Ephemerellidae/CPH-Ephemerellidae-629-t.png,CPH-Ephemerellidae-629-t.png,.png,Ephemerellidae,600,450,3
/Users/saanvimalla/Downloads/macro_project/data/raw/Ephemerellidae/CPH-Ephemerellidae-590-t.png,CPH-Ephemerellidae-590-t.png,.png,Ephemerellidae,600,450,3
/Users/saanvimalla/Downloads/macro_project/data/raw/Ephemerellidae/CPH-Ephemerellidae-736-v.png,CPH-Ephemerellidae-736-v.png,.png,Ephemerellidae,600,450,3
/Users/saanvimalla/Downloads/macro_project/data/raw/Ephemerellidae/CPH-Ephemerellidae-614-t.png,CPH-Ephemerellidae-614-t.png,.png,Ephemerellidae,600,450,3
/Users/saanvimalla/Downloads/macro_project/data/raw/Ephemerellidae/CPH-Ephemerellidae-589-t.png,CPH-Ephemerellidae-589-t.png,.png,Ephemerellidae,600,450,3
/Users/saanvimalla/Downloads/macro_project/data/raw/Ephemerellidae/CPH-Ephemerellidae-630-t.png,CPH-Ephemerellidae-630-t.png,.png,Ephemerellidae,600,450,3
/Users/saanvimalla/Downloads/macro_project/data/raw/Ephemerellidae/CPH-Ephemerellidae-574-t.png,CPH-Ephemerellidae-574-t.png,.png,Ephemerellidae,600,450,3
/Users/saanvimalla/Downloads/macro_project/data/raw/Ephemerellidae/CPH-Ephemerellidae-576-t.png,CPH-Ephemerellidae-576-t.png,.png,Ephemerellidae,600,450,3
/Users/saanvimalla/Downloads/macro_project/data/raw/Ephemerellidae/CPH-Ephemerellidae-616-t.png,CPH-Ephemerellidae-616-t.png,.png,Ephemerellidae,600,450,3
/Users/saanvimalla/Downloads/macro_project/data/raw/Ephemerellidae/CPH-Ephemerellidae-592-t.png,CPH-Ephemerellidae-592-t.png,.png,Ephemerellidae,600,450,3
/Users/saanvimalla/Downloads/macro_project/data/raw/Ephemerellidae/CPH-Ephemerellidae-612-t.png,CPH-Ephemerellidae-612-t.png,.png,Ephemerellidae,600,450,3
/Users/saanvimalla/Downloads/macro_project/data/raw/Ephemerellidae/CPH-Ephemerellidae-596-t.png,CPH-Ephemerellidae-596-t.png,.png,Ephemerellidae,600,450,3
/Users/saanvimalla/Downloads/macro_project/data/raw/Ephemerellidae/CPH-Ephemerellidae-730-v.png,CPH-Ephemerellidae-730-v.png,.png,Ephemerellidae,600,450,3
/Users/saanvimalla/Downloads/macro_project/data/raw/Ephemerellidae/CPH-Ephemerellidae-751-v.png,CPH-Ephemerellidae-751-v.png,.png,Ephemerellidae,600,450,3
/Users/saanvimalla/Downloads/macro_project/data/raw/Ephemerellidae/CPH-Ephemerellidae-636-t.png,CPH-Ephemerellidae-636-t.png,.png,Ephemerellidae,600,450,3
/Users/saanvimalla/Downloads/macro_project/data/raw/Ephemerellidae/CPH-Ephemerellidae-572-t.png,CPH-Ephemerellidae-572-t.png,.png,Ephemerellidae,600,450,3
/Users/saanvimalla/Downloads/macro_project/data/raw/Ephemerellidae/CPH-Ephemerellidae-570-t.png,CPH-Ephemerellidae-570-t.png,.png,Ephemerellidae,600,450,3
/Users/saanvimalla/Downloads/macro_project/data/raw/Ephemerellidae/CPH-Ephemerellidae-634-t.png,CPH-Ephemerellidae-634-t.png,.png,Ephemerellidae,600,450,3
/Users/saanvimalla/Downloads/macro_project/data/raw/Ephemerellidae/CPH-Ephemerellidae-609-t.png,CPH-Ephemerellidae-609-t.png,.png,Ephemerellidae,600,450,3
/Users/saanvimalla/Downloads/macro_project/data/raw/Ephemerellidae/CPH-Ephemerellidae-569-t.png,CPH-Ephemerellidae-569-t.png,.png,Ephemerellidae,600,450,3
/Users/saanvimalla/Downloads/macro_project/data/raw/Ephemerellidae/CPH-Ephemerellidae-594-t.png,CPH-Ephemerellidae-594-t.png,.png,Ephemerellidae,600,450,3
/Users/saanvimalla/Downloads/macro_project/data/raw/Ephemerellidae/CPH-Ephemerellidae-610-t.png,CPH-Ephemerellidae-610-t.png,.png,Ephemerellidae,600,450,3
/Users/saanvimalla/Downloads/macro_project/data/raw/Ephemerellidae/CPH-Ephemerellidae-598-t.png,CPH-Ephemerellidae-598-t.png,.png,Ephemerellidae,600,450,3
/Users/saanvimalla/Downloads/macro_project/data/raw/Ephemerellidae/CPH-Ephemerellidae-621-t.png,CPH-Ephemerellidae-621-t.png,.png,Ephemerellidae,600,450,3
/Users/saanvimalla/Downloads/macro_project/data/raw/Ephemerellidae/CPH-Ephemerellidae-605-t.png,CPH-Ephemerellidae-605-t.png,.png,Ephemerellidae,600,450,3
/Users/saanvimalla/Downloads/macro_project/data/raw/Ephemerellidae/CPH-Ephemerellidae-581-t.png,CPH-Ephemerellidae-581-t.png,.png,Ephemerellidae,600,450,3
/Users/saanvimalla/Downloads/macro_project/data/raw/Ephemerellidae/CPH-Ephemerellidae-725-v.png,CPH-Ephemerellidae-725-v.png,.png,Ephemerellidae,600,450,3
/Users/saanvimalla/Downloads/macro_project/data/raw/Ephemerellidae/CPH-Ephemerellidae-607-t.png,CPH-Ephemerellidae-607-t.png,.png,Ephemerellidae,600,450,3
/Users/saanvimalla/Downloads/macro_project/data/raw/Ephemerellidae/CPH-Ephemerellidae-623-t.png,CPH-Ephemerellidae-623-t.png,.png,Ephemerellidae,600,450,3
/Users/saanvimalla/Downloads/macro_project/data/raw/Ephemerellidae/CPH-Ephemerellidae-627-t.png,CPH-Ephemerellidae-627-t.png,.png,Ephemerellidae,600,450,3
/Users/saanvimalla/Downloads/macro_project/data/raw/Ephemerellidae/CPH-Ephemerellidae-705-v.png,CPH-Ephemerellidae-705-v.png,.png,Ephemerellidae,600,450,3
/Users/saanvimalla/Downloads/macro_project/data/raw/Ephemerellidae/CPH-Ephemerellidae-587-t.png,CPH-Ephemerellidae-587-t.png,.png,Ephemerellidae,600,450,3
/Users/saanvimalla/Downloads/macro_project/data/raw/Ephemerellidae/CPH-Ephemerellidae-601-t.png,CPH-Ephemerellidae-601-t.png,.png,Ephemerellidae,600,450,3
/Users/saanvimalla/Downloads/macro_project/data/raw/Ephemerellidae/CPH-Ephemerellidae-585-t.png,CPH-Ephemerellidae-585-t.png,.png,Ephemerellidae,600,450,3
/Users/saanvimalla/Downloads/macro_project/data/raw/Ephemerellidae/CPH-Ephemerellidae-578-t.png,CPH-Ephemerellidae-578-t.png,.png,Ephemerellidae,600,450,3
/Users/saanvimalla/Downloads/macro_project/data/raw/Ephemerellidae/CPH-Ephemerellidae-707-v.png,CPH-Ephemerellidae-707-v.png,.png,Ephemerellidae,600,450,3
/Users/saanvimalla/Downloads/macro_project/data/raw/Ephemerellidae/CPH-Ephemerellidae-618-t.png,CPH-Ephemerellidae-618-t.png,.png,Ephemerellidae,600,450,3
/Users/saanvimalla/Downloads/macro_project/data/raw/Ephemerellidae/CPH-Ephemerellidae-625-t.png,CPH-Ephemerellidae-625-t.png,.png,Ephemerellidae,600,450,3
/Users/saanvimalla/Downloads/macro_project/data/raw/Ephemerellidae/CPH-Ephemerellidae-582-t.png,CPH-Ephemerellidae-582-t.png,.png,Ephemerellidae,600,450,3
/Users/saanvimalla/Downloads/macro_project/data/raw/Ephemerellidae/CPH-Ephemerellidae-622-t.png,CPH-Ephemerellidae-622-t.png,.png,Ephemerellidae,600,450,3
/Users/saanvimalla/Downloads/macro_project/data/raw/Ephemerellidae/CPH-Ephemerellidae-599-t.png,CPH-Ephemerellidae-599-t.png,.png,Ephemerellidae,600,450,3
/Users/saanvimalla/Downloads/macro_project/data/raw/Ephemerellidae/CPH-Ephemerellidae-620-t.png,CPH-Ephemerellidae-620-t.png,.png,Ephemerellidae,600,450,3
/Users/saanvimalla/Downloads/macro_project/data/raw/Ephemerellidae/CPH-Ephemerellidae-702-v.png,CPH-Ephemerellidae-702-v.png,.png,Ephemerellidae,600,450,3
/Users/saanvimalla/Downloads/macro_project/data/raw/Ephemerellidae/CPH-Ephemerellidae-580-t.png,CPH-Ephemerellidae-580-t.png,.png,Ephemerellidae,600,450,3
/Users/saanvimalla/Downloads/macro_project/data/raw/Ephemerellidae/CPH-Ephemerellidae-604-t.png,CPH-Ephemerellidae-604-t.png,.png,Ephemerellidae,600,450,3
/Users/saanvimalla/Downloads/macro_project/data/raw/Ephemerellidae/CPH-Ephemerellidae-584-t.png,CPH-Ephemerellidae-584-t.png,.png,Ephemerellidae,600,450,3
/Users/saanvimalla/Downloads/macro_project/data/raw/Ephemerellidae/CPH-Ephemerellidae-722-v.png,CPH-Ephemerellidae-722-v.png,.png,Ephemerellidae,600,450,3
/Users/saanvimalla/Downloads/macro_project/data/raw/Ephemerellidae/CPH-Ephemerellidae-579-t.png,CPH-Ephemerellidae-579-t.png,.png,Ephemerellidae,600,450,3
/Users/saanvimalla/Downloads/macro_project/data/raw/Ephemerellidae/CPH-Ephemerellidae-600-t.png,CPH-Ephemerellidae-600-t.png,.png,Ephemerellidae,600,450,3
/Users/saanvimalla/Downloads/macro_project/data/raw/Ephemerellidae/CPH-Ephemerellidae-624-t.png,CPH-Ephemerellidae-624-t.png,.png,Ephemerellidae,600,450,3
/Users/saanvimalla/Downloads/macro_project/data/raw/Ephemerellidae/CPH-Ephemerellidae-619-t.png,CPH-Ephemerellidae-619-t.png,.png,Ephemerellidae,600,450,3
/Users/saanvimalla/Downloads/macro_project/data/raw/Ephemerellidae/CPH-Ephemerellidae-626-t.png,CPH-Ephemerellidae-626-t.png,.png,Ephemerellidae,600,450,3
/Users/saanvimalla/Downloads/macro_project/data/raw/Ephemerellidae/CPH-Ephemerellidae-602-t.png,CPH-Ephemerellidae-602-t.png,.png,Ephemerellidae,600,450,3
/Users/saanvimalla/Downloads/macro_project/data/raw/Sphaerium sp/CPH-Sphaerium sp.-2885-t.png,CPH-Sphaerium sp.-2885-t.png,.png,Sphaerium sp,600,338,3
/Users/saanvimalla/Downloads/macro_project/data/raw/Sphaerium sp/CPH-Sphaerium sp.-2878-t.png,CPH-Sphaerium sp.-2878-t.png,.png,Sphaerium sp,600,338,3
/Users/saanvimalla/Downloads/macro_project/data/raw/Sphaerium sp/CPH-Sphaerium sp.-3305-v.png,CPH-Sphaerium sp.-3305-v.png,.png,Sphaerium sp,600,338,3
/Users/saanvimalla/Downloads/macro_project/data/raw/Sphaerium sp/CPH-Sphaerium sp.-2845-t.png,CPH-Sphaerium sp.-2845-t.png,.png,Sphaerium sp,600,338,3
/Users/saanvimalla/Downloads/macro_project/data/raw/Sphaerium sp/CPH-Sphaerium sp.-3321-v.png,CPH-Sphaerium sp.-3321-v.png,.png,Sphaerium sp,600,338,3
/Users/saanvimalla/Downloads/macro_project/data/raw/Sphaerium sp/CPH-Sphaerium sp.-2861-t.png,CPH-Sphaerium sp.-2861-t.png,.png,Sphaerium sp,600,338,3
/Users/saanvimalla/Downloads/macro_project/data/raw/Sphaerium sp/CPH-Sphaerium sp.-2824-t.png,CPH-Sphaerium sp.-2824-t.png,.png,Sphaerium sp,600,338,3
/Users/saanvimalla/Downloads/macro_project/data/raw/Sphaerium sp/CPH-Sphaerium sp.-2819-t.png,CPH-Sphaerium sp.-2819-t.png,.png,Sphaerium sp,600,338,3
/Users/saanvimalla/Downloads/macro_project/data/raw/Sphaerium sp/CPH-Sphaerium sp.-2906-t.png,CPH-Sphaerium sp.-2906-t.png,.png,Sphaerium sp,600,338,3
/Users/saanvimalla/Downloads/macro_project/data/raw/Sphaerium sp/CPH-Sphaerium sp.-2863-t.png,CPH-Sphaerium sp.-2863-t.png,.png,Sphaerium sp,600,338,3
/Users/saanvimalla/Downloads/macro_project/data/raw/Sphaerium sp/CPH-Sphaerium sp.-2826-t.png,CPH-Sphaerium sp.-2826-t.png,.png,Sphaerium sp,600,338,3
/Users/saanvimalla/Downloads/macro_project/data/raw/Sphaerium sp/CPH-Sphaerium sp.-2847-t.png,CPH-Sphaerium sp.-2847-t.png,.png,Sphaerium sp,600,338,3
/Users/saanvimalla/Downloads/macro_project/data/raw/Sphaerium sp/CPH-Sphaerium sp.-2802-t.png,CPH-Sphaerium sp.-2802-t.png,.png,Sphaerium sp,274,600,3
/Users/saanvimalla/Downloads/macro_project/data/raw/Sphaerium sp/CPH-Sphaerium sp.-2887-t.png,CPH-Sphaerium sp.-2887-t.png,.png,Sphaerium sp,600,338,3
/Users/saanvimalla/Downloads/macro_project/data/raw/Sphaerium sp/CPH-Sphaerium sp.-2922-t.png,CPH-Sphaerium sp.-2922-t.png,.png,Sphaerium sp,600,450,3
/Users/saanvimalla/Downloads/macro_project/data/raw/Sphaerium sp/CPH-Sphaerium sp.-2843-t.png,CPH-Sphaerium sp.-2843-t.png,.png,Sphaerium sp,600,338,3
/Users/saanvimalla/Downloads/macro_project/data/raw/Sphaerium sp/CPH-Sphaerium sp.-2926-t.png,CPH-Sphaerium sp.-2926-t.png,.png,Sphaerium sp,600,450,3
/Users/saanvimalla/Downloads/macro_project/data/raw/Sphaerium sp/CPH-Sphaerium sp.-2883-t.png,CPH-Sphaerium sp.-2883-t.png,.png,Sphaerium sp,600,338,3
/Users/saanvimalla/Downloads/macro_project/data/raw/Sphaerium sp/CPH-Sphaerium sp.-2902-t.png,CPH-Sphaerium sp.-2902-t.png,.png,Sphaerium sp,600,338,3
/Users/saanvimalla/Downloads/macro_project/data/raw/Sphaerium sp/CPH-Sphaerium sp.-3207-v.png,CPH-Sphaerium sp.-3207-v.png,.png,Sphaerium sp,274,600,3
/Users/saanvimalla/Downloads/macro_project/data/raw/Sphaerium sp/CPH-Sphaerium sp.-2867-t.png,CPH-Sphaerium sp.-2867-t.png,.png,Sphaerium sp,600,338,3
/Users/saanvimalla/Downloads/macro_project/data/raw/Sphaerium sp/CPH-Sphaerium sp.-2822-t.png,CPH-Sphaerium sp.-2822-t.png,.png,Sphaerium sp,600,338,3
/Users/saanvimalla/Downloads/macro_project/data/raw/Sphaerium sp/CPH-Sphaerium sp.-2865-t.png,CPH-Sphaerium sp.-2865-t.png,.png,Sphaerium sp,600,338,3
/Users/saanvimalla/Downloads/macro_project/data/raw/Sphaerium sp/CPH-Sphaerium sp.-2820-t.png,CPH-Sphaerium sp.-2820-t.png,.png,Sphaerium sp,600,338,3
/Users/saanvimalla/Downloads/macro_project/data/raw/Sphaerium sp/CPH-Sphaerium sp.-2898-t.png,CPH-Sphaerium sp.-2898-t.png,.png,Sphaerium sp,600,338,3
/Users/saanvimalla/Downloads/macro_project/data/raw/Sphaerium sp/CPH-Sphaerium sp.-2900-t.png,CPH-Sphaerium sp.-2900-t.png,.png,Sphaerium sp,600,338,3
/Users/saanvimalla/Downloads/macro_project/data/raw/Sphaerium sp/CPH-Sphaerium sp.-2858-t.png,CPH-Sphaerium sp.-2858-t.png,.png,Sphaerium sp,600,338,3
/Users/saanvimalla/Downloads/macro_project/data/raw/Sphaerium sp/CPH-Sphaerium sp.-2924-t.png,CPH-Sphaerium sp.-2924-t.png,.png,Sphaerium sp,600,450,3
/Users/saanvimalla/Downloads/macro_project/data/raw/Sphaerium sp/CPH-Sphaerium sp.-2839-t.png,CPH-Sphaerium sp.-2839-t.png,.png,Sphaerium sp,600,338,3
/Users/saanvimalla/Downloads/macro_project/data/raw/Sphaerium sp/CPH-Sphaerium sp.-2881-t.png,CPH-Sphaerium sp.-2881-t.png,.png,Sphaerium sp,600,338,3
/Users/saanvimalla/Downloads/macro_project/data/raw/Sphaerium sp/CPH-Sphaerium sp.-2841-t.png,CPH-Sphaerium sp.-2841-t.png,.png,Sphaerium sp,600,338,3
/Users/saanvimalla/Downloads/macro_project/data/raw/Sphaerium sp/CPH-Sphaerium sp.-2804-t.png,CPH-Sphaerium sp.-2804-t.png,.png,Sphaerium sp,274,600,3
/Users/saanvimalla/Downloads/macro_project/data/raw/Sphaerium sp/CPH-Sphaerium sp.-2919-t.png,CPH-Sphaerium sp.-2919-t.png,.png,Sphaerium sp,600,338,3
/Users/saanvimalla/Downloads/macro_project/data/raw/Sphaerium sp/CPH-Sphaerium sp.-2827-t.png,CPH-Sphaerium sp.-2827-t.png,.png,Sphaerium sp,600,338,3
/Users/saanvimalla/Downloads/macro_project/data/raw/Sphaerium sp/CPH-Sphaerium sp.-2862-t.png,CPH-Sphaerium sp.-2862-t.png,.png,Sphaerium sp,600,338,3
/Users/saanvimalla/Downloads/macro_project/data/raw/Sphaerium sp/CPH-Sphaerium sp.-2907-t.png,CPH-Sphaerium sp.-2907-t.png,.png,Sphaerium sp,600,338,3
/Users/saanvimalla/Downloads/macro_project/data/raw/Sphaerium sp/CPH-Sphaerium sp.-3247-v.png,CPH-Sphaerium sp.-3247-v.png,.png,Sphaerium sp,600,338,3
/Users/saanvimalla/Downloads/macro_project/data/raw/Sphaerium sp/CPH-Sphaerium sp.-2923-t.png,CPH-Sphaerium sp.-2923-t.png,.png,Sphaerium sp,600,450,3
/Users/saanvimalla/Downloads/macro_project/data/raw/Sphaerium sp/CPH-Sphaerium sp.-2886-t.png,CPH-Sphaerium sp.-2886-t.png,.png,Sphaerium sp,600,338,3
/Users/saanvimalla/Downloads/macro_project/data/raw/Sphaerium sp/CPH-Sphaerium sp.-2803-t.png,CPH-Sphaerium sp.-2803-t.png,.png,Sphaerium sp,274,600,3
/Users/saanvimalla/Downloads/macro_project/data/raw/Sphaerium sp/CPH-Sphaerium sp.-2801-t.png,CPH-Sphaerium sp.-2801-t.png,.png,Sphaerium sp,274,600,3
/Users/saanvimalla/Downloads/macro_project/data/raw/Sphaerium sp/CPH-Sphaerium sp.-2844-t.png,CPH-Sphaerium sp.-2844-t.png,.png,Sphaerium sp,600,338,3
/Users/saanvimalla/Downloads/macro_project/data/raw/Sphaerium sp/CPH-Sphaerium sp.-2921-t.png,CPH-Sphaerium sp.-2921-t.png,.png,Sphaerium sp,600,450,3
/Users/saanvimalla/Downloads/macro_project/data/raw/Sphaerium sp/CPH-Sphaerium sp.-2884-t.png,CPH-Sphaerium sp.-2884-t.png,.png,Sphaerium sp,600,338,3
/Users/saanvimalla/Downloads/macro_project/data/raw/Sphaerium sp/CPH-Sphaerium sp.-2879-t.png,CPH-Sphaerium sp.-2879-t.png,.png,Sphaerium sp,600,338,3
/Users/saanvimalla/Downloads/macro_project/data/raw/Sphaerium sp/CPH-Sphaerium sp.-2905-t.png,CPH-Sphaerium sp.-2905-t.png,.png,Sphaerium sp,600,338,3
/Users/saanvimalla/Downloads/macro_project/data/raw/Sphaerium sp/CPH-Sphaerium sp.-2818-t.png,CPH-Sphaerium sp.-2818-t.png,.png,Sphaerium sp,600,338,3
/Users/saanvimalla/Downloads/macro_project/data/raw/Sphaerium sp/CPH-Sphaerium sp.-2825-t.png,CPH-Sphaerium sp.-2825-t.png,.png,Sphaerium sp,600,338,3
/Users/saanvimalla/Downloads/macro_project/data/raw/Sphaerium sp/CPH-Sphaerium sp.-2860-t.png,CPH-Sphaerium sp.-2860-t.png,.png,Sphaerium sp,600,338,3
/Users/saanvimalla/Downloads/macro_project/data/raw/Sphaerium sp/CPH-Sphaerium sp.-2859-t.png,CPH-Sphaerium sp.-2859-t.png,.png,Sphaerium sp,600,338,3
/Users/saanvimalla/Downloads/macro_project/data/raw/Sphaerium sp/CPH-Sphaerium sp.-2901-t.png,CPH-Sphaerium sp.-2901-t.png,.png,Sphaerium sp,600,338,3
/Users/saanvimalla/Downloads/macro_project/data/raw/Sphaerium sp/CPH-Sphaerium sp.-3239-v.png,CPH-Sphaerium sp.-3239-v.png,.png,Sphaerium sp,600,338,3
/Users/saanvimalla/Downloads/macro_project/data/raw/Sphaerium sp/CPH-Sphaerium sp.-2864-t.png,CPH-Sphaerium sp.-2864-t.png,.png,Sphaerium sp,600,338,3
/Users/saanvimalla/Downloads/macro_project/data/raw/Sphaerium sp/CPH-Sphaerium sp.-2899-t.png,CPH-Sphaerium sp.-2899-t.png,.png,Sphaerium sp,600,338,3
/Users/saanvimalla/Downloads/macro_project/data/raw/Sphaerium sp/CPH-Sphaerium sp.-2918-t.png,CPH-Sphaerium sp.-2918-t.png,.png,Sphaerium sp,600,338,3
/Users/saanvimalla/Downloads/macro_project/data/raw/Sphaerium sp/CPH-Sphaerium sp.-2805-t.png,CPH-Sphaerium sp.-2805-t.png,.png,Sphaerium sp,274,600,3
/Users/saanvimalla/Downloads/macro_project/data/raw/Sphaerium sp/CPH-Sphaerium sp.-2840-t.png,CPH-Sphaerium sp.-2840-t.png,.png,Sphaerium sp,600,338,3
/Users/saanvimalla/Downloads/macro_project/data/raw/Sphaerium sp/CPH-Sphaerium sp.-3258-v.png,CPH-Sphaerium sp.-3258-v.png,.png,Sphaerium sp,600,338,3
/Users/saanvimalla/Downloads/macro_project/data/raw/Sphaerium sp/CPH-Sphaerium sp.-2880-t.png,CPH-Sphaerium sp.-2880-t.png,.png,Sphaerium sp,600,338,3
/Users/saanvimalla/Downloads/macro_project/data/raw/Sphaerium sp/CPH-Sphaerium sp.-2925-t.png,CPH-Sphaerium sp.-2925-t.png,.png,Sphaerium sp,600,450,3
/Users/saanvimalla/Downloads/macro_project/data/raw/Sphaerium sp/CPH-Sphaerium sp.-2882-t.png,CPH-Sphaerium sp.-2882-t.png,.png,Sphaerium sp,600,338,3
/Users/saanvimalla/Downloads/macro_project/data/raw/Sphaerium sp/CPH-Sphaerium sp.-3222-v.png,CPH-Sphaerium sp.-3222-v.png,.png,Sphaerium sp,600,338,3
/Users/saanvimalla/Downloads/macro_project/data/raw/Sphaerium sp/CPH-Sphaerium sp.-2927-t.png,CPH-Sphaerium sp.-2927-t.png,.png,Sphaerium sp,600,338,3
/Users/saanvimalla/Downloads/macro_project/data/raw/Sphaerium sp/CPH-Sphaerium sp.-2807-t.png,CPH-Sphaerium sp.-2807-t.png,.png,Sphaerium sp,600,274,3
/Users/saanvimalla/Downloads/macro_project/data/raw/Sphaerium sp/CPH-Sphaerium sp.-2842-t.png,CPH-Sphaerium sp.-2842-t.png,.png,Sphaerium sp,600,338,3
/Users/saanvimalla/Downloads/macro_project/data/raw/Sphaerium sp/CPH-Sphaerium sp.-2823-t.png,CPH-Sphaerium sp.-2823-t.png,.png,Sphaerium sp,600,338,3
/Users/saanvimalla/Downloads/macro_project/data/raw/Sphaerium sp/CPH-Sphaerium sp.-2866-t.png,CPH-Sphaerium sp.-2866-t.png,.png,Sphaerium sp,600,338,3
/Users/saanvimalla/Downloads/macro_project/data/raw/Sphaerium sp/CPH-Sphaerium sp.-2903-t.png,CPH-Sphaerium sp.-2903-t.png,.png,Sphaerium sp,600,338,3
/Users/saanvimalla/Downloads/macro_project/data/raw/Sphaerium sp/CPH-Sphaerium sp.-2812-t.png,CPH-Sphaerium sp.-2812-t.png,.png,Sphaerium sp,600,338,3
/Users/saanvimalla/Downloads/macro_project/data/raw/Sphaerium sp/CPH-Sphaerium sp.-2897-t.png,CPH-Sphaerium sp.-2897-t.png,.png,Sphaerium sp,600,338,3
/Users/saanvimalla/Downloads/macro_project/data/raw/Sphaerium sp/CPH-Sphaerium sp.-2916-t.png,CPH-Sphaerium sp.-2916-t.png,.png,Sphaerium sp,600,338,3
/Users/saanvimalla/Downloads/macro_project/data/raw/Sphaerium sp/CPH-Sphaerium sp.-3256-v.png,CPH-Sphaerium sp.-3256-v.png,.png,Sphaerium sp,600,338,3
/Users/saanvimalla/Downloads/macro_project/data/raw/Sphaerium sp/CPH-Sphaerium sp.-2873-t.png,CPH-Sphaerium sp.-2873-t.png,.png,Sphaerium sp,600,338,3
/Users/saanvimalla/Downloads/macro_project/data/raw/Sphaerium sp/CPH-Sphaerium sp.-2836-t.png,CPH-Sphaerium sp.-2836-t.png,.png,Sphaerium sp,600,338,3
/Users/saanvimalla/Downloads/macro_project/data/raw/Sphaerium sp/CPH-Sphaerium sp.-2871-t.png,CPH-Sphaerium sp.-2871-t.png,.png,Sphaerium sp,600,338,3
/Users/saanvimalla/Downloads/macro_project/data/raw/Sphaerium sp/CPH-Sphaerium sp.-2834-t.png,CPH-Sphaerium sp.-2834-t.png,.png,Sphaerium sp,600,338,3
/Users/saanvimalla/Downloads/macro_project/data/raw/Sphaerium sp/CPH-Sphaerium sp.-2914-t.png,CPH-Sphaerium sp.-2914-t.png,.png,Sphaerium sp,600,338,3
/Users/saanvimalla/Downloads/macro_project/data/raw/Sphaerium sp/CPH-Sphaerium sp.-2809-t.png,CPH-Sphaerium sp.-2809-t.png,.png,Sphaerium sp,600,338,3
/Users/saanvimalla/Downloads/macro_project/data/raw/Sphaerium sp/CPH-Sphaerium sp.-3254-v.png,CPH-Sphaerium sp.-3254-v.png,.png,Sphaerium sp,600,338,3
/Users/saanvimalla/Downloads/macro_project/data/raw/Sphaerium sp/CPH-Sphaerium sp.-2868-t.png,CPH-Sphaerium sp.-2868-t.png,.png,Sphaerium sp,600,338,3
/Users/saanvimalla/Downloads/macro_project/data/raw/Sphaerium sp/CPH-Sphaerium sp.-2895-t.png,CPH-Sphaerium sp.-2895-t.png,.png,Sphaerium sp,600,338,3
/Users/saanvimalla/Downloads/macro_project/data/raw/Sphaerium sp/CPH-Sphaerium sp.-2810-t.png,CPH-Sphaerium sp.-2810-t.png,.png,Sphaerium sp,600,338,3
/Users/saanvimalla/Downloads/macro_project/data/raw/Sphaerium sp/CPH-Sphaerium sp.-2891-t.png,CPH-Sphaerium sp.-2891-t.png,.png,Sphaerium sp,600,338,3
/Users/saanvimalla/Downloads/macro_project/data/raw/Sphaerium sp/CPH-Sphaerium sp.-2829-t.png,CPH-Sphaerium sp.-2829-t.png,.png,Sphaerium sp,600,338,3
/Users/saanvimalla/Downloads/macro_project/data/raw/Sphaerium sp/CPH-Sphaerium sp.-3311-v.png,CPH-Sphaerium sp.-3311-v.png,.png,Sphaerium sp,600,338,3
/Users/saanvimalla/Downloads/macro_project/data/raw/Sphaerium sp/CPH-Sphaerium sp.-2909-t.png,CPH-Sphaerium sp.-2909-t.png,.png,Sphaerium sp,600,338,3
/Users/saanvimalla/Downloads/macro_project/data/raw/Sphaerium sp/CPH-Sphaerium sp.-2851-t.png,CPH-Sphaerium sp.-2851-t.png,.png,Sphaerium sp,600,338,3
/Users/saanvimalla/Downloads/macro_project/data/raw/Sphaerium sp/CPH-Sphaerium sp.-2814-t.png,CPH-Sphaerium sp.-2814-t.png,.png,Sphaerium sp,600,338,3
/Users/saanvimalla/Downloads/macro_project/data/raw/Sphaerium sp/CPH-Sphaerium sp.-2888-t.png,CPH-Sphaerium sp.-2888-t.png,.png,Sphaerium sp,600,338,3
/Users/saanvimalla/Downloads/macro_project/data/raw/Sphaerium sp/CPH-Sphaerium sp.-2875-t.png,CPH-Sphaerium sp.-2875-t.png,.png,Sphaerium sp,600,338,3
/Users/saanvimalla/Downloads/macro_project/data/raw/Sphaerium sp/CPH-Sphaerium sp.-2830-t.png,CPH-Sphaerium sp.-2830-t.png,.png,Sphaerium sp,600,338,3
/Users/saanvimalla/Downloads/macro_project/data/raw/Sphaerium sp/CPH-Sphaerium sp.-2848-t.png,CPH-Sphaerium sp.-2848-t.png,.png,Sphaerium sp,600,338,3
/Users/saanvimalla/Downloads/macro_project/data/raw/Sphaerium sp/CPH-Sphaerium sp.-3250-v.png,CPH-Sphaerium sp.-3250-v.png,.png,Sphaerium sp,600,338,3
/Users/saanvimalla/Downloads/macro_project/data/raw/Sphaerium sp/CPH-Sphaerium sp.-2912-t.png,CPH-Sphaerium sp.-2912-t.png,.png,Sphaerium sp,600,338,3
/Users/saanvimalla/Downloads/macro_project/data/raw/Sphaerium sp/CPH-Sphaerium sp.-2877-t.png,CPH-Sphaerium sp.-2877-t.png,.png,Sphaerium sp,600,338,3
/Users/saanvimalla/Downloads/macro_project/data/raw/Sphaerium sp/CPH-Sphaerium sp.-2832-t.png,CPH-Sphaerium sp.-2832-t.png,.png,Sphaerium sp,600,338,3
/Users/saanvimalla/Downloads/macro_project/data/raw/Sphaerium sp/CPH-Sphaerium sp.-2816-t.png,CPH-Sphaerium sp.-2816-t.png,.png,Sphaerium sp,600,338,3
/Users/saanvimalla/Downloads/macro_project/data/raw/Sphaerium sp/CPH-Sphaerium sp.-2893-t.png,CPH-Sphaerium sp.-2893-t.png,.png,Sphaerium sp,600,338,3
/Users/saanvimalla/Downloads/macro_project/data/raw/Sphaerium sp/CPH-Sphaerium sp.-2808-t.png,CPH-Sphaerium sp.-2808-t.png,.png,Sphaerium sp,600,274,3
/Users/saanvimalla/Downloads/macro_project/data/raw/Sphaerium sp/CPH-Sphaerium sp.-2915-t.png,CPH-Sphaerium sp.-2915-t.png,.png,Sphaerium sp,600,338,3
/Users/saanvimalla/Downloads/macro_project/data/raw/Sphaerium sp/CPH-Sphaerium sp.-2870-t.png,CPH-Sphaerium sp.-2870-t.png,.png,Sphaerium sp,600,338,3
/Users/saanvimalla/Downloads/macro_project/data/raw/Sphaerium sp/CPH-Sphaerium sp.-2854-t.png,CPH-Sphaerium sp.-2854-t.png,.png,Sphaerium sp,600,338,3
/Users/saanvimalla/Downloads/macro_project/data/raw/Sphaerium sp/CPH-Sphaerium sp.-2869-t.png,CPH-Sphaerium sp.-2869-t.png,.png,Sphaerium sp,600,338,3
/Users/saanvimalla/Downloads/macro_project/data/raw/Sphaerium sp/CPH-Sphaerium sp.-3234-v.png,CPH-Sphaerium sp.-3234-v.png,.png,Sphaerium sp,600,338,3
/Users/saanvimalla/Downloads/macro_project/data/raw/Sphaerium sp/CPH-Sphaerium sp.-2894-t.png,CPH-Sphaerium sp.-2894-t.png,.png,Sphaerium sp,600,338,3
/Users/saanvimalla/Downloads/macro_project/data/raw/Sphaerium sp/CPH-Sphaerium sp.-2896-t.png,CPH-Sphaerium sp.-2896-t.png,.png,Sphaerium sp,600,338,3
/Users/saanvimalla/Downloads/macro_project/data/raw/Sphaerium sp/CPH-Sphaerium sp.-3236-v.png,CPH-Sphaerium sp.-3236-v.png,.png,Sphaerium sp,600,338,3
/Users/saanvimalla/Downloads/macro_project/data/raw/Sphaerium sp/CPH-Sphaerium sp.-2813-t.png,CPH-Sphaerium sp.-2813-t.png,.png,Sphaerium sp,600,338,3
/Users/saanvimalla/Downloads/macro_project/data/raw/Sphaerium sp/CPH-Sphaerium sp.-2856-t.png,CPH-Sphaerium sp.-2856-t.png,.png,Sphaerium sp,600,338,3
/Users/saanvimalla/Downloads/macro_project/data/raw/Sphaerium sp/CPH-Sphaerium sp.-2837-t.png,CPH-Sphaerium sp.-2837-t.png,.png,Sphaerium sp,600,338,3
/Users/saanvimalla/Downloads/macro_project/data/raw/Sphaerium sp/CPH-Sphaerium sp.-2872-t.png,CPH-Sphaerium sp.-2872-t.png,.png,Sphaerium sp,600,338,3
/Users/saanvimalla/Downloads/macro_project/data/raw/Sphaerium sp/CPH-Sphaerium sp.-3212-v.png,CPH-Sphaerium sp.-3212-v.png,.png,Sphaerium sp,600,338,3
/Users/saanvimalla/Downloads/macro_project/data/raw/Sphaerium sp/CPH-Sphaerium sp.-2917-t.png,CPH-Sphaerium sp.-2917-t.png,.png,Sphaerium sp,600,338,3
/Users/saanvimalla/Downloads/macro_project/data/raw/Sphaerium sp/CPH-Sphaerium sp.-2876-t.png,CPH-Sphaerium sp.-2876-t.png,.png,Sphaerium sp,600,338,3
/Users/saanvimalla/Downloads/macro_project/data/raw/Sphaerium sp/CPH-Sphaerium sp.-2913-t.png,CPH-Sphaerium sp.-2913-t.png,.png,Sphaerium sp,600,338,3
/Users/saanvimalla/Downloads/macro_project/data/raw/Sphaerium sp/CPH-Sphaerium sp.-2892-t.png,CPH-Sphaerium sp.-2892-t.png,.png,Sphaerium sp,600,338,3
/Users/saanvimalla/Downloads/macro_project/data/raw/Sphaerium sp/CPH-Sphaerium sp.-2817-t.png,CPH-Sphaerium sp.-2817-t.png,.png,Sphaerium sp,600,338,3
/Users/saanvimalla/Downloads/macro_project/data/raw/Sphaerium sp/CPH-Sphaerium sp.-2852-t.png,CPH-Sphaerium sp.-2852-t.png,.png,Sphaerium sp,600,338,3
/Users/saanvimalla/Downloads/macro_project/data/raw/Sphaerium sp/CPH-Sphaerium sp.-2815-t.png,CPH-Sphaerium sp.-2815-t.png,.png,Sphaerium sp,600,338,3
/Users/saanvimalla/Downloads/macro_project/data/raw/Sphaerium sp/CPH-Sphaerium sp.-2850-t.png,CPH-Sphaerium sp.-2850-t.png,.png,Sphaerium sp,600,338,3
/Users/saanvimalla/Downloads/macro_project/data/raw/Sphaerium sp/CPH-Sphaerium sp.-2908-t.png,CPH-Sphaerium sp.-2908-t.png,.png,Sphaerium sp,600,338,3
/Users/saanvimalla/Downloads/macro_project/data/raw/Sphaerium sp/CPH-Sphaerium sp.-2890-t.png,CPH-Sphaerium sp.-2890-t.png,.png,Sphaerium sp,600,338,3
/Users/saanvimalla/Downloads/macro_project/data/raw/Sphaerium sp/CPH-Sphaerium sp.-2911-t.png,CPH-Sphaerium sp.-2911-t.png,.png,Sphaerium sp,600,338,3
/Users/saanvimalla/Downloads/macro_project/data/raw/Sphaerium sp/CPH-Sphaerium sp.-2889-t.png,CPH-Sphaerium sp.-2889-t.png,.png,Sphaerium sp,600,338,3
/Users/saanvimalla/Downloads/macro_project/data/raw/Sphaerium sp/CPH-Sphaerium sp.-2831-t.png,CPH-Sphaerium sp.-2831-t.png,.png,Sphaerium sp,600,338,3
/Users/saanvimalla/Downloads/macro_project/data/raw/Sphaerium sp/CPH-Sphaerium sp.-3229-v.png,CPH-Sphaerium sp.-3229-v.png,.png,Sphaerium sp,600,338,3
/Users/saanvimalla/Downloads/macro_project/data/raw/Sphaerium sp/CPH-Sphaerium sp.-2874-t.png,CPH-Sphaerium sp.-2874-t.png,.png,Sphaerium sp,600,338,3
/Users/saanvimalla/Downloads/macro_project/data/raw/Nemoura sp/CPH-Nemoura sp.-2012-t.png,CPH-Nemoura sp.-2012-t.png,.png,Nemoura sp,600,338,3
/Users/saanvimalla/Downloads/macro_project/data/raw/Nemoura sp/CPH-Nemoura sp.-2057-t.png,CPH-Nemoura sp.-2057-t.png,.png,Nemoura sp,600,338,3
/Users/saanvimalla/Downloads/macro_project/data/raw/Nemoura sp/CPH-Nemoura sp.-2036-t.png,CPH-Nemoura sp.-2036-t.png,.png,Nemoura sp,600,338,3
/Users/saanvimalla/Downloads/macro_project/data/raw/Nemoura sp/CPH-Nemoura sp.-2073-t.png,CPH-Nemoura sp.-2073-t.png,.png,Nemoura sp,600,338,3
/Users/saanvimalla/Downloads/macro_project/data/raw/Nemoura sp/CPH-Nemoura sp.-2034-t.png,CPH-Nemoura sp.-2034-t.png,.png,Nemoura sp,600,338,3
/Users/saanvimalla/Downloads/macro_project/data/raw/Nemoura sp/CPH-Nemoura sp.-2071-t.png,CPH-Nemoura sp.-2071-t.png,.png,Nemoura sp,600,338,3
/Users/saanvimalla/Downloads/macro_project/data/raw/Nemoura sp/CPH-Nemoura sp.-2009-t.png,CPH-Nemoura sp.-2009-t.png,.png,Nemoura sp,600,338,3
/Users/saanvimalla/Downloads/macro_project/data/raw/Nemoura sp/CPH-Nemoura sp.-1998-t.png,CPH-Nemoura sp.-1998-t.png,.png,Nemoura sp,600,338,3
/Users/saanvimalla/Downloads/macro_project/data/raw/Nemoura sp/CPH-Nemoura sp.-2068-t.png,CPH-Nemoura sp.-2068-t.png,.png,Nemoura sp,600,338,3
/Users/saanvimalla/Downloads/macro_project/data/raw/Nemoura sp/CPH-Nemoura sp.-2010-t.png,CPH-Nemoura sp.-2010-t.png,.png,Nemoura sp,600,338,3
/Users/saanvimalla/Downloads/macro_project/data/raw/Nemoura sp/CPH-Nemoura sp.-2055-t.png,CPH-Nemoura sp.-2055-t.png,.png,Nemoura sp,600,338,3
/Users/saanvimalla/Downloads/macro_project/data/raw/Nemoura sp/CPH-Nemoura sp.-2091-t.png,CPH-Nemoura sp.-2091-t.png,.png,Nemoura sp,600,338,3
/Users/saanvimalla/Downloads/macro_project/data/raw/Nemoura sp/CPH-Nemoura sp.-2029-t.png,CPH-Nemoura sp.-2029-t.png,.png,Nemoura sp,600,338,3
/Users/saanvimalla/Downloads/macro_project/data/raw/Nemoura sp/CPH-Nemoura sp.-2014-t.png,CPH-Nemoura sp.-2014-t.png,.png,Nemoura sp,600,338,3
/Users/saanvimalla/Downloads/macro_project/data/raw/Nemoura sp/CPH-Nemoura sp.-2051-t.png,CPH-Nemoura sp.-2051-t.png,.png,Nemoura sp,600,338,3
/Users/saanvimalla/Downloads/macro_project/data/raw/Nemoura sp/CPH-Nemoura sp.-2317-v.png,CPH-Nemoura sp.-2317-v.png,.png,Nemoura sp,600,338,3
/Users/saanvimalla/Downloads/macro_project/data/raw/Nemoura sp/CPH-Nemoura sp.-2030-t.png,CPH-Nemoura sp.-2030-t.png,.png,Nemoura sp,600,338,3
/Users/saanvimalla/Downloads/macro_project/data/raw/Nemoura sp/CPH-Nemoura sp.-2075-t.png,CPH-Nemoura sp.-2075-t.png,.png,Nemoura sp,600,338,3
/Users/saanvimalla/Downloads/macro_project/data/raw/Nemoura sp/CPH-Nemoura sp.-2048-t.png,CPH-Nemoura sp.-2048-t.png,.png,Nemoura sp,600,338,3
/Users/saanvimalla/Downloads/macro_project/data/raw/Nemoura sp/CPH-Nemoura sp.-2032-t.png,CPH-Nemoura sp.-2032-t.png,.png,Nemoura sp,600,338,3
/Users/saanvimalla/Downloads/macro_project/data/raw/Nemoura sp/CPH-Nemoura sp.-2077-t.png,CPH-Nemoura sp.-2077-t.png,.png,Nemoura sp,600,338,3
/Users/saanvimalla/Downloads/macro_project/data/raw/Nemoura sp/CPH-Nemoura sp.-2016-t.png,CPH-Nemoura sp.-2016-t.png,.png,Nemoura sp,600,338,3
/Users/saanvimalla/Downloads/macro_project/data/raw/Nemoura sp/CPH-Nemoura sp.-2053-t.png,CPH-Nemoura sp.-2053-t.png,.png,Nemoura sp,600,338,3
/Users/saanvimalla/Downloads/macro_project/data/raw/Nemoura sp/CPH-Nemoura sp.-2328-v.png,CPH-Nemoura sp.-2328-v.png,.png,Nemoura sp,600,338,3
/Users/saanvimalla/Downloads/macro_project/data/raw/Nemoura sp/CPH-Nemoura sp.-2093-t.png,CPH-Nemoura sp.-2093-t.png,.png,Nemoura sp,600,338,3
/Users/saanvimalla/Downloads/macro_project/data/raw/Nemoura sp/CPH-Nemoura sp.-2008-t.png,CPH-Nemoura sp.-2008-t.png,.png,Nemoura sp,600,338,3
/Users/saanvimalla/Downloads/macro_project/data/raw/Nemoura sp/CPH-Nemoura sp.-2070-t.png,CPH-Nemoura sp.-2070-t.png,.png,Nemoura sp,600,338,3
/Users/saanvimalla/Downloads/macro_project/data/raw/Nemoura sp/CPH-Nemoura sp.-2054-t.png,CPH-Nemoura sp.-2054-t.png,.png,Nemoura sp,600,338,3
/Users/saanvimalla/Downloads/macro_project/data/raw/Nemoura sp/CPH-Nemoura sp.-2011-t.png,CPH-Nemoura sp.-2011-t.png,.png,Nemoura sp,600,338,3
/Users/saanvimalla/Downloads/macro_project/data/raw/Nemoura sp/CPH-Nemoura sp.-2069-t.png,CPH-Nemoura sp.-2069-t.png,.png,Nemoura sp,600,338,3
/Users/saanvimalla/Downloads/macro_project/data/raw/Nemoura sp/CPH-Nemoura sp.-2013-t.png,CPH-Nemoura sp.-2013-t.png,.png,Nemoura sp,600,338,3
/Users/saanvimalla/Downloads/macro_project/data/raw/Nemoura sp/CPH-Nemoura sp.-2355-v.png,CPH-Nemoura sp.-2355-v.png,.png,Nemoura sp,600,338,3
/Users/saanvimalla/Downloads/macro_project/data/raw/Nemoura sp/CPH-Nemoura sp.-2072-t.png,CPH-Nemoura sp.-2072-t.png,.png,Nemoura sp,600,338,3
/Users/saanvimalla/Downloads/macro_project/data/raw/Nemoura sp/CPH-Nemoura sp.-2037-t.png,CPH-Nemoura sp.-2037-t.png,.png,Nemoura sp,600,338,3
/Users/saanvimalla/Downloads/macro_project/data/raw/Nemoura sp/CPH-Nemoura sp.-2076-t.png,CPH-Nemoura sp.-2076-t.png,.png,Nemoura sp,600,338,3
/Users/saanvimalla/Downloads/macro_project/data/raw/Nemoura sp/CPH-Nemoura sp.-2033-t.png,CPH-Nemoura sp.-2033-t.png,.png,Nemoura sp,600,338,3
/Users/saanvimalla/Downloads/macro_project/data/raw/Nemoura sp/CPH-Nemoura sp.-2295-v.png,CPH-Nemoura sp.-2295-v.png,.png,Nemoura sp,600,338,3
/Users/saanvimalla/Downloads/macro_project/data/raw/Nemoura sp/CPH-Nemoura sp.-2271-v.png,CPH-Nemoura sp.-2271-v.png,.png,Nemoura sp,600,338,3
/Users/saanvimalla/Downloads/macro_project/data/raw/Nemoura sp/CPH-Nemoura sp.-2092-t.png,CPH-Nemoura sp.-2092-t.png,.png,Nemoura sp,600,338,3
/Users/saanvimalla/Downloads/macro_project/data/raw/Nemoura sp/CPH-Nemoura sp.-2052-t.png,CPH-Nemoura sp.-2052-t.png,.png,Nemoura sp,600,338,3
/Users/saanvimalla/Downloads/macro_project/data/raw/Nemoura sp/CPH-Nemoura sp.-2017-t.png,CPH-Nemoura sp.-2017-t.png,.png,Nemoura sp,600,338,3
/Users/saanvimalla/Downloads/macro_project/data/raw/Nemoura sp/CPH-Nemoura sp.-2015-t.png,CPH-Nemoura sp.-2015-t.png,.png,Nemoura sp,600,338,3
/Users/saanvimalla/Downloads/macro_project/data/raw/Nemoura sp/CPH-Nemoura sp.-2090-t.png,CPH-Nemoura sp.-2090-t.png,.png,Nemoura sp,600,338,3
/Users/saanvimalla/Downloads/macro_project/data/raw/Nemoura sp/CPH-Nemoura sp.-2049-t.png,CPH-Nemoura sp.-2049-t.png,.png,Nemoura sp,600,338,3
/Users/saanvimalla/Downloads/macro_project/data/raw/Nemoura sp/CPH-Nemoura sp.-2089-t.png,CPH-Nemoura sp.-2089-t.png,.png,Nemoura sp,600,338,3
/Users/saanvimalla/Downloads/macro_project/data/raw/Nemoura sp/CPH-Nemoura sp.-2074-t.png,CPH-Nemoura sp.-2074-t.png,.png,Nemoura sp,600,338,3
/Users/saanvimalla/Downloads/macro_project/data/raw/Nemoura sp/CPH-Nemoura sp.-2031-t.png,CPH-Nemoura sp.-2031-t.png,.png,Nemoura sp,600,338,3
/Users/saanvimalla/Downloads/macro_project/data/raw/Nemoura sp/CPH-Nemoura sp.-2085-t.png,CPH-Nemoura sp.-2085-t.png,.png,Nemoura sp,600,338,3
/Users/saanvimalla/Downloads/macro_project/data/raw/Nemoura sp/CPH-Nemoura sp.-2266-v.png,CPH-Nemoura sp.-2266-v.png,.png,Nemoura sp,600,338,3
/Users/saanvimalla/Downloads/macro_project/data/raw/Nemoura sp/CPH-Nemoura sp.-2078-t.png,CPH-Nemoura sp.-2078-t.png,.png,Nemoura sp,600,338,3
/Users/saanvimalla/Downloads/macro_project/data/raw/Nemoura sp/CPH-Nemoura sp.-2045-t.png,CPH-Nemoura sp.-2045-t.png,.png,Nemoura sp,600,338,3
/Users/saanvimalla/Downloads/macro_project/data/raw/Nemoura sp/CPH-Nemoura sp.-1991-t.png,CPH-Nemoura sp.-1991-t.png,.png,Nemoura sp,600,338,3
/Users/saanvimalla/Downloads/macro_project/data/raw/Nemoura sp/CPH-Nemoura sp.-2024-t.png,CPH-Nemoura sp.-2024-t.png,.png,Nemoura sp,600,338,3
/Users/saanvimalla/Downloads/macro_project/data/raw/Nemoura sp/CPH-Nemoura sp.-1988-t.png,CPH-Nemoura sp.-1988-t.png,.png,Nemoura sp,600,338,3
/Users/saanvimalla/Downloads/macro_project/data/raw/Nemoura sp/CPH-Nemoura sp.-2019-t.png,CPH-Nemoura sp.-2019-t.png,.png,Nemoura sp,600,338,3
/Users/saanvimalla/Downloads/macro_project/data/raw/Nemoura sp/CPH-Nemoura sp.-2026-t.png,CPH-Nemoura sp.-2026-t.png,.png,Nemoura sp,600,338,3
/Users/saanvimalla/Downloads/macro_project/data/raw/Nemoura sp/CPH-Nemoura sp.-2063-t.png,CPH-Nemoura sp.-2063-t.png,.png,Nemoura sp,600,338,3
/Users/saanvimalla/Downloads/macro_project/data/raw/Nemoura sp/CPH-Nemoura sp.-2259-v.png,CPH-Nemoura sp.-2259-v.png,.png,Nemoura sp,600,338,3
/Users/saanvimalla/Downloads/macro_project/data/raw/Nemoura sp/CPH-Nemoura sp.-2002-t.png,CPH-Nemoura sp.-2002-t.png,.png,Nemoura sp,600,338,3
/Users/saanvimalla/Downloads/macro_project/data/raw/Nemoura sp/CPH-Nemoura sp.-2047-t.png,CPH-Nemoura sp.-2047-t.png,.png,Nemoura sp,600,338,3
/Users/saanvimalla/Downloads/macro_project/data/raw/Nemoura sp/CPH-Nemoura sp.-1993-t.png,CPH-Nemoura sp.-1993-t.png,.png,Nemoura sp,600,338,3
/Users/saanvimalla/Downloads/macro_project/data/raw/Nemoura sp/CPH-Nemoura sp.-2264-v.png,CPH-Nemoura sp.-2264-v.png,.png,Nemoura sp,600,338,3
/Users/saanvimalla/Downloads/macro_project/data/raw/Nemoura sp/CPH-Nemoura sp.-2087-t.png,CPH-Nemoura sp.-2087-t.png,.png,Nemoura sp,600,338,3
/Users/saanvimalla/Downloads/macro_project/data/raw/Nemoura sp/CPH-Nemoura sp.-2006-t.png,CPH-Nemoura sp.-2006-t.png,.png,Nemoura sp,600,338,3
/Users/saanvimalla/Downloads/macro_project/data/raw/Nemoura sp/CPH-Nemoura sp.-2043-t.png,CPH-Nemoura sp.-2043-t.png,.png,Nemoura sp,600,338,3
/Users/saanvimalla/Downloads/macro_project/data/raw/Nemoura sp/CPH-Nemoura sp.-2083-t.png,CPH-Nemoura sp.-2083-t.png,.png,Nemoura sp,600,338,3
/Users/saanvimalla/Downloads/macro_project/data/raw/Nemoura sp/CPH-Nemoura sp.-2022-t.png,CPH-Nemoura sp.-2022-t.png,.png,Nemoura sp,600,338,3
/Users/saanvimalla/Downloads/macro_project/data/raw/Nemoura sp/CPH-Nemoura sp.-2067-t.png,CPH-Nemoura sp.-2067-t.png,.png,Nemoura sp,600,338,3
/Users/saanvimalla/Downloads/macro_project/data/raw/Nemoura sp/CPH-Nemoura sp.-2323-v.png,CPH-Nemoura sp.-2323-v.png,.png,Nemoura sp,600,338,3
/Users/saanvimalla/Downloads/macro_project/data/raw/Nemoura sp/CPH-Nemoura sp.-2020-t.png,CPH-Nemoura sp.-2020-t.png,.png,Nemoura sp,600,338,3
/Users/saanvimalla/Downloads/macro_project/data/raw/Nemoura sp/CPH-Nemoura sp.-2065-t.png,CPH-Nemoura sp.-2065-t.png,.png,Nemoura sp,600,338,3
/Users/saanvimalla/Downloads/macro_project/data/raw/Nemoura sp/CPH-Nemoura sp.-2058-t.png,CPH-Nemoura sp.-2058-t.png,.png,Nemoura sp,600,338,3
/Users/saanvimalla/Downloads/macro_project/data/raw/Nemoura sp/CPH-Nemoura sp.-2262-v.png,CPH-Nemoura sp.-2262-v.png,.png,Nemoura sp,600,338,3
/Users/saanvimalla/Downloads/macro_project/data/raw/Nemoura sp/CPH-Nemoura sp.-2081-t.png,CPH-Nemoura sp.-2081-t.png,.png,Nemoura sp,600,338,3
/Users/saanvimalla/Downloads/macro_project/data/raw/Nemoura sp/CPH-Nemoura sp.-2307-v.png,CPH-Nemoura sp.-2307-v.png,.png,Nemoura sp,600,338,3
/Users/saanvimalla/Downloads/macro_project/data/raw/Nemoura sp/CPH-Nemoura sp.-2041-t.png,CPH-Nemoura sp.-2041-t.png,.png,Nemoura sp,600,338,3
/Users/saanvimalla/Downloads/macro_project/data/raw/Nemoura sp/CPH-Nemoura sp.-2062-t.png,CPH-Nemoura sp.-2062-t.png,.png,Nemoura sp,600,338,3
/Users/saanvimalla/Downloads/macro_project/data/raw/Nemoura sp/CPH-Nemoura sp.-2027-t.png,CPH-Nemoura sp.-2027-t.png,.png,Nemoura sp,600,338,3
/Users/saanvimalla/Downloads/macro_project/data/raw/Nemoura sp/CPH-Nemoura sp.-2086-t.png,CPH-Nemoura sp.-2086-t.png,.png,Nemoura sp,600,338,3
/Users/saanvimalla/Downloads/macro_project/data/raw/Nemoura sp/CPH-Nemoura sp.-2046-t.png,CPH-Nemoura sp.-2046-t.png,.png,Nemoura sp,600,338,3
/Users/saanvimalla/Downloads/macro_project/data/raw/Nemoura sp/CPH-Nemoura sp.-2003-t.png,CPH-Nemoura sp.-2003-t.png,.png,Nemoura sp,600,338,3
/Users/saanvimalla/Downloads/macro_project/data/raw/Nemoura sp/CPH-Nemoura sp.-1990-t.png,CPH-Nemoura sp.-1990-t.png,.png,Nemoura sp,600,338,3
/Users/saanvimalla/Downloads/macro_project/data/raw/Nemoura sp/CPH-Nemoura sp.-2302-v.png,CPH-Nemoura sp.-2302-v.png,.png,Nemoura sp,600,338,3
/Users/saanvimalla/Downloads/macro_project/data/raw/Nemoura sp/CPH-Nemoura sp.-2044-t.png,CPH-Nemoura sp.-2044-t.png,.png,Nemoura sp,600,338,3
/Users/saanvimalla/Downloads/macro_project/data/raw/Nemoura sp/CPH-Nemoura sp.-2001-t.png,CPH-Nemoura sp.-2001-t.png,.png,Nemoura sp,600,338,3
/Users/saanvimalla/Downloads/macro_project/data/raw/Nemoura sp/CPH-Nemoura sp.-2084-t.png,CPH-Nemoura sp.-2084-t.png,.png,Nemoura sp,600,338,3
/Users/saanvimalla/Downloads/macro_project/data/raw/Nemoura sp/CPH-Nemoura sp.-2267-v.png,CPH-Nemoura sp.-2267-v.png,.png,Nemoura sp,600,338,3
/Users/saanvimalla/Downloads/macro_project/data/raw/Nemoura sp/CPH-Nemoura sp.-2079-t.png,CPH-Nemoura sp.-2079-t.png,.png,Nemoura sp,600,338,3
/Users/saanvimalla/Downloads/macro_project/data/raw/Nemoura sp/CPH-Nemoura sp.-2018-t.png,CPH-Nemoura sp.-2018-t.png,.png,Nemoura sp,600,338,3
/Users/saanvimalla/Downloads/macro_project/data/raw/Nemoura sp/CPH-Nemoura sp.-1989-t.png,CPH-Nemoura sp.-1989-t.png,.png,Nemoura sp,600,338,3
/Users/saanvimalla/Downloads/macro_project/data/raw/Nemoura sp/CPH-Nemoura sp.-2326-v.png,CPH-Nemoura sp.-2326-v.png,.png,Nemoura sp,600,338,3
/Users/saanvimalla/Downloads/macro_project/data/raw/Nemoura sp/CPH-Nemoura sp.-2060-t.png,CPH-Nemoura sp.-2060-t.png,.png,Nemoura sp,600,338,3
/Users/saanvimalla/Downloads/macro_project/data/raw/Nemoura sp/CPH-Nemoura sp.-2025-t.png,CPH-Nemoura sp.-2025-t.png,.png,Nemoura sp,600,338,3
/Users/saanvimalla/Downloads/macro_project/data/raw/Nemoura sp/CPH-Nemoura sp.-2064-t.png,CPH-Nemoura sp.-2064-t.png,.png,Nemoura sp,600,338,3
/Users/saanvimalla/Downloads/macro_project/data/raw/Nemoura sp/CPH-Nemoura sp.-2021-t.png,CPH-Nemoura sp.-2021-t.png,.png,Nemoura sp,600,338,3
/Users/saanvimalla/Downloads/macro_project/data/raw/Nemoura sp/CPH-Nemoura sp.-2005-t.png,CPH-Nemoura sp.-2005-t.png,.png,Nemoura sp,600,338,3
/Users/saanvimalla/Downloads/macro_project/data/raw/Nemoura sp/CPH-Nemoura sp.-1994-t.png,CPH-Nemoura sp.-1994-t.png,.png,Nemoura sp,600,338,3
/Users/saanvimalla/Downloads/macro_project/data/raw/Nemoura sp/CPH-Nemoura sp.-2306-v.png,CPH-Nemoura sp.-2306-v.png,.png,Nemoura sp,600,338,3
/Users/saanvimalla/Downloads/macro_project/data/raw/Nemoura sp/CPH-Nemoura sp.-2038-t.png,CPH-Nemoura sp.-2038-t.png,.png,Nemoura sp,600,338,3
/Users/saanvimalla/Downloads/macro_project/data/raw/Nemoura sp/CPH-Nemoura sp.-2080-t.png,CPH-Nemoura sp.-2080-t.png,.png,Nemoura sp,600,338,3
/Users/saanvimalla/Downloads/macro_project/data/raw/Nemoura sp/CPH-Nemoura sp.-2082-t.png,CPH-Nemoura sp.-2082-t.png,.png,Nemoura sp,600,338,3
/Users/saanvimalla/Downloads/macro_project/data/raw/Nemoura sp/CPH-Nemoura sp.-2042-t.png,CPH-Nemoura sp.-2042-t.png,.png,Nemoura sp,600,338,3
/Users/saanvimalla/Downloads/macro_project/data/raw/Nemoura sp/CPH-Nemoura sp.-2007-t.png,CPH-Nemoura sp.-2007-t.png,.png,Nemoura sp,600,338,3
/Users/saanvimalla/Downloads/macro_project/data/raw/Nemoura sp/CPH-Nemoura sp.-1996-t.png,CPH-Nemoura sp.-1996-t.png,.png,Nemoura sp,600,338,3
/Users/saanvimalla/Downloads/macro_project/data/raw/Nemoura sp/CPH-Nemoura sp.-2066-t.png,CPH-Nemoura sp.-2066-t.png,.png,Nemoura sp,600,338,3
/Users/saanvimalla/Downloads/macro_project/data/raw/Nemoura sp/CPH-Nemoura sp.-2023-t.png,CPH-Nemoura sp.-2023-t.png,.png,Nemoura sp,600,338,3
/Users/saanvimalla/Downloads/macro_project/data/raw/Oligochaeta sp/CPH-Oligochaeta sp.-2095-t.png,CPH-Oligochaeta sp.-2095-t.png,.png,Oligochaeta sp,600,338,3
/Users/saanvimalla/Downloads/macro_project/data/raw/Oligochaeta sp/CPH-Oligochaeta sp.-2175-t.png,CPH-Oligochaeta sp.-2175-t.png,.png,Oligochaeta sp,600,450,3
/Users/saanvimalla/Downloads/macro_project/data/raw/Oligochaeta sp/CPH-Oligochaeta sp.-2130-t.png,CPH-Oligochaeta sp.-2130-t.png,.png,Oligochaeta sp,600,338,3
/Users/saanvimalla/Downloads/macro_project/data/raw/Oligochaeta sp/CPH-Oligochaeta sp.-2148-t.png,CPH-Oligochaeta sp.-2148-t.png,.png,Oligochaeta sp,600,338,3
/Users/saanvimalla/Downloads/macro_project/data/raw/Oligochaeta sp/CPH-Oligochaeta sp.-2191-t.png,CPH-Oligochaeta sp.-2191-t.png,.png,Oligochaeta sp,600,450,3
/Users/saanvimalla/Downloads/macro_project/data/raw/Oligochaeta sp/CPH-Oligochaeta sp.-2151-t.png,CPH-Oligochaeta sp.-2151-t.png,.png,Oligochaeta sp,600,338,3
/Users/saanvimalla/Downloads/macro_project/data/raw/Oligochaeta sp/CPH-Oligochaeta sp.-2114-t.png,CPH-Oligochaeta sp.-2114-t.png,.png,Oligochaeta sp,600,338,3
/Users/saanvimalla/Downloads/macro_project/data/raw/Oligochaeta sp/CPH-Oligochaeta sp.-2215-t.png,CPH-Oligochaeta sp.-2215-t.png,.png,Oligochaeta sp,600,450,3
/Users/saanvimalla/Downloads/macro_project/data/raw/Oligochaeta sp/CPH-Oligochaeta sp.-2217-t.png,CPH-Oligochaeta sp.-2217-t.png,.png,Oligochaeta sp,600,450,3
/Users/saanvimalla/Downloads/macro_project/data/raw/Oligochaeta sp/CPH-Oligochaeta sp.-2153-t.png,CPH-Oligochaeta sp.-2153-t.png,.png,Oligochaeta sp,600,338,3
/Users/saanvimalla/Downloads/macro_project/data/raw/Oligochaeta sp/CPH-Oligochaeta sp.-2116-t.png,CPH-Oligochaeta sp.-2116-t.png,.png,Oligochaeta sp,600,338,3
/Users/saanvimalla/Downloads/macro_project/data/raw/Oligochaeta sp/CPH-Oligochaeta sp.-2193-t.png,CPH-Oligochaeta sp.-2193-t.png,.png,Oligochaeta sp,600,450,3
/Users/saanvimalla/Downloads/macro_project/data/raw/Oligochaeta sp/CPH-Oligochaeta sp.-2097-t.png,CPH-Oligochaeta sp.-2097-t.png,.png,Oligochaeta sp,600,338,3
/Users/saanvimalla/Downloads/macro_project/data/raw/Oligochaeta sp/CPH-Oligochaeta sp.-2177-t.png,CPH-Oligochaeta sp.-2177-t.png,.png,Oligochaeta sp,600,450,3
/Users/saanvimalla/Downloads/macro_project/data/raw/Oligochaeta sp/CPH-Oligochaeta sp.-2132-t.png,CPH-Oligochaeta sp.-2132-t.png,.png,Oligochaeta sp,600,338,3
/Users/saanvimalla/Downloads/macro_project/data/raw/Oligochaeta sp/CPH-Oligochaeta sp.-2394-v.png,CPH-Oligochaeta sp.-2394-v.png,.png,Oligochaeta sp,600,338,3
/Users/saanvimalla/Downloads/macro_project/data/raw/Oligochaeta sp/CPH-Oligochaeta sp.-2390-v.png,CPH-Oligochaeta sp.-2390-v.png,.png,Oligochaeta sp,600,338,3
/Users/saanvimalla/Downloads/macro_project/data/raw/Oligochaeta sp/CPH-Oligochaeta sp.-2173-t.png,CPH-Oligochaeta sp.-2173-t.png,.png,Oligochaeta sp,600,338,3
/Users/saanvimalla/Downloads/macro_project/data/raw/Oligochaeta sp/CPH-Oligochaeta sp.-2136-t.png,CPH-Oligochaeta sp.-2136-t.png,.png,Oligochaeta sp,600,338,3
/Users/saanvimalla/Downloads/macro_project/data/raw/Oligochaeta sp/CPH-Oligochaeta sp.-2112-t.png,CPH-Oligochaeta sp.-2112-t.png,.png,Oligochaeta sp,600,338,3
/Users/saanvimalla/Downloads/macro_project/data/raw/Oligochaeta sp/CPH-Oligochaeta sp.-2421-v.png,CPH-Oligochaeta sp.-2421-v.png,.png,Oligochaeta sp,600,338,3
/Users/saanvimalla/Downloads/macro_project/data/raw/Oligochaeta sp/CPH-Oligochaeta sp.-2213-t.png,CPH-Oligochaeta sp.-2213-t.png,.png,Oligochaeta sp,600,450,3
/Users/saanvimalla/Downloads/macro_project/data/raw/Oligochaeta sp/CPH-Oligochaeta sp.-2197-t.png,CPH-Oligochaeta sp.-2197-t.png,.png,Oligochaeta sp,600,450,3
/Users/saanvimalla/Downloads/macro_project/data/raw/Oligochaeta sp/CPH-Oligochaeta sp.-2168-t.png,CPH-Oligochaeta sp.-2168-t.png,.png,Oligochaeta sp,600,338,3
/Users/saanvimalla/Downloads/macro_project/data/raw/Oligochaeta sp/CPH-Oligochaeta sp.-2195-t.png,CPH-Oligochaeta sp.-2195-t.png,.png,Oligochaeta sp,600,450,3
/Users/saanvimalla/Downloads/macro_project/data/raw/Oligochaeta sp/CPH-Oligochaeta sp.-2211-t.png,CPH-Oligochaeta sp.-2211-t.png,.png,Oligochaeta sp,600,450,3
/Users/saanvimalla/Downloads/macro_project/data/raw/Oligochaeta sp/CPH-Oligochaeta sp.-2155-t.png,CPH-Oligochaeta sp.-2155-t.png,.png,Oligochaeta sp,600,338,3
/Users/saanvimalla/Downloads/macro_project/data/raw/Oligochaeta sp/CPH-Oligochaeta sp.-2110-t.png,CPH-Oligochaeta sp.-2110-t.png,.png,Oligochaeta sp,600,338,3
/Users/saanvimalla/Downloads/macro_project/data/raw/Oligochaeta sp/CPH-Oligochaeta sp.-2171-t.png,CPH-Oligochaeta sp.-2171-t.png,.png,Oligochaeta sp,600,338,3
/Users/saanvimalla/Downloads/macro_project/data/raw/Oligochaeta sp/CPH-Oligochaeta sp.-2134-t.png,CPH-Oligochaeta sp.-2134-t.png,.png,Oligochaeta sp,600,338,3
/Users/saanvimalla/Downloads/macro_project/data/raw/Oligochaeta sp/CPH-Oligochaeta sp.-2442-v.png,CPH-Oligochaeta sp.-2442-v.png,.png,Oligochaeta sp,600,338,3
/Users/saanvimalla/Downloads/macro_project/data/raw/Oligochaeta sp/CPH-Oligochaeta sp.-2192-t.png,CPH-Oligochaeta sp.-2192-t.png,.png,Oligochaeta sp,600,450,3
/Users/saanvimalla/Downloads/macro_project/data/raw/Oligochaeta sp/CPH-Oligochaeta sp.-2216-t.png,CPH-Oligochaeta sp.-2216-t.png,.png,Oligochaeta sp,600,450,3
/Users/saanvimalla/Downloads/macro_project/data/raw/Oligochaeta sp/CPH-Oligochaeta sp.-2117-t.png,CPH-Oligochaeta sp.-2117-t.png,.png,Oligochaeta sp,600,338,3
/Users/saanvimalla/Downloads/macro_project/data/raw/Oligochaeta sp/CPH-Oligochaeta sp.-2152-t.png,CPH-Oligochaeta sp.-2152-t.png,.png,Oligochaeta sp,600,338,3
/Users/saanvimalla/Downloads/macro_project/data/raw/Oligochaeta sp/CPH-Oligochaeta sp.-2461-v.png,CPH-Oligochaeta sp.-2461-v.png,.png,Oligochaeta sp,600,450,3
/Users/saanvimalla/Downloads/macro_project/data/raw/Oligochaeta sp/CPH-Oligochaeta sp.-2133-t.png,CPH-Oligochaeta sp.-2133-t.png,.png,Oligochaeta sp,600,338,3
/Users/saanvimalla/Downloads/macro_project/data/raw/Oligochaeta sp/CPH-Oligochaeta sp.-2176-t.png,CPH-Oligochaeta sp.-2176-t.png,.png,Oligochaeta sp,600,450,3
/Users/saanvimalla/Downloads/macro_project/data/raw/Oligochaeta sp/CPH-Oligochaeta sp.-2096-t.png,CPH-Oligochaeta sp.-2096-t.png,.png,Oligochaeta sp,600,338,3
/Users/saanvimalla/Downloads/macro_project/data/raw/Oligochaeta sp/CPH-Oligochaeta sp.-2478-v.png,CPH-Oligochaeta sp.-2478-v.png,.png,Oligochaeta sp,600,450,3
/Users/saanvimalla/Downloads/macro_project/data/raw/Oligochaeta sp/CPH-Oligochaeta sp.-2149-t.png,CPH-Oligochaeta sp.-2149-t.png,.png,Oligochaeta sp,600,338,3
/Users/saanvimalla/Downloads/macro_project/data/raw/Oligochaeta sp/CPH-Oligochaeta sp.-2487-v.png,CPH-Oligochaeta sp.-2487-v.png,.png,Oligochaeta sp,600,450,3
/Users/saanvimalla/Downloads/macro_project/data/raw/Oligochaeta sp/CPH-Oligochaeta sp.-2189-t.png,CPH-Oligochaeta sp.-2189-t.png,.png,Oligochaeta sp,600,450,3
/Users/saanvimalla/Downloads/macro_project/data/raw/Oligochaeta sp/CPH-Oligochaeta sp.-2131-t.png,CPH-Oligochaeta sp.-2131-t.png,.png,Oligochaeta sp,600,338,3
/Users/saanvimalla/Downloads/macro_project/data/raw/Oligochaeta sp/CPH-Oligochaeta sp.-2174-t.png,CPH-Oligochaeta sp.-2174-t.png,.png,Oligochaeta sp,600,338,3
/Users/saanvimalla/Downloads/macro_project/data/raw/Oligochaeta sp/CPH-Oligochaeta sp.-2426-v.png,CPH-Oligochaeta sp.-2426-v.png,.png,Oligochaeta sp,600,338,3
/Users/saanvimalla/Downloads/macro_project/data/raw/Oligochaeta sp/CPH-Oligochaeta sp.-2150-t.png,CPH-Oligochaeta sp.-2150-t.png,.png,Oligochaeta sp,600,338,3
/Users/saanvimalla/Downloads/macro_project/data/raw/Oligochaeta sp/CPH-Oligochaeta sp.-2214-t.png,CPH-Oligochaeta sp.-2214-t.png,.png,Oligochaeta sp,600,450,3
/Users/saanvimalla/Downloads/macro_project/data/raw/Oligochaeta sp/CPH-Oligochaeta sp.-2190-t.png,CPH-Oligochaeta sp.-2190-t.png,.png,Oligochaeta sp,600,450,3
/Users/saanvimalla/Downloads/macro_project/data/raw/Oligochaeta sp/CPH-Oligochaeta sp.-2373-v.png,CPH-Oligochaeta sp.-2373-v.png,.png,Oligochaeta sp,600,338,3
/Users/saanvimalla/Downloads/macro_project/data/raw/Oligochaeta sp/CPH-Oligochaeta sp.-2128-t.png,CPH-Oligochaeta sp.-2128-t.png,.png,Oligochaeta sp,600,338,3
/Users/saanvimalla/Downloads/macro_project/data/raw/Oligochaeta sp/CPH-Oligochaeta sp.-2210-t.png,CPH-Oligochaeta sp.-2210-t.png,.png,Oligochaeta sp,600,450,3
/Users/saanvimalla/Downloads/macro_project/data/raw/Oligochaeta sp/CPH-Oligochaeta sp.-2467-v.png,CPH-Oligochaeta sp.-2467-v.png,.png,Oligochaeta sp,600,450,3
/Users/saanvimalla/Downloads/macro_project/data/raw/Oligochaeta sp/CPH-Oligochaeta sp.-2154-t.png,CPH-Oligochaeta sp.-2154-t.png,.png,Oligochaeta sp,600,338,3
/Users/saanvimalla/Downloads/macro_project/data/raw/Oligochaeta sp/CPH-Oligochaeta sp.-2169-t.png,CPH-Oligochaeta sp.-2169-t.png,.png,Oligochaeta sp,600,338,3
/Users/saanvimalla/Downloads/macro_project/data/raw/Oligochaeta sp/CPH-Oligochaeta sp.-2194-t.png,CPH-Oligochaeta sp.-2194-t.png,.png,Oligochaeta sp,600,450,3
/Users/saanvimalla/Downloads/macro_project/data/raw/Oligochaeta sp/CPH-Oligochaeta sp.-2483-v.png,CPH-Oligochaeta sp.-2483-v.png,.png,Oligochaeta sp,600,450,3
/Users/saanvimalla/Downloads/macro_project/data/raw/Oligochaeta sp/CPH-Oligochaeta sp.-2209-t.png,CPH-Oligochaeta sp.-2209-t.png,.png,Oligochaeta sp,600,450,3
/Users/saanvimalla/Downloads/macro_project/data/raw/Oligochaeta sp/CPH-Oligochaeta sp.-2108-t.png,CPH-Oligochaeta sp.-2108-t.png,.png,Oligochaeta sp,600,338,3
/Users/saanvimalla/Downloads/macro_project/data/raw/Oligochaeta sp/CPH-Oligochaeta sp.-2135-t.png,CPH-Oligochaeta sp.-2135-t.png,.png,Oligochaeta sp,600,338,3
/Users/saanvimalla/Downloads/macro_project/data/raw/Oligochaeta sp/CPH-Oligochaeta sp.-2170-t.png,CPH-Oligochaeta sp.-2170-t.png,.png,Oligochaeta sp,600,338,3
/Users/saanvimalla/Downloads/macro_project/data/raw/Oligochaeta sp/CPH-Oligochaeta sp.-2137-t.png,CPH-Oligochaeta sp.-2137-t.png,.png,Oligochaeta sp,600,338,3
/Users/saanvimalla/Downloads/macro_project/data/raw/Oligochaeta sp/CPH-Oligochaeta sp.-2172-t.png,CPH-Oligochaeta sp.-2172-t.png,.png,Oligochaeta sp,600,338,3
/Users/saanvimalla/Downloads/macro_project/data/raw/Oligochaeta sp/CPH-Oligochaeta sp.-2196-t.png,CPH-Oligochaeta sp.-2196-t.png,.png,Oligochaeta sp,600,450,3
/Users/saanvimalla/Downloads/macro_project/data/raw/Oligochaeta sp/CPH-Oligochaeta sp.-2388-v.png,CPH-Oligochaeta sp.-2388-v.png,.png,Oligochaeta sp,600,338,3
/Users/saanvimalla/Downloads/macro_project/data/raw/Oligochaeta sp/CPH-Oligochaeta sp.-2500-v.png,CPH-Oligochaeta sp.-2500-v.png,.png,Oligochaeta sp,600,450,3
/Users/saanvimalla/Downloads/macro_project/data/raw/Oligochaeta sp/CPH-Oligochaeta sp.-2113-t.png,CPH-Oligochaeta sp.-2113-t.png,.png,Oligochaeta sp,600,338,3
/Users/saanvimalla/Downloads/macro_project/data/raw/Oligochaeta sp/CPH-Oligochaeta sp.-2156-t.png,CPH-Oligochaeta sp.-2156-t.png,.png,Oligochaeta sp,600,338,3
/Users/saanvimalla/Downloads/macro_project/data/raw/Oligochaeta sp/CPH-Oligochaeta sp.-2212-t.png,CPH-Oligochaeta sp.-2212-t.png,.png,Oligochaeta sp,600,450,3
/Users/saanvimalla/Downloads/macro_project/data/raw/Oligochaeta sp/CPH-Oligochaeta sp.-2223-t.png,CPH-Oligochaeta sp.-2223-t.png,.png,Oligochaeta sp,600,450,3
/Users/saanvimalla/Downloads/macro_project/data/raw/Oligochaeta sp/CPH-Oligochaeta sp.-2167-t.png,CPH-Oligochaeta sp.-2167-t.png,.png,Oligochaeta sp,600,338,3
/Users/saanvimalla/Downloads/macro_project/data/raw/Oligochaeta sp/CPH-Oligochaeta sp.-2122-t.png,CPH-Oligochaeta sp.-2122-t.png,.png,Oligochaeta sp,600,338,3
/Users/saanvimalla/Downloads/macro_project/data/raw/Oligochaeta sp/CPH-Oligochaeta sp.-2143-t.png,CPH-Oligochaeta sp.-2143-t.png,.png,Oligochaeta sp,600,338,3
/Users/saanvimalla/Downloads/macro_project/data/raw/Oligochaeta sp/CPH-Oligochaeta sp.-2106-t.png,CPH-Oligochaeta sp.-2106-t.png,.png,Oligochaeta sp,600,338,3
/Users/saanvimalla/Downloads/macro_project/data/raw/Oligochaeta sp/CPH-Oligochaeta sp.-2207-t.png,CPH-Oligochaeta sp.-2207-t.png,.png,Oligochaeta sp,600,450,3
/Users/saanvimalla/Downloads/macro_project/data/raw/Oligochaeta sp/CPH-Oligochaeta sp.-2183-t.png,CPH-Oligochaeta sp.-2183-t.png,.png,Oligochaeta sp,600,450,3
/Users/saanvimalla/Downloads/macro_project/data/raw/Oligochaeta sp/CPH-Oligochaeta sp.-2408-v.png,CPH-Oligochaeta sp.-2408-v.png,.png,Oligochaeta sp,600,338,3
/Users/saanvimalla/Downloads/macro_project/data/raw/Oligochaeta sp/CPH-Oligochaeta sp.-2139-t.png,CPH-Oligochaeta sp.-2139-t.png,.png,Oligochaeta sp,600,338,3
/Users/saanvimalla/Downloads/macro_project/data/raw/Oligochaeta sp/CPH-Oligochaeta sp.-2181-t.png,CPH-Oligochaeta sp.-2181-t.png,.png,Oligochaeta sp,600,450,3
/Users/saanvimalla/Downloads/macro_project/data/raw/Oligochaeta sp/CPH-Oligochaeta sp.-2205-t.png,CPH-Oligochaeta sp.-2205-t.png,.png,Oligochaeta sp,600,450,3
/Users/saanvimalla/Downloads/macro_project/data/raw/Oligochaeta sp/CPH-Oligochaeta sp.-2141-t.png,CPH-Oligochaeta sp.-2141-t.png,.png,Oligochaeta sp,600,338,3
/Users/saanvimalla/Downloads/macro_project/data/raw/Oligochaeta sp/CPH-Oligochaeta sp.-2104-t.png,CPH-Oligochaeta sp.-2104-t.png,.png,Oligochaeta sp,600,338,3
/Users/saanvimalla/Downloads/macro_project/data/raw/Oligochaeta sp/CPH-Oligochaeta sp.-2165-t.png,CPH-Oligochaeta sp.-2165-t.png,.png,Oligochaeta sp,600,338,3
/Users/saanvimalla/Downloads/macro_project/data/raw/Oligochaeta sp/CPH-Oligochaeta sp.-2120-t.png,CPH-Oligochaeta sp.-2120-t.png,.png,Oligochaeta sp,600,338,3
/Users/saanvimalla/Downloads/macro_project/data/raw/Oligochaeta sp/CPH-Oligochaeta sp.-2198-t.png,CPH-Oligochaeta sp.-2198-t.png,.png,Oligochaeta sp,600,450,3
/Users/saanvimalla/Downloads/macro_project/data/raw/Oligochaeta sp/CPH-Oligochaeta sp.-2158-t.png,CPH-Oligochaeta sp.-2158-t.png,.png,Oligochaeta sp,600,338,3
/Users/saanvimalla/Downloads/macro_project/data/raw/Oligochaeta sp/CPH-Oligochaeta sp.-2225-t.png,CPH-Oligochaeta sp.-2225-t.png,.png,Oligochaeta sp,600,450,3
/Users/saanvimalla/Downloads/macro_project/data/raw/Oligochaeta sp/CPH-Oligochaeta sp.-2161-t.png,CPH-Oligochaeta sp.-2161-t.png,.png,Oligochaeta sp,600,338,3
/Users/saanvimalla/Downloads/macro_project/data/raw/Oligochaeta sp/CPH-Oligochaeta sp.-2124-t.png,CPH-Oligochaeta sp.-2124-t.png,.png,Oligochaeta sp,600,338,3
/Users/saanvimalla/Downloads/macro_project/data/raw/Oligochaeta sp/CPH-Oligochaeta sp.-2119-t.png,CPH-Oligochaeta sp.-2119-t.png,.png,Oligochaeta sp,600,338,3
/Users/saanvimalla/Downloads/macro_project/data/raw/Oligochaeta sp/CPH-Oligochaeta sp.-2218-t.png,CPH-Oligochaeta sp.-2218-t.png,.png,Oligochaeta sp,600,450,3
/Users/saanvimalla/Downloads/macro_project/data/raw/Oligochaeta sp/CPH-Oligochaeta sp.-2185-t.png,CPH-Oligochaeta sp.-2185-t.png,.png,Oligochaeta sp,600,450,3
/Users/saanvimalla/Downloads/macro_project/data/raw/Oligochaeta sp/CPH-Oligochaeta sp.-2178-t.png,CPH-Oligochaeta sp.-2178-t.png,.png,Oligochaeta sp,600,450,3
/Users/saanvimalla/Downloads/macro_project/data/raw/Oligochaeta sp/CPH-Oligochaeta sp.-2098-t.png,CPH-Oligochaeta sp.-2098-t.png,.png,Oligochaeta sp,600,338,3
/Users/saanvimalla/Downloads/macro_project/data/raw/Oligochaeta sp/CPH-Oligochaeta sp.-2145-t.png,CPH-Oligochaeta sp.-2145-t.png,.png,Oligochaeta sp,600,338,3
/Users/saanvimalla/Downloads/macro_project/data/raw/Oligochaeta sp/CPH-Oligochaeta sp.-2100-t.png,CPH-Oligochaeta sp.-2100-t.png,.png,Oligochaeta sp,600,338,3
/Users/saanvimalla/Downloads/macro_project/data/raw/Oligochaeta sp/CPH-Oligochaeta sp.-2201-t.png,CPH-Oligochaeta sp.-2201-t.png,.png,Oligochaeta sp,600,450,3
/Users/saanvimalla/Downloads/macro_project/data/raw/Oligochaeta sp/CPH-Oligochaeta sp.-2203-t.png,CPH-Oligochaeta sp.-2203-t.png,.png,Oligochaeta sp,600,450,3
/Users/saanvimalla/Downloads/macro_project/data/raw/Oligochaeta sp/CPH-Oligochaeta sp.-2102-t.png,CPH-Oligochaeta sp.-2102-t.png,.png,Oligochaeta sp,600,338,3
/Users/saanvimalla/Downloads/macro_project/data/raw/Oligochaeta sp/CPH-Oligochaeta sp.-2187-t.png,CPH-Oligochaeta sp.-2187-t.png,.png,Oligochaeta sp,600,450,3
/Users/saanvimalla/Downloads/macro_project/data/raw/Oligochaeta sp/CPH-Oligochaeta sp.-2126-t.png,CPH-Oligochaeta sp.-2126-t.png,.png,Oligochaeta sp,600,338,3
/Users/saanvimalla/Downloads/macro_project/data/raw/Oligochaeta sp/CPH-Oligochaeta sp.-2227-t.png,CPH-Oligochaeta sp.-2227-t.png,.png,Oligochaeta sp,600,450,3
/Users/saanvimalla/Downloads/macro_project/data/raw/Oligochaeta sp/CPH-Oligochaeta sp.-2436-v.png,CPH-Oligochaeta sp.-2436-v.png,.png,Oligochaeta sp,600,338,3
/Users/saanvimalla/Downloads/macro_project/data/raw/Oligochaeta sp/CPH-Oligochaeta sp.-2105-t.png,CPH-Oligochaeta sp.-2105-t.png,.png,Oligochaeta sp,600,338,3
/Users/saanvimalla/Downloads/macro_project/data/raw/Oligochaeta sp/CPH-Oligochaeta sp.-2140-t.png,CPH-Oligochaeta sp.-2140-t.png,.png,Oligochaeta sp,600,338,3
/Users/saanvimalla/Downloads/macro_project/data/raw/Oligochaeta sp/CPH-Oligochaeta sp.-2138-t.png,CPH-Oligochaeta sp.-2138-t.png,.png,Oligochaeta sp,600,338,3
/Users/saanvimalla/Downloads/macro_project/data/raw/Oligochaeta sp/CPH-Oligochaeta sp.-2180-t.png,CPH-Oligochaeta sp.-2180-t.png,.png,Oligochaeta sp,600,450,3
/Users/saanvimalla/Downloads/macro_project/data/raw/Oligochaeta sp/CPH-Oligochaeta sp.-2159-t.png,CPH-Oligochaeta sp.-2159-t.png,.png,Oligochaeta sp,600,338,3
/Users/saanvimalla/Downloads/macro_project/data/raw/Oligochaeta sp/CPH-Oligochaeta sp.-2121-t.png,CPH-Oligochaeta sp.-2121-t.png,.png,Oligochaeta sp,600,338,3
/Users/saanvimalla/Downloads/macro_project/data/raw/Oligochaeta sp/CPH-Oligochaeta sp.-2164-t.png,CPH-Oligochaeta sp.-2164-t.png,.png,Oligochaeta sp,600,338,3
/Users/saanvimalla/Downloads/macro_project/data/raw/Oligochaeta sp/CPH-Oligochaeta sp.-2220-t.png,CPH-Oligochaeta sp.-2220-t.png,.png,Oligochaeta sp,600,450,3
/Users/saanvimalla/Downloads/macro_project/data/raw/Oligochaeta sp/CPH-Oligochaeta sp.-2222-t.png,CPH-Oligochaeta sp.-2222-t.png,.png,Oligochaeta sp,600,450,3
/Users/saanvimalla/Downloads/macro_project/data/raw/Oligochaeta sp/CPH-Oligochaeta sp.-2123-t.png,CPH-Oligochaeta sp.-2123-t.png,.png,Oligochaeta sp,600,338,3
/Users/saanvimalla/Downloads/macro_project/data/raw/Oligochaeta sp/CPH-Oligochaeta sp.-2166-t.png,CPH-Oligochaeta sp.-2166-t.png,.png,Oligochaeta sp,600,338,3
/Users/saanvimalla/Downloads/macro_project/data/raw/Oligochaeta sp/CPH-Oligochaeta sp.-2107-t.png,CPH-Oligochaeta sp.-2107-t.png,.png,Oligochaeta sp,600,338,3
/Users/saanvimalla/Downloads/macro_project/data/raw/Oligochaeta sp/CPH-Oligochaeta sp.-2206-t.png,CPH-Oligochaeta sp.-2206-t.png,.png,Oligochaeta sp,600,450,3
/Users/saanvimalla/Downloads/macro_project/data/raw/Oligochaeta sp/CPH-Oligochaeta sp.-2186-t.png,CPH-Oligochaeta sp.-2186-t.png,.png,Oligochaeta sp,600,450,3
/Users/saanvimalla/Downloads/macro_project/data/raw/Oligochaeta sp/CPH-Oligochaeta sp.-2202-t.png,CPH-Oligochaeta sp.-2202-t.png,.png,Oligochaeta sp,600,450,3
/Users/saanvimalla/Downloads/macro_project/data/raw/Oligochaeta sp/CPH-Oligochaeta sp.-2103-t.png,CPH-Oligochaeta sp.-2103-t.png,.png,Oligochaeta sp,600,338,3
/Users/saanvimalla/Downloads/macro_project/data/raw/Oligochaeta sp/CPH-Oligochaeta sp.-2146-t.png,CPH-Oligochaeta sp.-2146-t.png,.png,Oligochaeta sp,600,338,3
/Users/saanvimalla/Downloads/macro_project/data/raw/Oligochaeta sp/CPH-Oligochaeta sp.-2127-t.png,CPH-Oligochaeta sp.-2127-t.png,.png,Oligochaeta sp,600,338,3
/Users/saanvimalla/Downloads/macro_project/data/raw/Oligochaeta sp/CPH-Oligochaeta sp.-2162-t.png,CPH-Oligochaeta sp.-2162-t.png,.png,Oligochaeta sp,600,338,3
/Users/saanvimalla/Downloads/macro_project/data/raw/Oligochaeta sp/CPH-Oligochaeta sp.-2226-t.png,CPH-Oligochaeta sp.-2226-t.png,.png,Oligochaeta sp,600,450,3
/Users/saanvimalla/Downloads/macro_project/data/raw/Oligochaeta sp/CPH-Oligochaeta sp.-2118-t.png,CPH-Oligochaeta sp.-2118-t.png,.png,Oligochaeta sp,600,338,3
/Users/saanvimalla/Downloads/macro_project/data/raw/Oligochaeta sp/CPH-Oligochaeta sp.-2219-t.png,CPH-Oligochaeta sp.-2219-t.png,.png,Oligochaeta sp,600,450,3
/Users/saanvimalla/Downloads/macro_project/data/raw/Oligochaeta sp/CPH-Oligochaeta sp.-2224-t.png,CPH-Oligochaeta sp.-2224-t.png,.png,Oligochaeta sp,600,450,3
/Users/saanvimalla/Downloads/macro_project/data/raw/Oligochaeta sp/CPH-Oligochaeta sp.-2125-t.png,CPH-Oligochaeta sp.-2125-t.png,.png,Oligochaeta sp,600,338,3
/Users/saanvimalla/Downloads/macro_project/data/raw/Oligochaeta sp/CPH-Oligochaeta sp.-2160-t.png,CPH-Oligochaeta sp.-2160-t.png,.png,Oligochaeta sp,600,338,3
/Users/saanvimalla/Downloads/macro_project/data/raw/Oligochaeta sp/CPH-Oligochaeta sp.-2101-t.png,CPH-Oligochaeta sp.-2101-t.png,.png,Oligochaeta sp,600,338,3
/Users/saanvimalla/Downloads/macro_project/data/raw/Oligochaeta sp/CPH-Oligochaeta sp.-2144-t.png,CPH-Oligochaeta sp.-2144-t.png,.png,Oligochaeta sp,600,338,3
/Users/saanvimalla/Downloads/macro_project/data/raw/Oligochaeta sp/CPH-Oligochaeta sp.-2200-t.png,CPH-Oligochaeta sp.-2200-t.png,.png,Oligochaeta sp,600,450,3
/Users/saanvimalla/Downloads/macro_project/data/raw/Oligochaeta sp/CPH-Oligochaeta sp.-2099-t.png,CPH-Oligochaeta sp.-2099-t.png,.png,Oligochaeta sp,600,338,3
/Users/saanvimalla/Downloads/macro_project/data/raw/Oligochaeta sp/CPH-Oligochaeta sp.-2184-t.png,CPH-Oligochaeta sp.-2184-t.png,.png,Oligochaeta sp,600,450,3
/Users/saanvimalla/Downloads/macro_project/data/raw/Oligochaeta sp/CPH-Oligochaeta sp.-2179-t.png,CPH-Oligochaeta sp.-2179-t.png,.png,Oligochaeta sp,600,450,3
/Users/saanvimalla/Downloads/macro_project/data/raw/Simuliidae sp/CPH-Simuliidae sp.-3057-v.png,CPH-Simuliidae sp.-3057-v.png,.png,Simuliidae sp,600,450,3
/Users/saanvimalla/Downloads/macro_project/data/raw/Simuliidae sp/CPH-Simuliidae sp.-2698-t.png,CPH-Simuliidae sp.-2698-t.png,.png,Simuliidae sp,600,450,3
/Users/saanvimalla/Downloads/macro_project/data/raw/Simuliidae sp/CPH-Simuliidae sp.-2564-t.png,CPH-Simuliidae sp.-2564-t.png,.png,Simuliidae sp,600,450,3
/Users/saanvimalla/Downloads/macro_project/data/raw/Simuliidae sp/CPH-Simuliidae sp.-2521-t.png,CPH-Simuliidae sp.-2521-t.png,.png,Simuliidae sp,600,450,3
/Users/saanvimalla/Downloads/macro_project/data/raw/Simuliidae sp/CPH-Simuliidae sp.-2599-t.png,CPH-Simuliidae sp.-2599-t.png,.png,Simuliidae sp,600,450,3
/Users/saanvimalla/Downloads/macro_project/data/raw/Simuliidae sp/CPH-Simuliidae sp.-2665-t.png,CPH-Simuliidae sp.-2665-t.png,.png,Simuliidae sp,600,450,3
/Users/saanvimalla/Downloads/macro_project/data/raw/Simuliidae sp/CPH-Simuliidae sp.-2620-t.png,CPH-Simuliidae sp.-2620-t.png,.png,Simuliidae sp,600,450,3
/Users/saanvimalla/Downloads/macro_project/data/raw/Simuliidae sp/CPH-Simuliidae sp.-2484-t.png,CPH-Simuliidae sp.-2484-t.png,.png,Simuliidae sp,600,450,3
/Users/saanvimalla/Downloads/macro_project/data/raw/Simuliidae sp/CPH-Simuliidae sp.-2778-t.png,CPH-Simuliidae sp.-2778-t.png,.png,Simuliidae sp,600,338,3
/Users/saanvimalla/Downloads/macro_project/data/raw/Simuliidae sp/CPH-Simuliidae sp.-2785-t.png,CPH-Simuliidae sp.-2785-t.png,.png,Simuliidae sp,600,338,3
/Users/saanvimalla/Downloads/macro_project/data/raw/Simuliidae sp/CPH-Simuliidae sp.-2479-t.png,CPH-Simuliidae sp.-2479-t.png,.png,Simuliidae sp,600,450,3
/Users/saanvimalla/Downloads/macro_project/data/raw/Simuliidae sp/CPH-Simuliidae sp.-2444-t.png,CPH-Simuliidae sp.-2444-t.png,.png,Simuliidae sp,600,338,3
/Users/saanvimalla/Downloads/macro_project/data/raw/Simuliidae sp/CPH-Simuliidae sp.-2700-t.png,CPH-Simuliidae sp.-2700-t.png,.png,Simuliidae sp,600,450,3
/Users/saanvimalla/Downloads/macro_project/data/raw/Simuliidae sp/CPH-Simuliidae sp.-2745-t.png,CPH-Simuliidae sp.-2745-t.png,.png,Simuliidae sp,600,450,3
/Users/saanvimalla/Downloads/macro_project/data/raw/Simuliidae sp/CPH-Simuliidae sp.-2658-t.png,CPH-Simuliidae sp.-2658-t.png,.png,Simuliidae sp,600,450,3
/Users/saanvimalla/Downloads/macro_project/data/raw/Simuliidae sp/CPH-Simuliidae sp.-2559-t.png,CPH-Simuliidae sp.-2559-t.png,.png,Simuliidae sp,600,450,3
/Users/saanvimalla/Downloads/macro_project/data/raw/Simuliidae sp/CPH-Simuliidae sp.-2724-t.png,CPH-Simuliidae sp.-2724-t.png,.png,Simuliidae sp,600,450,3
/Users/saanvimalla/Downloads/macro_project/data/raw/Simuliidae sp/CPH-Simuliidae sp.-2761-t.png,CPH-Simuliidae sp.-2761-t.png,.png,Simuliidae sp,600,450,3
/Users/saanvimalla/Downloads/macro_project/data/raw/Simuliidae sp/CPH-Simuliidae sp.-2460-t.png,CPH-Simuliidae sp.-2460-t.png,.png,Simuliidae sp,600,450,3
/Users/saanvimalla/Downloads/macro_project/data/raw/Simuliidae sp/CPH-Simuliidae sp.-2538-t.png,CPH-Simuliidae sp.-2538-t.png,.png,Simuliidae sp,600,450,3
/Users/saanvimalla/Downloads/macro_project/data/raw/Simuliidae sp/CPH-Simuliidae sp.-2848-v.png,CPH-Simuliidae sp.-2848-v.png,.png,Simuliidae sp,600,338,3
/Users/saanvimalla/Downloads/macro_project/data/raw/Simuliidae sp/CPH-Simuliidae sp.-2681-t.png,CPH-Simuliidae sp.-2681-t.png,.png,Simuliidae sp,600,450,3
/Users/saanvimalla/Downloads/macro_project/data/raw/Simuliidae sp/CPH-Simuliidae sp.-2639-t.png,CPH-Simuliidae sp.-2639-t.png,.png,Simuliidae sp,600,450,3
/Users/saanvimalla/Downloads/macro_project/data/raw/Simuliidae sp/CPH-Simuliidae sp.-2580-t.png,CPH-Simuliidae sp.-2580-t.png,.png,Simuliidae sp,600,450,3
/Users/saanvimalla/Downloads/macro_project/data/raw/Simuliidae sp/CPH-Simuliidae sp.-2641-t.png,CPH-Simuliidae sp.-2641-t.png,.png,Simuliidae sp,600,450,3
/Users/saanvimalla/Downloads/macro_project/data/raw/Simuliidae sp/CPH-Simuliidae sp.-2604-t.png,CPH-Simuliidae sp.-2604-t.png,.png,Simuliidae sp,600,450,3
/Users/saanvimalla/Downloads/macro_project/data/raw/Simuliidae sp/CPH-Simuliidae sp.-2540-t.png,CPH-Simuliidae sp.-2540-t.png,.png,Simuliidae sp,600,450,3
/Users/saanvimalla/Downloads/macro_project/data/raw/Simuliidae sp/CPH-Simuliidae sp.-2505-t.png,CPH-Simuliidae sp.-2505-t.png,.png,Simuliidae sp,600,450,3
/Users/saanvimalla/Downloads/macro_project/data/raw/Simuliidae sp/CPH-Simuliidae sp.-2719-t.png,CPH-Simuliidae sp.-2719-t.png,.png,Simuliidae sp,600,450,3
/Users/saanvimalla/Downloads/macro_project/data/raw/Simuliidae sp/CPH-Simuliidae sp.-2542-t.png,CPH-Simuliidae sp.-2542-t.png,.png,Simuliidae sp,600,450,3
/Users/saanvimalla/Downloads/macro_project/data/raw/Simuliidae sp/CPH-Simuliidae sp.-2507-t.png,CPH-Simuliidae sp.-2507-t.png,.png,Simuliidae sp,600,450,3
/Users/saanvimalla/Downloads/macro_project/data/raw/Simuliidae sp/CPH-Simuliidae sp.-2643-t.png,CPH-Simuliidae sp.-2643-t.png,.png,Simuliidae sp,600,450,3
/Users/saanvimalla/Downloads/macro_project/data/raw/Simuliidae sp/CPH-Simuliidae sp.-2606-t.png,CPH-Simuliidae sp.-2606-t.png,.png,Simuliidae sp,600,450,3
/Users/saanvimalla/Downloads/macro_project/data/raw/Simuliidae sp/CPH-Simuliidae sp.-3151-v.png,CPH-Simuliidae sp.-3151-v.png,.png,Simuliidae sp,600,450,3
/Users/saanvimalla/Downloads/macro_project/data/raw/Simuliidae sp/CPH-Simuliidae sp.-2427-t.png,CPH-Simuliidae sp.-2427-t.png,.png,Simuliidae sp,600,338,3
/Users/saanvimalla/Downloads/macro_project/data/raw/Simuliidae sp/CPH-Simuliidae sp.-2462-t.png,CPH-Simuliidae sp.-2462-t.png,.png,Simuliidae sp,600,450,3
/Users/saanvimalla/Downloads/macro_project/data/raw/Simuliidae sp/CPH-Simuliidae sp.-2726-t.png,CPH-Simuliidae sp.-2726-t.png,.png,Simuliidae sp,600,450,3
/Users/saanvimalla/Downloads/macro_project/data/raw/Simuliidae sp/CPH-Simuliidae sp.-2763-t.png,CPH-Simuliidae sp.-2763-t.png,.png,Simuliidae sp,600,450,3
/Users/saanvimalla/Downloads/macro_project/data/raw/Simuliidae sp/CPH-Simuliidae sp.-2582-t.png,CPH-Simuliidae sp.-2582-t.png,.png,Simuliidae sp,600,450,3
/Users/saanvimalla/Downloads/macro_project/data/raw/Simuliidae sp/CPH-Simuliidae sp.-2683-t.png,CPH-Simuliidae sp.-2683-t.png,.png,Simuliidae sp,600,450,3
/Users/saanvimalla/Downloads/macro_project/data/raw/Simuliidae sp/CPH-Simuliidae sp.-2702-t.png,CPH-Simuliidae sp.-2702-t.png,.png,Simuliidae sp,600,450,3
/Users/saanvimalla/Downloads/macro_project/data/raw/Simuliidae sp/CPH-Simuliidae sp.-2747-t.png,CPH-Simuliidae sp.-2747-t.png,.png,Simuliidae sp,600,450,3
/Users/saanvimalla/Downloads/macro_project/data/raw/Simuliidae sp/CPH-Simuliidae sp.-2446-t.png,CPH-Simuliidae sp.-2446-t.png,.png,Simuliidae sp,600,338,3
/Users/saanvimalla/Downloads/macro_project/data/raw/Simuliidae sp/CPH-Simuliidae sp.-2667-t.png,CPH-Simuliidae sp.-2667-t.png,.png,Simuliidae sp,600,450,3
/Users/saanvimalla/Downloads/macro_project/data/raw/Simuliidae sp/CPH-Simuliidae sp.-2622-t.png,CPH-Simuliidae sp.-2622-t.png,.png,Simuliidae sp,600,450,3
/Users/saanvimalla/Downloads/macro_project/data/raw/Simuliidae sp/CPH-Simuliidae sp.-2566-t.png,CPH-Simuliidae sp.-2566-t.png,.png,Simuliidae sp,600,450,3
/Users/saanvimalla/Downloads/macro_project/data/raw/Simuliidae sp/CPH-Simuliidae sp.-2787-t.png,CPH-Simuliidae sp.-2787-t.png,.png,Simuliidae sp,600,338,3
/Users/saanvimalla/Downloads/macro_project/data/raw/Simuliidae sp/CPH-Simuliidae sp.-2486-t.png,CPH-Simuliidae sp.-2486-t.png,.png,Simuliidae sp,600,450,3
/Users/saanvimalla/Downloads/macro_project/data/raw/Simuliidae sp/CPH-Simuliidae sp.-2442-t.png,CPH-Simuliidae sp.-2442-t.png,.png,Simuliidae sp,600,338,3
/Users/saanvimalla/Downloads/macro_project/data/raw/Simuliidae sp/CPH-Simuliidae sp.-2743-t.png,CPH-Simuliidae sp.-2743-t.png,.png,Simuliidae sp,600,450,3
/Users/saanvimalla/Downloads/macro_project/data/raw/Simuliidae sp/CPH-Simuliidae sp.-2482-t.png,CPH-Simuliidae sp.-2482-t.png,.png,Simuliidae sp,600,450,3
/Users/saanvimalla/Downloads/macro_project/data/raw/Simuliidae sp/CPH-Simuliidae sp.-2783-t.png,CPH-Simuliidae sp.-2783-t.png,.png,Simuliidae sp,600,338,3
/Users/saanvimalla/Downloads/macro_project/data/raw/Simuliidae sp/CPH-Simuliidae sp.-2562-t.png,CPH-Simuliidae sp.-2562-t.png,.png,Simuliidae sp,600,450,3
/Users/saanvimalla/Downloads/macro_project/data/raw/Simuliidae sp/CPH-Simuliidae sp.-2527-t.png,CPH-Simuliidae sp.-2527-t.png,.png,Simuliidae sp,600,450,3
/Users/saanvimalla/Downloads/macro_project/data/raw/Simuliidae sp/CPH-Simuliidae sp.-2663-t.png,CPH-Simuliidae sp.-2663-t.png,.png,Simuliidae sp,600,450,3
/Users/saanvimalla/Downloads/macro_project/data/raw/Simuliidae sp/CPH-Simuliidae sp.-2647-t.png,CPH-Simuliidae sp.-2647-t.png,.png,Simuliidae sp,600,450,3
/Users/saanvimalla/Downloads/macro_project/data/raw/Simuliidae sp/CPH-Simuliidae sp.-2602-t.png,CPH-Simuliidae sp.-2602-t.png,.png,Simuliidae sp,600,450,3
/Users/saanvimalla/Downloads/macro_project/data/raw/Simuliidae sp/CPH-Simuliidae sp.-2546-t.png,CPH-Simuliidae sp.-2546-t.png,.png,Simuliidae sp,600,450,3
/Users/saanvimalla/Downloads/macro_project/data/raw/Simuliidae sp/CPH-Simuliidae sp.-2503-t.png,CPH-Simuliidae sp.-2503-t.png,.png,Simuliidae sp,600,450,3
/Users/saanvimalla/Downloads/macro_project/data/raw/Simuliidae sp/CPH-Simuliidae sp.-2687-t.png,CPH-Simuliidae sp.-2687-t.png,.png,Simuliidae sp,600,450,3
/Users/saanvimalla/Downloads/macro_project/data/raw/Simuliidae sp/CPH-Simuliidae sp.-2586-t.png,CPH-Simuliidae sp.-2586-t.png,.png,Simuliidae sp,600,450,3
/Users/saanvimalla/Downloads/macro_project/data/raw/Simuliidae sp/CPH-Simuliidae sp.-2722-t.png,CPH-Simuliidae sp.-2722-t.png,.png,Simuliidae sp,600,450,3
/Users/saanvimalla/Downloads/macro_project/data/raw/Simuliidae sp/CPH-Simuliidae sp.-2767-t.png,CPH-Simuliidae sp.-2767-t.png,.png,Simuliidae sp,600,450,3
/Users/saanvimalla/Downloads/macro_project/data/raw/Simuliidae sp/CPH-Simuliidae sp.-2466-t.png,CPH-Simuliidae sp.-2466-t.png,.png,Simuliidae sp,600,450,3
/Users/saanvimalla/Downloads/macro_project/data/raw/Simuliidae sp/CPH-Simuliidae sp.-2678-t.png,CPH-Simuliidae sp.-2678-t.png,.png,Simuliidae sp,600,450,3
/Users/saanvimalla/Downloads/macro_project/data/raw/Simuliidae sp/CPH-Simuliidae sp.-2584-t.png,CPH-Simuliidae sp.-2584-t.png,.png,Simuliidae sp,600,450,3
/Users/saanvimalla/Downloads/macro_project/data/raw/Simuliidae sp/CPH-Simuliidae sp.-2579-t.png,CPH-Simuliidae sp.-2579-t.png,.png,Simuliidae sp,600,450,3
/Users/saanvimalla/Downloads/macro_project/data/raw/Simuliidae sp/CPH-Simuliidae sp.-2685-t.png,CPH-Simuliidae sp.-2685-t.png,.png,Simuliidae sp,600,450,3
/Users/saanvimalla/Downloads/macro_project/data/raw/Simuliidae sp/CPH-Simuliidae sp.-2464-t.png,CPH-Simuliidae sp.-2464-t.png,.png,Simuliidae sp,600,450,3
/Users/saanvimalla/Downloads/macro_project/data/raw/Simuliidae sp/CPH-Simuliidae sp.-2798-t.png,CPH-Simuliidae sp.-2798-t.png,.png,Simuliidae sp,600,338,3
/Users/saanvimalla/Downloads/macro_project/data/raw/Simuliidae sp/CPH-Simuliidae sp.-2720-t.png,CPH-Simuliidae sp.-2720-t.png,.png,Simuliidae sp,600,450,3
/Users/saanvimalla/Downloads/macro_project/data/raw/Simuliidae sp/CPH-Simuliidae sp.-2765-t.png,CPH-Simuliidae sp.-2765-t.png,.png,Simuliidae sp,600,450,3
/Users/saanvimalla/Downloads/macro_project/data/raw/Simuliidae sp/CPH-Simuliidae sp.-2499-t.png,CPH-Simuliidae sp.-2499-t.png,.png,Simuliidae sp,600,450,3
/Users/saanvimalla/Downloads/macro_project/data/raw/Simuliidae sp/CPH-Simuliidae sp.-2758-t.png,CPH-Simuliidae sp.-2758-t.png,.png,Simuliidae sp,600,450,3
/Users/saanvimalla/Downloads/macro_project/data/raw/Simuliidae sp/CPH-Simuliidae sp.-2459-t.png,CPH-Simuliidae sp.-2459-t.png,.png,Simuliidae sp,600,450,3
/Users/saanvimalla/Downloads/macro_project/data/raw/Simuliidae sp/CPH-Simuliidae sp.-2544-t.png,CPH-Simuliidae sp.-2544-t.png,.png,Simuliidae sp,600,450,3
/Users/saanvimalla/Downloads/macro_project/data/raw/Simuliidae sp/CPH-Simuliidae sp.-2501-t.png,CPH-Simuliidae sp.-2501-t.png,.png,Simuliidae sp,600,450,3
/Users/saanvimalla/Downloads/macro_project/data/raw/Simuliidae sp/CPH-Simuliidae sp.-2645-t.png,CPH-Simuliidae sp.-2645-t.png,.png,Simuliidae sp,600,450,3
/Users/saanvimalla/Downloads/macro_project/data/raw/Simuliidae sp/CPH-Simuliidae sp.-2600-t.png,CPH-Simuliidae sp.-2600-t.png,.png,Simuliidae sp,600,450,3
/Users/saanvimalla/Downloads/macro_project/data/raw/Simuliidae sp/CPH-Simuliidae sp.-2781-t.png,CPH-Simuliidae sp.-2781-t.png,.png,Simuliidae sp,600,338,3
/Users/saanvimalla/Downloads/macro_project/data/raw/Simuliidae sp/CPH-Simuliidae sp.-2438-t.png,CPH-Simuliidae sp.-2438-t.png,.png,Simuliidae sp,600,338,3
/Users/saanvimalla/Downloads/macro_project/data/raw/Simuliidae sp/CPH-Simuliidae sp.-2480-t.png,CPH-Simuliidae sp.-2480-t.png,.png,Simuliidae sp,600,450,3
/Users/saanvimalla/Downloads/macro_project/data/raw/Simuliidae sp/CPH-Simuliidae sp.-2739-t.png,CPH-Simuliidae sp.-2739-t.png,.png,Simuliidae sp,600,450,3
/Users/saanvimalla/Downloads/macro_project/data/raw/Simuliidae sp/CPH-Simuliidae sp.-2661-t.png,CPH-Simuliidae sp.-2661-t.png,.png,Simuliidae sp,600,450,3
/Users/saanvimalla/Downloads/macro_project/data/raw/Simuliidae sp/CPH-Simuliidae sp.-2624-t.png,CPH-Simuliidae sp.-2624-t.png,.png,Simuliidae sp,600,450,3
/Users/saanvimalla/Downloads/macro_project/data/raw/Simuliidae sp/CPH-Simuliidae sp.-2560-t.png,CPH-Simuliidae sp.-2560-t.png,.png,Simuliidae sp,600,450,3
/Users/saanvimalla/Downloads/macro_project/data/raw/Simuliidae sp/CPH-Simuliidae sp.-2525-t.png,CPH-Simuliidae sp.-2525-t.png,.png,Simuliidae sp,600,450,3
/Users/saanvimalla/Downloads/macro_project/data/raw/Simuliidae sp/CPH-Simuliidae sp.-2518-t.png,CPH-Simuliidae sp.-2518-t.png,.png,Simuliidae sp,600,450,3
/Users/saanvimalla/Downloads/macro_project/data/raw/Simuliidae sp/CPH-Simuliidae sp.-2619-t.png,CPH-Simuliidae sp.-2619-t.png,.png,Simuliidae sp,600,450,3
/Users/saanvimalla/Downloads/macro_project/data/raw/Simuliidae sp/CPH-Simuliidae sp.-2704-t.png,CPH-Simuliidae sp.-2704-t.png,.png,Simuliidae sp,600,450,3
/Users/saanvimalla/Downloads/macro_project/data/raw/Simuliidae sp/CPH-Simuliidae sp.-2741-t.png,CPH-Simuliidae sp.-2741-t.png,.png,Simuliidae sp,600,450,3
/Users/saanvimalla/Downloads/macro_project/data/raw/Simuliidae sp/CPH-Simuliidae sp.-3173-v.png,CPH-Simuliidae sp.-3173-v.png,.png,Simuliidae sp,600,450,3
/Users/saanvimalla/Downloads/macro_project/data/raw/Simuliidae sp/CPH-Simuliidae sp.-2440-t.png,CPH-Simuliidae sp.-2440-t.png,.png,Simuliidae sp,600,338,3
/Users/saanvimalla/Downloads/macro_project/data/raw/Simuliidae sp/CPH-Simuliidae sp.-2583-t.png,CPH-Simuliidae sp.-2583-t.png,.png,Simuliidae sp,600,450,3
/Users/saanvimalla/Downloads/macro_project/data/raw/Simuliidae sp/CPH-Simuliidae sp.-2682-t.png,CPH-Simuliidae sp.-2682-t.png,.png,Simuliidae sp,600,450,3
/Users/saanvimalla/Downloads/macro_project/data/raw/Simuliidae sp/CPH-Simuliidae sp.-2463-t.png,CPH-Simuliidae sp.-2463-t.png,.png,Simuliidae sp,600,450,3
/Users/saanvimalla/Downloads/macro_project/data/raw/Simuliidae sp/CPH-Simuliidae sp.-2762-t.png,CPH-Simuliidae sp.-2762-t.png,.png,Simuliidae sp,600,450,3
/Users/saanvimalla/Downloads/macro_project/data/raw/Simuliidae sp/CPH-Simuliidae sp.-2727-t.png,CPH-Simuliidae sp.-2727-t.png,.png,Simuliidae sp,600,450,3
/Users/saanvimalla/Downloads/macro_project/data/raw/Simuliidae sp/CPH-Simuliidae sp.-2506-t.png,CPH-Simuliidae sp.-2506-t.png,.png,Simuliidae sp,600,450,3
/Users/saanvimalla/Downloads/macro_project/data/raw/Simuliidae sp/CPH-Simuliidae sp.-2543-t.png,CPH-Simuliidae sp.-2543-t.png,.png,Simuliidae sp,600,450,3
/Users/saanvimalla/Downloads/macro_project/data/raw/Simuliidae sp/CPH-Simuliidae sp.-2607-t.png,CPH-Simuliidae sp.-2607-t.png,.png,Simuliidae sp,600,450,3
/Users/saanvimalla/Downloads/macro_project/data/raw/Simuliidae sp/CPH-Simuliidae sp.-2642-t.png,CPH-Simuliidae sp.-2642-t.png,.png,Simuliidae sp,600,450,3
/Users/saanvimalla/Downloads/macro_project/data/raw/Simuliidae sp/CPH-Simuliidae sp.-2786-t.png,CPH-Simuliidae sp.-2786-t.png,.png,Simuliidae sp,600,338,3
/Users/saanvimalla/Downloads/macro_project/data/raw/Simuliidae sp/CPH-Simuliidae sp.-2487-t.png,CPH-Simuliidae sp.-2487-t.png,.png,Simuliidae sp,600,450,3
/Users/saanvimalla/Downloads/macro_project/data/raw/Simuliidae sp/CPH-Simuliidae sp.-2623-t.png,CPH-Simuliidae sp.-2623-t.png,.png,Simuliidae sp,600,450,3
/Users/saanvimalla/Downloads/macro_project/data/raw/Simuliidae sp/CPH-Simuliidae sp.-2666-t.png,CPH-Simuliidae sp.-2666-t.png,.png,Simuliidae sp,600,450,3
/Users/saanvimalla/Downloads/macro_project/data/raw/Simuliidae sp/CPH-Simuliidae sp.-2522-t.png,CPH-Simuliidae sp.-2522-t.png,.png,Simuliidae sp,600,450,3
/Users/saanvimalla/Downloads/macro_project/data/raw/Simuliidae sp/CPH-Simuliidae sp.-2567-t.png,CPH-Simuliidae sp.-2567-t.png,.png,Simuliidae sp,600,450,3
/Users/saanvimalla/Downloads/macro_project/data/raw/Simuliidae sp/CPH-Simuliidae sp.-2746-t.png,CPH-Simuliidae sp.-2746-t.png,.png,Simuliidae sp,600,450,3
/Users/saanvimalla/Downloads/macro_project/data/raw/Simuliidae sp/CPH-Simuliidae sp.-2703-t.png,CPH-Simuliidae sp.-2703-t.png,.png,Simuliidae sp,600,450,3
/Users/saanvimalla/Downloads/macro_project/data/raw/Simuliidae sp/CPH-Simuliidae sp.-3174-v.png,CPH-Simuliidae sp.-3174-v.png,.png,Simuliidae sp,600,450,3
/Users/saanvimalla/Downloads/macro_project/data/raw/Simuliidae sp/CPH-Simuliidae sp.-2659-t.png,CPH-Simuliidae sp.-2659-t.png,.png,Simuliidae sp,600,450,3
/Users/saanvimalla/Downloads/macro_project/data/raw/Simuliidae sp/CPH-Simuliidae sp.-2558-t.png,CPH-Simuliidae sp.-2558-t.png,.png,Simuliidae sp,600,450,3
/Users/saanvimalla/Downloads/macro_project/data/raw/Simuliidae sp/CPH-Simuliidae sp.-2445-t.png,CPH-Simuliidae sp.-2445-t.png,.png,Simuliidae sp,600,338,3
/Users/saanvimalla/Downloads/macro_project/data/raw/Simuliidae sp/CPH-Simuliidae sp.-2744-t.png,CPH-Simuliidae sp.-2744-t.png,.png,Simuliidae sp,600,450,3
/Users/saanvimalla/Downloads/macro_project/data/raw/Simuliidae sp/CPH-Simuliidae sp.-2701-t.png,CPH-Simuliidae sp.-2701-t.png,.png,Simuliidae sp,600,450,3
/Users/saanvimalla/Downloads/macro_project/data/raw/Simuliidae sp/CPH-Simuliidae sp.-2485-t.png,CPH-Simuliidae sp.-2485-t.png,.png,Simuliidae sp,600,450,3
/Users/saanvimalla/Downloads/macro_project/data/raw/Simuliidae sp/CPH-Simuliidae sp.-2779-t.png,CPH-Simuliidae sp.-2779-t.png,.png,Simuliidae sp,600,338,3
/Users/saanvimalla/Downloads/macro_project/data/raw/Simuliidae sp/CPH-Simuliidae sp.-2784-t.png,CPH-Simuliidae sp.-2784-t.png,.png,Simuliidae sp,600,338,3
/Users/saanvimalla/Downloads/macro_project/data/raw/Simuliidae sp/CPH-Simuliidae sp.-2478-t.png,CPH-Simuliidae sp.-2478-t.png,.png,Simuliidae sp,600,450,3
/Users/saanvimalla/Downloads/macro_project/data/raw/Simuliidae sp/CPH-Simuliidae sp.-2850-v.png,CPH-Simuliidae sp.-2850-v.png,.png,Simuliidae sp,600,450,3
/Users/saanvimalla/Downloads/macro_project/data/raw/Simuliidae sp/CPH-Simuliidae sp.-2699-t.png,CPH-Simuliidae sp.-2699-t.png,.png,Simuliidae sp,600,450,3
/Users/saanvimalla/Downloads/macro_project/data/raw/Simuliidae sp/CPH-Simuliidae sp.-2520-t.png,CPH-Simuliidae sp.-2520-t.png,.png,Simuliidae sp,600,450,3
/Users/saanvimalla/Downloads/macro_project/data/raw/Simuliidae sp/CPH-Simuliidae sp.-2565-t.png,CPH-Simuliidae sp.-2565-t.png,.png,Simuliidae sp,600,450,3
/Users/saanvimalla/Downloads/macro_project/data/raw/Simuliidae sp/CPH-Simuliidae sp.-2598-t.png,CPH-Simuliidae sp.-2598-t.png,.png,Simuliidae sp,600,450,3
/Users/saanvimalla/Downloads/macro_project/data/raw/Simuliidae sp/CPH-Simuliidae sp.-2621-t.png,CPH-Simuliidae sp.-2621-t.png,.png,Simuliidae sp,600,450,3
/Users/saanvimalla/Downloads/macro_project/data/raw/Simuliidae sp/CPH-Simuliidae sp.-2664-t.png,CPH-Simuliidae sp.-2664-t.png,.png,Simuliidae sp,600,450,3
/Users/saanvimalla/Downloads/macro_project/data/raw/Simuliidae sp/CPH-Simuliidae sp.-2994-v.png,CPH-Simuliidae sp.-2994-v.png,.png,Simuliidae sp,600,450,3
/Users/saanvimalla/Downloads/macro_project/data/raw/Simuliidae sp/CPH-Simuliidae sp.-2718-t.png,CPH-Simuliidae sp.-2718-t.png,.png,Simuliidae sp,600,450,3
/Users/saanvimalla/Downloads/macro_project/data/raw/Simuliidae sp/CPH-Simuliidae sp.-2605-t.png,CPH-Simuliidae sp.-2605-t.png,.png,Simuliidae sp,600,450,3
/Users/saanvimalla/Downloads/macro_project/data/raw/Simuliidae sp/CPH-Simuliidae sp.-2640-t.png,CPH-Simuliidae sp.-2640-t.png,.png,Simuliidae sp,600,450,3
/Users/saanvimalla/Downloads/macro_project/data/raw/Simuliidae sp/CPH-Simuliidae sp.-2504-t.png,CPH-Simuliidae sp.-2504-t.png,.png,Simuliidae sp,600,450,3
/Users/saanvimalla/Downloads/macro_project/data/raw/Simuliidae sp/CPH-Simuliidae sp.-2541-t.png,CPH-Simuliidae sp.-2541-t.png,.png,Simuliidae sp,600,450,3
/Users/saanvimalla/Downloads/macro_project/data/raw/Simuliidae sp/CPH-Simuliidae sp.-3072-v.png,CPH-Simuliidae sp.-3072-v.png,.png,Simuliidae sp,600,450,3
/Users/saanvimalla/Downloads/macro_project/data/raw/Simuliidae sp/CPH-Simuliidae sp.-2539-t.png,CPH-Simuliidae sp.-2539-t.png,.png,Simuliidae sp,600,450,3
/Users/saanvimalla/Downloads/macro_project/data/raw/Simuliidae sp/CPH-Simuliidae sp.-2680-t.png,CPH-Simuliidae sp.-2680-t.png,.png,Simuliidae sp,600,450,3
/Users/saanvimalla/Downloads/macro_project/data/raw/Simuliidae sp/CPH-Simuliidae sp.-2638-t.png,CPH-Simuliidae sp.-2638-t.png,.png,Simuliidae sp,600,450,3
/Users/saanvimalla/Downloads/macro_project/data/raw/Simuliidae sp/CPH-Simuliidae sp.-2581-t.png,CPH-Simuliidae sp.-2581-t.png,.png,Simuliidae sp,600,450,3
/Users/saanvimalla/Downloads/macro_project/data/raw/Simuliidae sp/CPH-Simuliidae sp.-2760-t.png,CPH-Simuliidae sp.-2760-t.png,.png,Simuliidae sp,600,450,3
/Users/saanvimalla/Downloads/macro_project/data/raw/Simuliidae sp/CPH-Simuliidae sp.-2725-t.png,CPH-Simuliidae sp.-2725-t.png,.png,Simuliidae sp,600,450,3
/Users/saanvimalla/Downloads/macro_project/data/raw/Simuliidae sp/CPH-Simuliidae sp.-2500-t.png,CPH-Simuliidae sp.-2500-t.png,.png,Simuliidae sp,600,450,3
/Users/saanvimalla/Downloads/macro_project/data/raw/Simuliidae sp/CPH-Simuliidae sp.-2545-t.png,CPH-Simuliidae sp.-2545-t.png,.png,Simuliidae sp,600,450,3
/Users/saanvimalla/Downloads/macro_project/data/raw/Simuliidae sp/CPH-Simuliidae sp.-2601-t.png,CPH-Simuliidae sp.-2601-t.png,.png,Simuliidae sp,600,450,3
/Users/saanvimalla/Downloads/macro_project/data/raw/Simuliidae sp/CPH-Simuliidae sp.-2644-t.png,CPH-Simuliidae sp.-2644-t.png,.png,Simuliidae sp,600,450,3
/Users/saanvimalla/Downloads/macro_project/data/raw/Simuliidae sp/CPH-Simuliidae sp.-2759-t.png,CPH-Simuliidae sp.-2759-t.png,.png,Simuliidae sp,600,450,3
/Users/saanvimalla/Downloads/macro_project/data/raw/Simuliidae sp/CPH-Simuliidae sp.-2458-t.png,CPH-Simuliidae sp.-2458-t.png,.png,Simuliidae sp,600,450,3
/Users/saanvimalla/Downloads/macro_project/data/raw/Simuliidae sp/CPH-Simuliidae sp.-2465-t.png,CPH-Simuliidae sp.-2465-t.png,.png,Simuliidae sp,600,450,3
/Users/saanvimalla/Downloads/macro_project/data/raw/Simuliidae sp/CPH-Simuliidae sp.-2799-t.png,CPH-Simuliidae sp.-2799-t.png,.png,Simuliidae sp,600,338,3
/Users/saanvimalla/Downloads/macro_project/data/raw/Simuliidae sp/CPH-Simuliidae sp.-2764-t.png,CPH-Simuliidae sp.-2764-t.png,.png,Simuliidae sp,600,450,3
/Users/saanvimalla/Downloads/macro_project/data/raw/Simuliidae sp/CPH-Simuliidae sp.-2721-t.png,CPH-Simuliidae sp.-2721-t.png,.png,Simuliidae sp,600,450,3
/Users/saanvimalla/Downloads/macro_project/data/raw/Simuliidae sp/CPH-Simuliidae sp.-2498-t.png,CPH-Simuliidae sp.-2498-t.png,.png,Simuliidae sp,600,450,3
/Users/saanvimalla/Downloads/macro_project/data/raw/Simuliidae sp/CPH-Simuliidae sp.-2679-t.png,CPH-Simuliidae sp.-2679-t.png,.png,Simuliidae sp,600,450,3
/Users/saanvimalla/Downloads/macro_project/data/raw/Simuliidae sp/CPH-Simuliidae sp.-2585-t.png,CPH-Simuliidae sp.-2585-t.png,.png,Simuliidae sp,600,450,3
/Users/saanvimalla/Downloads/macro_project/data/raw/Simuliidae sp/CPH-Simuliidae sp.-2578-t.png,CPH-Simuliidae sp.-2578-t.png,.png,Simuliidae sp,600,450,3
/Users/saanvimalla/Downloads/macro_project/data/raw/Simuliidae sp/CPH-Simuliidae sp.-2684-t.png,CPH-Simuliidae sp.-2684-t.png,.png,Simuliidae sp,600,450,3
/Users/saanvimalla/Downloads/macro_project/data/raw/Simuliidae sp/CPH-Simuliidae sp.-2740-t.png,CPH-Simuliidae sp.-2740-t.png,.png,Simuliidae sp,600,450,3
/Users/saanvimalla/Downloads/macro_project/data/raw/Simuliidae sp/CPH-Simuliidae sp.-2705-t.png,CPH-Simuliidae sp.-2705-t.png,.png,Simuliidae sp,600,450,3
/Users/saanvimalla/Downloads/macro_project/data/raw/Simuliidae sp/CPH-Simuliidae sp.-2441-t.png,CPH-Simuliidae sp.-2441-t.png,.png,Simuliidae sp,600,338,3
/Users/saanvimalla/Downloads/macro_project/data/raw/Simuliidae sp/CPH-Simuliidae sp.-2519-t.png,CPH-Simuliidae sp.-2519-t.png,.png,Simuliidae sp,600,450,3
/Users/saanvimalla/Downloads/macro_project/data/raw/Simuliidae sp/CPH-Simuliidae sp.-2618-t.png,CPH-Simuliidae sp.-2618-t.png,.png,Simuliidae sp,600,450,3
/Users/saanvimalla/Downloads/macro_project/data/raw/Simuliidae sp/CPH-Simuliidae sp.-2625-t.png,CPH-Simuliidae sp.-2625-t.png,.png,Simuliidae sp,600,450,3
/Users/saanvimalla/Downloads/macro_project/data/raw/Simuliidae sp/CPH-Simuliidae sp.-2660-t.png,CPH-Simuliidae sp.-2660-t.png,.png,Simuliidae sp,600,450,3
/Users/saanvimalla/Downloads/macro_project/data/raw/Simuliidae sp/CPH-Simuliidae sp.-2854-v.png,CPH-Simuliidae sp.-2854-v.png,.png,Simuliidae sp,600,450,3
/Users/saanvimalla/Downloads/macro_project/data/raw/Simuliidae sp/CPH-Simuliidae sp.-2524-t.png,CPH-Simuliidae sp.-2524-t.png,.png,Simuliidae sp,600,450,3
/Users/saanvimalla/Downloads/macro_project/data/raw/Simuliidae sp/CPH-Simuliidae sp.-2561-t.png,CPH-Simuliidae sp.-2561-t.png,.png,Simuliidae sp,600,450,3
/Users/saanvimalla/Downloads/macro_project/data/raw/Simuliidae sp/CPH-Simuliidae sp.-2780-t.png,CPH-Simuliidae sp.-2780-t.png,.png,Simuliidae sp,600,338,3
/Users/saanvimalla/Downloads/macro_project/data/raw/Simuliidae sp/CPH-Simuliidae sp.-2439-t.png,CPH-Simuliidae sp.-2439-t.png,.png,Simuliidae sp,600,338,3
/Users/saanvimalla/Downloads/macro_project/data/raw/Simuliidae sp/CPH-Simuliidae sp.-2481-t.png,CPH-Simuliidae sp.-2481-t.png,.png,Simuliidae sp,600,450,3
/Users/saanvimalla/Downloads/macro_project/data/raw/Simuliidae sp/CPH-Simuliidae sp.-2738-t.png,CPH-Simuliidae sp.-2738-t.png,.png,Simuliidae sp,600,450,3
/Users/saanvimalla/Downloads/macro_project/data/raw/Simuliidae sp/CPH-Simuliidae sp.-2526-t.png,CPH-Simuliidae sp.-2526-t.png,.png,Simuliidae sp,600,450,3
/Users/saanvimalla/Downloads/macro_project/data/raw/Simuliidae sp/CPH-Simuliidae sp.-2563-t.png,CPH-Simuliidae sp.-2563-t.png,.png,Simuliidae sp,600,450,3
/Users/saanvimalla/Downloads/macro_project/data/raw/Simuliidae sp/CPH-Simuliidae sp.-2627-t.png,CPH-Simuliidae sp.-2627-t.png,.png,Simuliidae sp,600,450,3
/Users/saanvimalla/Downloads/macro_project/data/raw/Simuliidae sp/CPH-Simuliidae sp.-2662-t.png,CPH-Simuliidae sp.-2662-t.png,.png,Simuliidae sp,600,450,3
/Users/saanvimalla/Downloads/macro_project/data/raw/Simuliidae sp/CPH-Simuliidae sp.-2483-t.png,CPH-Simuliidae sp.-2483-t.png,.png,Simuliidae sp,600,450,3
/Users/saanvimalla/Downloads/macro_project/data/raw/Simuliidae sp/CPH-Simuliidae sp.-2782-t.png,CPH-Simuliidae sp.-2782-t.png,.png,Simuliidae sp,600,338,3
/Users/saanvimalla/Downloads/macro_project/data/raw/Simuliidae sp/CPH-Simuliidae sp.-2443-t.png,CPH-Simuliidae sp.-2443-t.png,.png,Simuliidae sp,600,338,3
/Users/saanvimalla/Downloads/macro_project/data/raw/Simuliidae sp/CPH-Simuliidae sp.-2742-t.png,CPH-Simuliidae sp.-2742-t.png,.png,Simuliidae sp,600,450,3
/Users/saanvimalla/Downloads/macro_project/data/raw/Simuliidae sp/CPH-Simuliidae sp.-2707-t.png,CPH-Simuliidae sp.-2707-t.png,.png,Simuliidae sp,600,450,3
/Users/saanvimalla/Downloads/macro_project/data/raw/Simuliidae sp/CPH-Simuliidae sp.-2766-t.png,CPH-Simuliidae sp.-2766-t.png,.png,Simuliidae sp,600,450,3
/Users/saanvimalla/Downloads/macro_project/data/raw/Simuliidae sp/CPH-Simuliidae sp.-2723-t.png,CPH-Simuliidae sp.-2723-t.png,.png,Simuliidae sp,600,450,3
/Users/saanvimalla/Downloads/macro_project/data/raw/Simuliidae sp/CPH-Simuliidae sp.-2467-t.png,CPH-Simuliidae sp.-2467-t.png,.png,Simuliidae sp,600,450,3
/Users/saanvimalla/Downloads/macro_project/data/raw/Simuliidae sp/CPH-Simuliidae sp.-2686-t.png,CPH-Simuliidae sp.-2686-t.png,.png,Simuliidae sp,600,450,3
/Users/saanvimalla/Downloads/macro_project/data/raw/Simuliidae sp/CPH-Simuliidae sp.-2587-t.png,CPH-Simuliidae sp.-2587-t.png,.png,Simuliidae sp,600,450,3
/Users/saanvimalla/Downloads/macro_project/data/raw/Simuliidae sp/CPH-Simuliidae sp.-2603-t.png,CPH-Simuliidae sp.-2603-t.png,.png,Simuliidae sp,600,450,3
/Users/saanvimalla/Downloads/macro_project/data/raw/Simuliidae sp/CPH-Simuliidae sp.-2646-t.png,CPH-Simuliidae sp.-2646-t.png,.png,Simuliidae sp,600,450,3
/Users/saanvimalla/Downloads/macro_project/data/raw/Simuliidae sp/CPH-Simuliidae sp.-2502-t.png,CPH-Simuliidae sp.-2502-t.png,.png,Simuliidae sp,600,450,3
/Users/saanvimalla/Downloads/macro_project/data/raw/Simuliidae sp/CPH-Simuliidae sp.-2547-t.png,CPH-Simuliidae sp.-2547-t.png,.png,Simuliidae sp,600,450,3
/Users/saanvimalla/Downloads/macro_project/data/raw/Simuliidae sp/CPH-Simuliidae sp.-2456-t.png,CPH-Simuliidae sp.-2456-t.png,.png,Simuliidae sp,600,450,3
/Users/saanvimalla/Downloads/macro_project/data/raw/Simuliidae sp/CPH-Simuliidae sp.-2712-t.png,CPH-Simuliidae sp.-2712-t.png,.png,Simuliidae sp,600,450,3
/Users/saanvimalla/Downloads/macro_project/data/raw/Simuliidae sp/CPH-Simuliidae sp.-2757-t.png,CPH-Simuliidae sp.-2757-t.png,.png,Simuliidae sp,600,450,3
/Users/saanvimalla/Downloads/macro_project/data/raw/Simuliidae sp/CPH-Simuliidae sp.-2496-t.png,CPH-Simuliidae sp.-2496-t.png,.png,Simuliidae sp,600,450,3
/Users/saanvimalla/Downloads/macro_project/data/raw/Simuliidae sp/CPH-Simuliidae sp.-2797-t.png,CPH-Simuliidae sp.-2797-t.png,.png,Simuliidae sp,600,338,3
/Users/saanvimalla/Downloads/macro_project/data/raw/Simuliidae sp/CPH-Simuliidae sp.-2576-t.png,CPH-Simuliidae sp.-2576-t.png,.png,Simuliidae sp,600,450,3
/Users/saanvimalla/Downloads/macro_project/data/raw/Simuliidae sp/CPH-Simuliidae sp.-2533-t.png,CPH-Simuliidae sp.-2533-t.png,.png,Simuliidae sp,600,450,3
/Users/saanvimalla/Downloads/macro_project/data/raw/Simuliidae sp/CPH-Simuliidae sp.-2677-t.png,CPH-Simuliidae sp.-2677-t.png,.png,Simuliidae sp,600,450,3
/Users/saanvimalla/Downloads/macro_project/data/raw/Simuliidae sp/CPH-Simuliidae sp.-2632-t.png,CPH-Simuliidae sp.-2632-t.png,.png,Simuliidae sp,600,450,3
/Users/saanvimalla/Downloads/macro_project/data/raw/Simuliidae sp/CPH-Simuliidae sp.-2653-t.png,CPH-Simuliidae sp.-2653-t.png,.png,Simuliidae sp,600,450,3
/Users/saanvimalla/Downloads/macro_project/data/raw/Simuliidae sp/CPH-Simuliidae sp.-2616-t.png,CPH-Simuliidae sp.-2616-t.png,.png,Simuliidae sp,600,450,3
/Users/saanvimalla/Downloads/macro_project/data/raw/Simuliidae sp/CPH-Simuliidae sp.-2552-t.png,CPH-Simuliidae sp.-2552-t.png,.png,Simuliidae sp,600,450,3
/Users/saanvimalla/Downloads/macro_project/data/raw/Simuliidae sp/CPH-Simuliidae sp.-2517-t.png,CPH-Simuliidae sp.-2517-t.png,.png,Simuliidae sp,600,450,3
/Users/saanvimalla/Downloads/macro_project/data/raw/Simuliidae sp/CPH-Simuliidae sp.-2693-t.png,CPH-Simuliidae sp.-2693-t.png,.png,Simuliidae sp,600,450,3
/Users/saanvimalla/Downloads/macro_project/data/raw/Simuliidae sp/CPH-Simuliidae sp.-2592-t.png,CPH-Simuliidae sp.-2592-t.png,.png,Simuliidae sp,600,450,3
/Users/saanvimalla/Downloads/macro_project/data/raw/Simuliidae sp/CPH-Simuliidae sp.-2736-t.png,CPH-Simuliidae sp.-2736-t.png,.png,Simuliidae sp,600,450,3
/Users/saanvimalla/Downloads/macro_project/data/raw/Simuliidae sp/CPH-Simuliidae sp.-2437-t.png,CPH-Simuliidae sp.-2437-t.png,.png,Simuliidae sp,600,338,3
/Users/saanvimalla/Downloads/macro_project/data/raw/Simuliidae sp/CPH-Simuliidae sp.-2472-t.png,CPH-Simuliidae sp.-2472-t.png,.png,Simuliidae sp,600,450,3
/Users/saanvimalla/Downloads/macro_project/data/raw/Simuliidae sp/CPH-Simuliidae sp.-2629-t.png,CPH-Simuliidae sp.-2629-t.png,.png,Simuliidae sp,600,450,3
/Users/saanvimalla/Downloads/macro_project/data/raw/Simuliidae sp/CPH-Simuliidae sp.-2590-t.png,CPH-Simuliidae sp.-2590-t.png,.png,Simuliidae sp,600,450,3
/Users/saanvimalla/Downloads/macro_project/data/raw/Simuliidae sp/CPH-Simuliidae sp.-2528-t.png,CPH-Simuliidae sp.-2528-t.png,.png,Simuliidae sp,600,450,3
/Users/saanvimalla/Downloads/macro_project/data/raw/Simuliidae sp/CPH-Simuliidae sp.-2691-t.png,CPH-Simuliidae sp.-2691-t.png,.png,Simuliidae sp,600,450,3
/Users/saanvimalla/Downloads/macro_project/data/raw/Simuliidae sp/CPH-Simuliidae sp.-2435-t.png,CPH-Simuliidae sp.-2435-t.png,.png,Simuliidae sp,600,338,3
/Users/saanvimalla/Downloads/macro_project/data/raw/Simuliidae sp/CPH-Simuliidae sp.-2470-t.png,CPH-Simuliidae sp.-2470-t.png,.png,Simuliidae sp,600,450,3
/Users/saanvimalla/Downloads/macro_project/data/raw/Simuliidae sp/CPH-Simuliidae sp.-2734-t.png,CPH-Simuliidae sp.-2734-t.png,.png,Simuliidae sp,600,450,3
/Users/saanvimalla/Downloads/macro_project/data/raw/Simuliidae sp/CPH-Simuliidae sp.-2771-t.png,CPH-Simuliidae sp.-2771-t.png,.png,Simuliidae sp,600,450,3
/Users/saanvimalla/Downloads/macro_project/data/raw/Simuliidae sp/CPH-Simuliidae sp.-2709-t.png,CPH-Simuliidae sp.-2709-t.png,.png,Simuliidae sp,600,450,3
/Users/saanvimalla/Downloads/macro_project/data/raw/Simuliidae sp/CPH-Simuliidae sp.-2550-t.png,CPH-Simuliidae sp.-2550-t.png,.png,Simuliidae sp,600,450,3
/Users/saanvimalla/Downloads/macro_project/data/raw/Simuliidae sp/CPH-Simuliidae sp.-2515-t.png,CPH-Simuliidae sp.-2515-t.png,.png,Simuliidae sp,600,450,3
/Users/saanvimalla/Downloads/macro_project/data/raw/Simuliidae sp/CPH-Simuliidae sp.-2651-t.png,CPH-Simuliidae sp.-2651-t.png,.png,Simuliidae sp,600,450,3
/Users/saanvimalla/Downloads/macro_project/data/raw/Simuliidae sp/CPH-Simuliidae sp.-2614-t.png,CPH-Simuliidae sp.-2614-t.png,.png,Simuliidae sp,600,450,3
/Users/saanvimalla/Downloads/macro_project/data/raw/Simuliidae sp/CPH-Simuliidae sp.-2795-t.png,CPH-Simuliidae sp.-2795-t.png,.png,Simuliidae sp,600,338,3
/Users/saanvimalla/Downloads/macro_project/data/raw/Simuliidae sp/CPH-Simuliidae sp.-2469-t.png,CPH-Simuliidae sp.-2469-t.png,.png,Simuliidae sp,600,450,3
/Users/saanvimalla/Downloads/macro_project/data/raw/Simuliidae sp/CPH-Simuliidae sp.-2494-t.png,CPH-Simuliidae sp.-2494-t.png,.png,Simuliidae sp,600,450,3
/Users/saanvimalla/Downloads/macro_project/data/raw/Simuliidae sp/CPH-Simuliidae sp.-2768-t.png,CPH-Simuliidae sp.-2768-t.png,.png,Simuliidae sp,600,450,3
/Users/saanvimalla/Downloads/macro_project/data/raw/Simuliidae sp/CPH-Simuliidae sp.-2589-t.png,CPH-Simuliidae sp.-2589-t.png,.png,Simuliidae sp,600,450,3
/Users/saanvimalla/Downloads/macro_project/data/raw/Simuliidae sp/CPH-Simuliidae sp.-2675-t.png,CPH-Simuliidae sp.-2675-t.png,.png,Simuliidae sp,600,450,3
/Users/saanvimalla/Downloads/macro_project/data/raw/Simuliidae sp/CPH-Simuliidae sp.-2630-t.png,CPH-Simuliidae sp.-2630-t.png,.png,Simuliidae sp,600,450,3
/Users/saanvimalla/Downloads/macro_project/data/raw/Simuliidae sp/CPH-Simuliidae sp.-2688-t.png,CPH-Simuliidae sp.-2688-t.png,.png,Simuliidae sp,600,450,3
/Users/saanvimalla/Downloads/macro_project/data/raw/Simuliidae sp/CPH-Simuliidae sp.-2574-t.png,CPH-Simuliidae sp.-2574-t.png,.png,Simuliidae sp,600,450,3
/Users/saanvimalla/Downloads/macro_project/data/raw/Simuliidae sp/CPH-Simuliidae sp.-2531-t.png,CPH-Simuliidae sp.-2531-t.png,.png,Simuliidae sp,600,450,3
/Users/saanvimalla/Downloads/macro_project/data/raw/Simuliidae sp/CPH-Simuliidae sp.-2549-t.png,CPH-Simuliidae sp.-2549-t.png,.png,Simuliidae sp,600,450,3
/Users/saanvimalla/Downloads/macro_project/data/raw/Simuliidae sp/CPH-Simuliidae sp.-2648-t.png,CPH-Simuliidae sp.-2648-t.png,.png,Simuliidae sp,600,450,3
/Users/saanvimalla/Downloads/macro_project/data/raw/Simuliidae sp/CPH-Simuliidae sp.-2710-t.png,CPH-Simuliidae sp.-2710-t.png,.png,Simuliidae sp,600,450,3
/Users/saanvimalla/Downloads/macro_project/data/raw/Simuliidae sp/CPH-Simuliidae sp.-2755-t.png,CPH-Simuliidae sp.-2755-t.png,.png,Simuliidae sp,600,450,3
/Users/saanvimalla/Downloads/macro_project/data/raw/Simuliidae sp/CPH-Simuliidae sp.-2924-v.png,CPH-Simuliidae sp.-2924-v.png,.png,Simuliidae sp,600,450,3
/Users/saanvimalla/Downloads/macro_project/data/raw/Simuliidae sp/CPH-Simuliidae sp.-2454-t.png,CPH-Simuliidae sp.-2454-t.png,.png,Simuliidae sp,600,450,3
/Users/saanvimalla/Downloads/macro_project/data/raw/Simuliidae sp/CPH-Simuliidae sp.-2570-t.png,CPH-Simuliidae sp.-2570-t.png,.png,Simuliidae sp,600,450,3
/Users/saanvimalla/Downloads/macro_project/data/raw/Simuliidae sp/CPH-Simuliidae sp.-2535-t.png,CPH-Simuliidae sp.-2535-t.png,.png,Simuliidae sp,600,450,3
/Users/saanvimalla/Downloads/macro_project/data/raw/Simuliidae sp/CPH-Simuliidae sp.-2634-t.png,CPH-Simuliidae sp.-2634-t.png,.png,Simuliidae sp,600,450,3
/Users/saanvimalla/Downloads/macro_project/data/raw/Simuliidae sp/CPH-Simuliidae sp.-2490-t.png,CPH-Simuliidae sp.-2490-t.png,.png,Simuliidae sp,600,450,3
/Users/saanvimalla/Downloads/macro_project/data/raw/Simuliidae sp/CPH-Simuliidae sp.-2729-t.png,CPH-Simuliidae sp.-2729-t.png,.png,Simuliidae sp,600,450,3
/Users/saanvimalla/Downloads/macro_project/data/raw/Simuliidae sp/CPH-Simuliidae sp.-2791-t.png,CPH-Simuliidae sp.-2791-t.png,.png,Simuliidae sp,600,338,3
/Users/saanvimalla/Downloads/macro_project/data/raw/Simuliidae sp/CPH-Simuliidae sp.-2428-t.png,CPH-Simuliidae sp.-2428-t.png,.png,Simuliidae sp,600,338,3
/Users/saanvimalla/Downloads/macro_project/data/raw/Simuliidae sp/CPH-Simuliidae sp.-2450-t.png,CPH-Simuliidae sp.-2450-t.png,.png,Simuliidae sp,600,450,3
/Users/saanvimalla/Downloads/macro_project/data/raw/Simuliidae sp/CPH-Simuliidae sp.-2714-t.png,CPH-Simuliidae sp.-2714-t.png,.png,Simuliidae sp,600,450,3
/Users/saanvimalla/Downloads/macro_project/data/raw/Simuliidae sp/CPH-Simuliidae sp.-2751-t.png,CPH-Simuliidae sp.-2751-t.png,.png,Simuliidae sp,600,450,3
/Users/saanvimalla/Downloads/macro_project/data/raw/Simuliidae sp/CPH-Simuliidae sp.-2609-t.png,CPH-Simuliidae sp.-2609-t.png,.png,Simuliidae sp,600,450,3
/Users/saanvimalla/Downloads/macro_project/data/raw/Simuliidae sp/CPH-Simuliidae sp.-2508-t.png,CPH-Simuliidae sp.-2508-t.png,.png,Simuliidae sp,600,450,3
/Users/saanvimalla/Downloads/macro_project/data/raw/Simuliidae sp/CPH-Simuliidae sp.-2730-t.png,CPH-Simuliidae sp.-2730-t.png,.png,Simuliidae sp,600,450,3
/Users/saanvimalla/Downloads/macro_project/data/raw/Simuliidae sp/CPH-Simuliidae sp.-2775-t.png,CPH-Simuliidae sp.-2775-t.png,.png,Simuliidae sp,600,450,3
/Users/saanvimalla/Downloads/macro_project/data/raw/Simuliidae sp/CPH-Simuliidae sp.-2489-t.png,CPH-Simuliidae sp.-2489-t.png,.png,Simuliidae sp,600,450,3
/Users/saanvimalla/Downloads/macro_project/data/raw/Simuliidae sp/CPH-Simuliidae sp.-2431-t.png,CPH-Simuliidae sp.-2431-t.png,.png,Simuliidae sp,600,338,3
/Users/saanvimalla/Downloads/macro_project/data/raw/Simuliidae sp/CPH-Simuliidae sp.-2474-t.png,CPH-Simuliidae sp.-2474-t.png,.png,Simuliidae sp,600,450,3
/Users/saanvimalla/Downloads/macro_project/data/raw/Simuliidae sp/CPH-Simuliidae sp.-2788-t.png,CPH-Simuliidae sp.-2788-t.png,.png,Simuliidae sp,600,338,3
/Users/saanvimalla/Downloads/macro_project/data/raw/Simuliidae sp/CPH-Simuliidae sp.-2569-t.png,CPH-Simuliidae sp.-2569-t.png,.png,Simuliidae sp,600,450,3
/Users/saanvimalla/Downloads/macro_project/data/raw/Simuliidae sp/CPH-Simuliidae sp.-2695-t.png,CPH-Simuliidae sp.-2695-t.png,.png,Simuliidae sp,600,450,3
/Users/saanvimalla/Downloads/macro_project/data/raw/Simuliidae sp/CPH-Simuliidae sp.-2668-t.png,CPH-Simuliidae sp.-2668-t.png,.png,Simuliidae sp,600,450,3
/Users/saanvimalla/Downloads/macro_project/data/raw/Simuliidae sp/CPH-Simuliidae sp.-2594-t.png,CPH-Simuliidae sp.-2594-t.png,.png,Simuliidae sp,600,450,3
/Users/saanvimalla/Downloads/macro_project/data/raw/Simuliidae sp/CPH-Simuliidae sp.-2655-t.png,CPH-Simuliidae sp.-2655-t.png,.png,Simuliidae sp,600,450,3
/Users/saanvimalla/Downloads/macro_project/data/raw/Simuliidae sp/CPH-Simuliidae sp.-2610-t.png,CPH-Simuliidae sp.-2610-t.png,.png,Simuliidae sp,600,450,3
/Users/saanvimalla/Downloads/macro_project/data/raw/Simuliidae sp/CPH-Simuliidae sp.-2554-t.png,CPH-Simuliidae sp.-2554-t.png,.png,Simuliidae sp,600,450,3
/Users/saanvimalla/Downloads/macro_project/data/raw/Simuliidae sp/CPH-Simuliidae sp.-2511-t.png,CPH-Simuliidae sp.-2511-t.png,.png,Simuliidae sp,600,450,3
/Users/saanvimalla/Downloads/macro_project/data/raw/Simuliidae sp/CPH-Simuliidae sp.-2748-t.png,CPH-Simuliidae sp.-2748-t.png,.png,Simuliidae sp,600,450,3
/Users/saanvimalla/Downloads/macro_project/data/raw/Simuliidae sp/CPH-Simuliidae sp.-2556-t.png,CPH-Simuliidae sp.-2556-t.png,.png,Simuliidae sp,600,450,3
/Users/saanvimalla/Downloads/macro_project/data/raw/Simuliidae sp/CPH-Simuliidae sp.-2513-t.png,CPH-Simuliidae sp.-2513-t.png,.png,Simuliidae sp,600,450,3
/Users/saanvimalla/Downloads/macro_project/data/raw/Simuliidae sp/CPH-Simuliidae sp.-2657-t.png,CPH-Simuliidae sp.-2657-t.png,.png,Simuliidae sp,600,450,3
/Users/saanvimalla/Downloads/macro_project/data/raw/Simuliidae sp/CPH-Simuliidae sp.-2612-t.png,CPH-Simuliidae sp.-2612-t.png,.png,Simuliidae sp,600,450,3
/Users/saanvimalla/Downloads/macro_project/data/raw/Simuliidae sp/CPH-Simuliidae sp.-2433-t.png,CPH-Simuliidae sp.-2433-t.png,.png,Simuliidae sp,600,338,3
/Users/saanvimalla/Downloads/macro_project/data/raw/Simuliidae sp/CPH-Simuliidae sp.-2476-t.png,CPH-Simuliidae sp.-2476-t.png,.png,Simuliidae sp,600,450,3
/Users/saanvimalla/Downloads/macro_project/data/raw/Simuliidae sp/CPH-Simuliidae sp.-2732-t.png,CPH-Simuliidae sp.-2732-t.png,.png,Simuliidae sp,600,450,3
/Users/saanvimalla/Downloads/macro_project/data/raw/Simuliidae sp/CPH-Simuliidae sp.-2777-t.png,CPH-Simuliidae sp.-2777-t.png,.png,Simuliidae sp,600,450,3
/Users/saanvimalla/Downloads/macro_project/data/raw/Simuliidae sp/CPH-Simuliidae sp.-2596-t.png,CPH-Simuliidae sp.-2596-t.png,.png,Simuliidae sp,600,450,3
/Users/saanvimalla/Downloads/macro_project/data/raw/Simuliidae sp/CPH-Simuliidae sp.-2697-t.png,CPH-Simuliidae sp.-2697-t.png,.png,Simuliidae sp,600,450,3
/Users/saanvimalla/Downloads/macro_project/data/raw/Simuliidae sp/CPH-Simuliidae sp.-2716-t.png,CPH-Simuliidae sp.-2716-t.png,.png,Simuliidae sp,600,450,3
/Users/saanvimalla/Downloads/macro_project/data/raw/Simuliidae sp/CPH-Simuliidae sp.-2753-t.png,CPH-Simuliidae sp.-2753-t.png,.png,Simuliidae sp,600,450,3
/Users/saanvimalla/Downloads/macro_project/data/raw/Simuliidae sp/CPH-Simuliidae sp.-2452-t.png,CPH-Simuliidae sp.-2452-t.png,.png,Simuliidae sp,600,450,3
/Users/saanvimalla/Downloads/macro_project/data/raw/Simuliidae sp/CPH-Simuliidae sp.-2673-t.png,CPH-Simuliidae sp.-2673-t.png,.png,Simuliidae sp,600,450,3
/Users/saanvimalla/Downloads/macro_project/data/raw/Simuliidae sp/CPH-Simuliidae sp.-2636-t.png,CPH-Simuliidae sp.-2636-t.png,.png,Simuliidae sp,600,450,3
/Users/saanvimalla/Downloads/macro_project/data/raw/Simuliidae sp/CPH-Simuliidae sp.-2572-t.png,CPH-Simuliidae sp.-2572-t.png,.png,Simuliidae sp,600,450,3
/Users/saanvimalla/Downloads/macro_project/data/raw/Simuliidae sp/CPH-Simuliidae sp.-2537-t.png,CPH-Simuliidae sp.-2537-t.png,.png,Simuliidae sp,600,450,3
/Users/saanvimalla/Downloads/macro_project/data/raw/Simuliidae sp/CPH-Simuliidae sp.-2793-t.png,CPH-Simuliidae sp.-2793-t.png,.png,Simuliidae sp,600,338,3
/Users/saanvimalla/Downloads/macro_project/data/raw/Simuliidae sp/CPH-Simuliidae sp.-2492-t.png,CPH-Simuliidae sp.-2492-t.png,.png,Simuliidae sp,600,450,3
/Users/saanvimalla/Downloads/macro_project/data/raw/Simuliidae sp/CPH-Simuliidae sp.-2800-t.png,CPH-Simuliidae sp.-2800-t.png,.png,Simuliidae sp,600,338,3
/Users/saanvimalla/Downloads/macro_project/data/raw/Simuliidae sp/CPH-Simuliidae sp.-2514-t.png,CPH-Simuliidae sp.-2514-t.png,.png,Simuliidae sp,600,450,3
/Users/saanvimalla/Downloads/macro_project/data/raw/Simuliidae sp/CPH-Simuliidae sp.-2551-t.png,CPH-Simuliidae sp.-2551-t.png,.png,Simuliidae sp,600,450,3
/Users/saanvimalla/Downloads/macro_project/data/raw/Simuliidae sp/CPH-Simuliidae sp.-3027-v.png,CPH-Simuliidae sp.-3027-v.png,.png,Simuliidae sp,600,450,3
/Users/saanvimalla/Downloads/macro_project/data/raw/Simuliidae sp/CPH-Simuliidae sp.-2615-t.png,CPH-Simuliidae sp.-2615-t.png,.png,Simuliidae sp,600,450,3
/Users/saanvimalla/Downloads/macro_project/data/raw/Simuliidae sp/CPH-Simuliidae sp.-2650-t.png,CPH-Simuliidae sp.-2650-t.png,.png,Simuliidae sp,600,450,3
/Users/saanvimalla/Downloads/macro_project/data/raw/Simuliidae sp/CPH-Simuliidae sp.-2708-t.png,CPH-Simuliidae sp.-2708-t.png,.png,Simuliidae sp,600,450,3
/Users/saanvimalla/Downloads/macro_project/data/raw/Simuliidae sp/CPH-Simuliidae sp.-2471-t.png,CPH-Simuliidae sp.-2471-t.png,.png,Simuliidae sp,600,450,3
/Users/saanvimalla/Downloads/macro_project/data/raw/Simuliidae sp/CPH-Simuliidae sp.-2434-t.png,CPH-Simuliidae sp.-2434-t.png,.png,Simuliidae sp,600,338,3
/Users/saanvimalla/Downloads/macro_project/data/raw/Simuliidae sp/CPH-Simuliidae sp.-3107-v.png,CPH-Simuliidae sp.-3107-v.png,.png,Simuliidae sp,600,450,3
/Users/saanvimalla/Downloads/macro_project/data/raw/Simuliidae sp/CPH-Simuliidae sp.-2770-t.png,CPH-Simuliidae sp.-2770-t.png,.png,Simuliidae sp,600,450,3
/Users/saanvimalla/Downloads/macro_project/data/raw/Simuliidae sp/CPH-Simuliidae sp.-2735-t.png,CPH-Simuliidae sp.-2735-t.png,.png,Simuliidae sp,600,450,3
/Users/saanvimalla/Downloads/macro_project/data/raw/Simuliidae sp/CPH-Simuliidae sp.-2628-t.png,CPH-Simuliidae sp.-2628-t.png,.png,Simuliidae sp,600,450,3
/Users/saanvimalla/Downloads/macro_project/data/raw/Simuliidae sp/CPH-Simuliidae sp.-2591-t.png,CPH-Simuliidae sp.-2591-t.png,.png,Simuliidae sp,600,450,3
/Users/saanvimalla/Downloads/macro_project/data/raw/Simuliidae sp/CPH-Simuliidae sp.-2529-t.png,CPH-Simuliidae sp.-2529-t.png,.png,Simuliidae sp,600,450,3
/Users/saanvimalla/Downloads/macro_project/data/raw/Simuliidae sp/CPH-Simuliidae sp.-2690-t.png,CPH-Simuliidae sp.-2690-t.png,.png,Simuliidae sp,600,450,3
/Users/saanvimalla/Downloads/macro_project/data/raw/Simuliidae sp/CPH-Simuliidae sp.-2754-t.png,CPH-Simuliidae sp.-2754-t.png,.png,Simuliidae sp,600,450,3
/Users/saanvimalla/Downloads/macro_project/data/raw/Simuliidae sp/CPH-Simuliidae sp.-2711-t.png,CPH-Simuliidae sp.-2711-t.png,.png,Simuliidae sp,600,450,3
/Users/saanvimalla/Downloads/macro_project/data/raw/Simuliidae sp/CPH-Simuliidae sp.-2455-t.png,CPH-Simuliidae sp.-2455-t.png,.png,Simuliidae sp,600,450,3
/Users/saanvimalla/Downloads/macro_project/data/raw/Simuliidae sp/CPH-Simuliidae sp.-2548-t.png,CPH-Simuliidae sp.-2548-t.png,.png,Simuliidae sp,600,450,3
/Users/saanvimalla/Downloads/macro_project/data/raw/Simuliidae sp/CPH-Simuliidae sp.-2649-t.png,CPH-Simuliidae sp.-2649-t.png,.png,Simuliidae sp,600,450,3
/Users/saanvimalla/Downloads/macro_project/data/raw/Simuliidae sp/CPH-Simuliidae sp.-2588-t.png,CPH-Simuliidae sp.-2588-t.png,.png,Simuliidae sp,600,450,3
/Users/saanvimalla/Downloads/macro_project/data/raw/Simuliidae sp/CPH-Simuliidae sp.-2631-t.png,CPH-Simuliidae sp.-2631-t.png,.png,Simuliidae sp,600,450,3
/Users/saanvimalla/Downloads/macro_project/data/raw/Simuliidae sp/CPH-Simuliidae sp.-2674-t.png,CPH-Simuliidae sp.-2674-t.png,.png,Simuliidae sp,600,450,3
/Users/saanvimalla/Downloads/macro_project/data/raw/Simuliidae sp/CPH-Simuliidae sp.-2689-t.png,CPH-Simuliidae sp.-2689-t.png,.png,Simuliidae sp,600,450,3
/Users/saanvimalla/Downloads/macro_project/data/raw/Simuliidae sp/CPH-Simuliidae sp.-2530-t.png,CPH-Simuliidae sp.-2530-t.png,.png,Simuliidae sp,600,450,3
/Users/saanvimalla/Downloads/macro_project/data/raw/Simuliidae sp/CPH-Simuliidae sp.-2575-t.png,CPH-Simuliidae sp.-2575-t.png,.png,Simuliidae sp,600,450,3
/Users/saanvimalla/Downloads/macro_project/data/raw/Simuliidae sp/CPH-Simuliidae sp.-2794-t.png,CPH-Simuliidae sp.-2794-t.png,.png,Simuliidae sp,600,338,3
/Users/saanvimalla/Downloads/macro_project/data/raw/Simuliidae sp/CPH-Simuliidae sp.-2468-t.png,CPH-Simuliidae sp.-2468-t.png,.png,Simuliidae sp,600,450,3
/Users/saanvimalla/Downloads/macro_project/data/raw/Simuliidae sp/CPH-Simuliidae sp.-2495-t.png,CPH-Simuliidae sp.-2495-t.png,.png,Simuliidae sp,600,450,3
/Users/saanvimalla/Downloads/macro_project/data/raw/Simuliidae sp/CPH-Simuliidae sp.-2769-t.png,CPH-Simuliidae sp.-2769-t.png,.png,Simuliidae sp,600,450,3
/Users/saanvimalla/Downloads/macro_project/data/raw/Simuliidae sp/CPH-Simuliidae sp.-2532-t.png,CPH-Simuliidae sp.-2532-t.png,.png,Simuliidae sp,600,450,3
/Users/saanvimalla/Downloads/macro_project/data/raw/Simuliidae sp/CPH-Simuliidae sp.-2577-t.png,CPH-Simuliidae sp.-2577-t.png,.png,Simuliidae sp,600,450,3
/Users/saanvimalla/Downloads/macro_project/data/raw/Simuliidae sp/CPH-Simuliidae sp.-2633-t.png,CPH-Simuliidae sp.-2633-t.png,.png,Simuliidae sp,600,450,3
/Users/saanvimalla/Downloads/macro_project/data/raw/Simuliidae sp/CPH-Simuliidae sp.-2676-t.png,CPH-Simuliidae sp.-2676-t.png,.png,Simuliidae sp,600,450,3
/Users/saanvimalla/Downloads/macro_project/data/raw/Simuliidae sp/CPH-Simuliidae sp.-2497-t.png,CPH-Simuliidae sp.-2497-t.png,.png,Simuliidae sp,600,450,3
/Users/saanvimalla/Downloads/macro_project/data/raw/Simuliidae sp/CPH-Simuliidae sp.-2796-t.png,CPH-Simuliidae sp.-2796-t.png,.png,Simuliidae sp,600,338,3
/Users/saanvimalla/Downloads/macro_project/data/raw/Simuliidae sp/CPH-Simuliidae sp.-2457-t.png,CPH-Simuliidae sp.-2457-t.png,.png,Simuliidae sp,600,450,3
/Users/saanvimalla/Downloads/macro_project/data/raw/Simuliidae sp/CPH-Simuliidae sp.-2756-t.png,CPH-Simuliidae sp.-2756-t.png,.png,Simuliidae sp,600,450,3
/Users/saanvimalla/Downloads/macro_project/data/raw/Simuliidae sp/CPH-Simuliidae sp.-2713-t.png,CPH-Simuliidae sp.-2713-t.png,.png,Simuliidae sp,600,450,3
/Users/saanvimalla/Downloads/macro_project/data/raw/Simuliidae sp/CPH-Simuliidae sp.-2737-t.png,CPH-Simuliidae sp.-2737-t.png,.png,Simuliidae sp,600,450,3
/Users/saanvimalla/Downloads/macro_project/data/raw/Simuliidae sp/CPH-Simuliidae sp.-2473-t.png,CPH-Simuliidae sp.-2473-t.png,.png,Simuliidae sp,600,450,3
/Users/saanvimalla/Downloads/macro_project/data/raw/Simuliidae sp/CPH-Simuliidae sp.-2436-t.png,CPH-Simuliidae sp.-2436-t.png,.png,Simuliidae sp,600,338,3
/Users/saanvimalla/Downloads/macro_project/data/raw/Simuliidae sp/CPH-Simuliidae sp.-2692-t.png,CPH-Simuliidae sp.-2692-t.png,.png,Simuliidae sp,600,450,3
/Users/saanvimalla/Downloads/macro_project/data/raw/Simuliidae sp/CPH-Simuliidae sp.-2617-t.png,CPH-Simuliidae sp.-2617-t.png,.png,Simuliidae sp,600,450,3
/Users/saanvimalla/Downloads/macro_project/data/raw/Simuliidae sp/CPH-Simuliidae sp.-2652-t.png,CPH-Simuliidae sp.-2652-t.png,.png,Simuliidae sp,600,450,3
/Users/saanvimalla/Downloads/macro_project/data/raw/Simuliidae sp/CPH-Simuliidae sp.-2516-t.png,CPH-Simuliidae sp.-2516-t.png,.png,Simuliidae sp,600,450,3
/Users/saanvimalla/Downloads/macro_project/data/raw/Simuliidae sp/CPH-Simuliidae sp.-2553-t.png,CPH-Simuliidae sp.-2553-t.png,.png,Simuliidae sp,600,450,3
/Users/saanvimalla/Downloads/macro_project/data/raw/Simuliidae sp/CPH-Simuliidae sp.-2597-t.png,CPH-Simuliidae sp.-2597-t.png,.png,Simuliidae sp,600,450,3
/Users/saanvimalla/Downloads/macro_project/data/raw/Simuliidae sp/CPH-Simuliidae sp.-2696-t.png,CPH-Simuliidae sp.-2696-t.png,.png,Simuliidae sp,600,450,3
/Users/saanvimalla/Downloads/macro_project/data/raw/Simuliidae sp/CPH-Simuliidae sp.-2477-t.png,CPH-Simuliidae sp.-2477-t.png,.png,Simuliidae sp,600,450,3
/Users/saanvimalla/Downloads/macro_project/data/raw/Simuliidae sp/CPH-Simuliidae sp.-2432-t.png,CPH-Simuliidae sp.-2432-t.png,.png,Simuliidae sp,600,338,3
/Users/saanvimalla/Downloads/macro_project/data/raw/Simuliidae sp/CPH-Simuliidae sp.-2776-t.png,CPH-Simuliidae sp.-2776-t.png,.png,Simuliidae sp,600,450,3
/Users/saanvimalla/Downloads/macro_project/data/raw/Simuliidae sp/CPH-Simuliidae sp.-2733-t.png,CPH-Simuliidae sp.-2733-t.png,.png,Simuliidae sp,600,450,3
/Users/saanvimalla/Downloads/macro_project/data/raw/Simuliidae sp/CPH-Simuliidae sp.-2862-v.png,CPH-Simuliidae sp.-2862-v.png,.png,Simuliidae sp,600,450,3
/Users/saanvimalla/Downloads/macro_project/data/raw/Simuliidae sp/CPH-Simuliidae sp.-2512-t.png,CPH-Simuliidae sp.-2512-t.png,.png,Simuliidae sp,600,450,3
/Users/saanvimalla/Downloads/macro_project/data/raw/Simuliidae sp/CPH-Simuliidae sp.-2557-t.png,CPH-Simuliidae sp.-2557-t.png,.png,Simuliidae sp,600,450,3
/Users/saanvimalla/Downloads/macro_project/data/raw/Simuliidae sp/CPH-Simuliidae sp.-2613-t.png,CPH-Simuliidae sp.-2613-t.png,.png,Simuliidae sp,600,450,3
/Users/saanvimalla/Downloads/macro_project/data/raw/Simuliidae sp/CPH-Simuliidae sp.-2792-t.png,CPH-Simuliidae sp.-2792-t.png,.png,Simuliidae sp,600,338,3
/Users/saanvimalla/Downloads/macro_project/data/raw/Simuliidae sp/CPH-Simuliidae sp.-2493-t.png,CPH-Simuliidae sp.-2493-t.png,.png,Simuliidae sp,600,450,3
/Users/saanvimalla/Downloads/macro_project/data/raw/Simuliidae sp/CPH-Simuliidae sp.-2637-t.png,CPH-Simuliidae sp.-2637-t.png,.png,Simuliidae sp,600,450,3
/Users/saanvimalla/Downloads/macro_project/data/raw/Simuliidae sp/CPH-Simuliidae sp.-2672-t.png,CPH-Simuliidae sp.-2672-t.png,.png,Simuliidae sp,600,450,3
/Users/saanvimalla/Downloads/macro_project/data/raw/Simuliidae sp/CPH-Simuliidae sp.-2536-t.png,CPH-Simuliidae sp.-2536-t.png,.png,Simuliidae sp,600,450,3
/Users/saanvimalla/Downloads/macro_project/data/raw/Simuliidae sp/CPH-Simuliidae sp.-2573-t.png,CPH-Simuliidae sp.-2573-t.png,.png,Simuliidae sp,600,450,3
/Users/saanvimalla/Downloads/macro_project/data/raw/Simuliidae sp/CPH-Simuliidae sp.-2752-t.png,CPH-Simuliidae sp.-2752-t.png,.png,Simuliidae sp,600,450,3
/Users/saanvimalla/Downloads/macro_project/data/raw/Simuliidae sp/CPH-Simuliidae sp.-2717-t.png,CPH-Simuliidae sp.-2717-t.png,.png,Simuliidae sp,600,450,3
/Users/saanvimalla/Downloads/macro_project/data/raw/Simuliidae sp/CPH-Simuliidae sp.-2608-t.png,CPH-Simuliidae sp.-2608-t.png,.png,Simuliidae sp,600,450,3
/Users/saanvimalla/Downloads/macro_project/data/raw/Simuliidae sp/CPH-Simuliidae sp.-2509-t.png,CPH-Simuliidae sp.-2509-t.png,.png,Simuliidae sp,600,450,3
/Users/saanvimalla/Downloads/macro_project/data/raw/Simuliidae sp/CPH-Simuliidae sp.-2451-t.png,CPH-Simuliidae sp.-2451-t.png,.png,Simuliidae sp,600,450,3
/Users/saanvimalla/Downloads/macro_project/data/raw/Simuliidae sp/CPH-Simuliidae sp.-2715-t.png,CPH-Simuliidae sp.-2715-t.png,.png,Simuliidae sp,600,450,3
/Users/saanvimalla/Downloads/macro_project/data/raw/Simuliidae sp/CPH-Simuliidae sp.-2491-t.png,CPH-Simuliidae sp.-2491-t.png,.png,Simuliidae sp,600,450,3
/Users/saanvimalla/Downloads/macro_project/data/raw/Simuliidae sp/CPH-Simuliidae sp.-2728-t.png,CPH-Simuliidae sp.-2728-t.png,.png,Simuliidae sp,600,450,3
/Users/saanvimalla/Downloads/macro_project/data/raw/Simuliidae sp/CPH-Simuliidae sp.-2790-t.png,CPH-Simuliidae sp.-2790-t.png,.png,Simuliidae sp,600,338,3
/Users/saanvimalla/Downloads/macro_project/data/raw/Simuliidae sp/CPH-Simuliidae sp.-2429-t.png,CPH-Simuliidae sp.-2429-t.png,.png,Simuliidae sp,600,338,3
/Users/saanvimalla/Downloads/macro_project/data/raw/Simuliidae sp/CPH-Simuliidae sp.-2534-t.png,CPH-Simuliidae sp.-2534-t.png,.png,Simuliidae sp,600,450,3
/Users/saanvimalla/Downloads/macro_project/data/raw/Simuliidae sp/CPH-Simuliidae sp.-2571-t.png,CPH-Simuliidae sp.-2571-t.png,.png,Simuliidae sp,600,450,3
/Users/saanvimalla/Downloads/macro_project/data/raw/Simuliidae sp/CPH-Simuliidae sp.-2635-t.png,CPH-Simuliidae sp.-2635-t.png,.png,Simuliidae sp,600,450,3
/Users/saanvimalla/Downloads/macro_project/data/raw/Simuliidae sp/CPH-Simuliidae sp.-2670-t.png,CPH-Simuliidae sp.-2670-t.png,.png,Simuliidae sp,600,450,3
/Users/saanvimalla/Downloads/macro_project/data/raw/Simuliidae sp/CPH-Simuliidae sp.-2448-t.png,CPH-Simuliidae sp.-2448-t.png,.png,Simuliidae sp,600,338,3
/Users/saanvimalla/Downloads/macro_project/data/raw/Simuliidae sp/CPH-Simuliidae sp.-2749-t.png,CPH-Simuliidae sp.-2749-t.png,.png,Simuliidae sp,600,450,3
/Users/saanvimalla/Downloads/macro_project/data/raw/Simuliidae sp/CPH-Simuliidae sp.-2611-t.png,CPH-Simuliidae sp.-2611-t.png,.png,Simuliidae sp,600,450,3
/Users/saanvimalla/Downloads/macro_project/data/raw/Simuliidae sp/CPH-Simuliidae sp.-2654-t.png,CPH-Simuliidae sp.-2654-t.png,.png,Simuliidae sp,600,450,3
/Users/saanvimalla/Downloads/macro_project/data/raw/Simuliidae sp/CPH-Simuliidae sp.-2510-t.png,CPH-Simuliidae sp.-2510-t.png,.png,Simuliidae sp,600,450,3
/Users/saanvimalla/Downloads/macro_project/data/raw/Simuliidae sp/CPH-Simuliidae sp.-2555-t.png,CPH-Simuliidae sp.-2555-t.png,.png,Simuliidae sp,600,450,3
/Users/saanvimalla/Downloads/macro_project/data/raw/Simuliidae sp/CPH-Simuliidae sp.-2568-t.png,CPH-Simuliidae sp.-2568-t.png,.png,Simuliidae sp,600,450,3
/Users/saanvimalla/Downloads/macro_project/data/raw/Simuliidae sp/CPH-Simuliidae sp.-2694-t.png,CPH-Simuliidae sp.-2694-t.png,.png,Simuliidae sp,600,450,3
/Users/saanvimalla/Downloads/macro_project/data/raw/Simuliidae sp/CPH-Simuliidae sp.-2669-t.png,CPH-Simuliidae sp.-2669-t.png,.png,Simuliidae sp,600,450,3
/Users/saanvimalla/Downloads/macro_project/data/raw/Simuliidae sp/CPH-Simuliidae sp.-2595-t.png,CPH-Simuliidae sp.-2595-t.png,.png,Simuliidae sp,600,450,3
/Users/saanvimalla/Downloads/macro_project/data/raw/Simuliidae sp/CPH-Simuliidae sp.-2774-t.png,CPH-Simuliidae sp.-2774-t.png,.png,Simuliidae sp,600,450,3
/Users/saanvimalla/Downloads/macro_project/data/raw/Simuliidae sp/CPH-Simuliidae sp.-2731-t.png,CPH-Simuliidae sp.-2731-t.png,.png,Simuliidae sp,600,450,3
/Users/saanvimalla/Downloads/macro_project/data/raw/Simuliidae sp/CPH-Simuliidae sp.-2488-t.png,CPH-Simuliidae sp.-2488-t.png,.png,Simuliidae sp,600,450,3
/Users/saanvimalla/Downloads/macro_project/data/raw/Simuliidae sp/CPH-Simuliidae sp.-2475-t.png,CPH-Simuliidae sp.-2475-t.png,.png,Simuliidae sp,600,450,3
/Users/saanvimalla/Downloads/macro_project/data/raw/Simuliidae sp/CPH-Simuliidae sp.-2430-t.png,CPH-Simuliidae sp.-2430-t.png,.png,Simuliidae sp,600,338,3
/Users/saanvimalla/Downloads/macro_project/data/raw/Simuliidae sp/CPH-Simuliidae sp.-2789-t.png,CPH-Simuliidae sp.-2789-t.png,.png,Simuliidae sp,600,338,3
/Users/saanvimalla/Downloads/macro_project/data/raw/Sialis sp/CPH-Sialis sp.-2426-t.png,CPH-Sialis sp.-2426-t.png,.png,Sialis sp,600,338,3
/Users/saanvimalla/Downloads/macro_project/data/raw/Sialis sp/CPH-Sialis sp.-2424-t.png,CPH-Sialis sp.-2424-t.png,.png,Sialis sp,600,338,3
/Users/saanvimalla/Downloads/macro_project/data/raw/Sialis sp/CPH-Sialis sp.-2419-t.png,CPH-Sialis sp.-2419-t.png,.png,Sialis sp,600,450,3
/Users/saanvimalla/Downloads/macro_project/data/raw/Sialis sp/CPH-Sialis sp.-2422-t.png,CPH-Sialis sp.-2422-t.png,.png,Sialis sp,600,338,3
/Users/saanvimalla/Downloads/macro_project/data/raw/Sialis sp/CPH-Sialis sp.-2418-t.png,CPH-Sialis sp.-2418-t.png,.png,Sialis sp,600,338,3
/Users/saanvimalla/Downloads/macro_project/data/raw/Sialis sp/CPH-Sialis sp.-2425-t.png,CPH-Sialis sp.-2425-t.png,.png,Sialis sp,600,338,3
/Users/saanvimalla/Downloads/macro_project/data/raw/Sialis sp/CPH-Sialis sp.-2423-t.png,CPH-Sialis sp.-2423-t.png,.png,Sialis sp,600,338,3
/Users/saanvimalla/Downloads/macro_project/data/raw/Sialis sp/CPH-Sialis sp.-2421-t.png,CPH-Sialis sp.-2421-t.png,.png,Sialis sp,600,450,3
/Users/saanvimalla/Downloads/macro_project/data/raw/Sialis sp/CPH-Sialis sp.-2821-v.png,CPH-Sialis sp.-2821-v.png,.png,Sialis sp,600,338,3
/Users/saanvimalla/Downloads/macro_project/data/raw/Sialis sp/CPH-Sialis sp.-2409-t.png,CPH-Sialis sp.-2409-t.png,.png,Sialis sp,600,450,3
/Users/saanvimalla/Downloads/macro_project/data/raw/Sialis sp/CPH-Sialis sp.-2410-t.png,CPH-Sialis sp.-2410-t.png,.png,Sialis sp,600,338,3
/Users/saanvimalla/Downloads/macro_project/data/raw/Sialis sp/CPH-Sialis sp.-2412-t.png,CPH-Sialis sp.-2412-t.png,.png,Sialis sp,600,338,3
/Users/saanvimalla/Downloads/macro_project/data/raw/Sialis sp/CPH-Sialis sp.-2416-t.png,CPH-Sialis sp.-2416-t.png,.png,Sialis sp,600,338,3
/Users/saanvimalla/Downloads/macro_project/data/raw/Sialis sp/CPH-Sialis sp.-2414-t.png,CPH-Sialis sp.-2414-t.png,.png,Sialis sp,600,338,3
/Users/saanvimalla/Downloads/macro_project/data/raw/Sialis sp/CPH-Sialis sp.-2413-t.png,CPH-Sialis sp.-2413-t.png,.png,Sialis sp,600,450,3
/Users/saanvimalla/Downloads/macro_project/data/raw/Sialis sp/CPH-Sialis sp.-2408-t.png,CPH-Sialis sp.-2408-t.png,.png,Sialis sp,600,338,3
/Users/saanvimalla/Downloads/macro_project/data/raw/Sialis sp/CPH-Sialis sp.-2411-t.png,CPH-Sialis sp.-2411-t.png,.png,Sialis sp,600,450,3
/Users/saanvimalla/Downloads/macro_project/data/raw/Sialis sp/CPH-Sialis sp.-2415-t.png,CPH-Sialis sp.-2415-t.png,.png,Sialis sp,600,450,3
/Users/saanvimalla/Downloads/macro_project/data/raw/Sialis sp/CPH-Sialis sp.-2417-t.png,CPH-Sialis sp.-2417-t.png,.png,Sialis sp,600,450,3
/Users/saanvimalla/Downloads/macro_project/.venv/lib/python3.14/site-packages/matplotlib/mpl-data/images/matplotlib_large.png,matplotlib_large.png,.png,images,48,48,3
/Users/saanvimalla/Downloads/macro_project/.venv/lib/python3.14/site-packages/matplotlib/mpl-data/images/subplots_large.png,subplots_large.png,.png,images,48,48,3
/Users/saanvimalla/Downloads/macro_project/.venv/lib/python3.14/site-packages/matplotlib/mpl-data/images/zoom_to_rect.png,zoom_to_rect.png,.png,images,24,24,3
/Users/saanvimalla/Downloads/macro_project/.venv/lib/python3.14/site-packages/matplotlib/mpl-data/images/zoom_to_rect_large.png,zoom_to_rect_large.png,.png,images,48,48,3
/Users/saanvimalla/Downloads/macro_project/.venv/lib/python3.14/site-packages/matplotlib/mpl-data/images/filesave.png,filesave.png,.png,images,24,24,3
/Users/saanvimalla/Downloads/macro_project/.venv/lib/python3.14/site-packages/matplotlib/mpl-data/images/qt4_editor_options_large.png,qt4_editor_options_large.png,.png,images,48,48,3
/Users/saanvimalla/Downloads/macro_project/.venv/lib/python3.14/site-packages/matplotlib/mpl-data/images/move.png,move.png,.png,images,24,24,3
/Users/saanvimalla/Downloads/macro_project/.venv/lib/python3.14/site-packages/matplotlib/mpl-data/images/filesave_large.png,filesave_large.png,.png,images,48,48,3
/Users/saanvimalla/Downloads/macro_project/.venv/lib/python3.14/site-packages/matplotlib/mpl-data/images/home_large.png,home_large.png,.png,images,48,48,3
/Users/saanvimalla/Downloads/macro_project/.venv/lib/python3.14/site-packages/matplotlib/mpl-data/images/home.png,home.png,.png,images,24,24,3
/Users/saanvimalla/Downloads/macro_project/.venv/lib/python3.14/site-packages/matplotlib/mpl-data/images/subplots.png,subplots.png,.png,images,24,24,3
/Users/saanvimalla/Downloads/macro_project/.venv/lib/python3.14/site-packages/matplotlib/mpl-data/images/matplotlib.png,matplotlib.png,.png,images,24,24,3
/Users/saanvimalla/Downloads/macro_project/.venv/lib/python3.14/site-packages/matplotlib/mpl-data/images/hand.png,hand.png,.png,images,24,24,3
/Users/saanvimalla/Downloads/macro_project/.venv/lib/python3.14/site-packages/matplotlib/mpl-data/images/move_large.png,move_large.png,.png,images,48,48,3
/Users/saanvimalla/Downloads/macro_project/.venv/lib/python3.14/site-packages/matplotlib/mpl-data/images/forward_large.png,forward_large.png,.png,images,48,48,3
/Users/saanvimalla/Downloads/macro_project/.venv/lib/python3.14/site-packages/matplotlib/mpl-data/images/help.png,help.png,.png,images,24,24,3
/Users/saanvimalla/Downloads/macro_project/.venv/lib/python3.14/site-packages/matplotlib/mpl-data/images/forward.png,forward.png,.png,images,24,24,3
/Users/saanvimalla/Downloads/macro_project/.venv/lib/python3.14/site-packages/matplotlib/mpl-data/images/help_large.png,help_large.png,.png,images,48,48,3
/Users/saanvimalla/Downloads/macro_project/.venv/lib/python3.14/site-packages/matplotlib/mpl-data/images/back_large.png,back_large.png,.png,images,48,48,3
/Users/saanvimalla/Downloads/macro_project/.venv/lib/python3.14/site-packages/matplotlib/mpl-data/images/back.png,back.png,.png,images,24,24,3
/Users/saanvimalla/Downloads/macro_project/.venv/lib/python3.14/site-packages/matplotlib/mpl-data/images/qt4_editor_options.png,qt4_editor_options.png,.png,images,24,24,3
/Users/saanvimalla/Downloads/macro_project/.venv/lib/python3.14/site-packages/matplotlib/mpl-data/sample_data/Minduka_Present_Blue_Pack.png,Minduka_Present_Blue_Pack.png,.png,sample_data,128,128,3
/Users/saanvimalla/Downloads/macro_project/.venv/lib/python3.14/site-packages/matplotlib/mpl-data/sample_data/logo2.png,logo2.png,.png,sample_data,542,130,3
/Users/saanvimalla/Downloads/macro_project/.venv/lib/python3.14/site-packages/matplotlib/mpl-data/sample_data/grace_hopper.jpg,grace_hopper.jpg,.jpg,sample_data,512,600,3
/Users/saanvimalla/Downloads/macro_project/.venv-1/lib/python3.14/site-packages/matplotlib/mpl-data/images/matplotlib_large.png,matplotlib_large.png,.png,images,48,48,3
/Users/saanvimalla/Downloads/macro_project/.venv-1/lib/python3.14/site-packages/matplotlib/mpl-data/images/subplots_large.png,subplots_large.png,.png,images,48,48,3
/Users/saanvimalla/Downloads/macro_project/.venv-1/lib/python3.14/site-packages/matplotlib/mpl-data/images/zoom_to_rect.png,zoom_to_rect.png,.png,images,24,24,3
/Users/saanvimalla/Downloads/macro_project/.venv-1/lib/python3.14/site-packages/matplotlib/mpl-data/images/zoom_to_rect_large.png,zoom_to_rect_large.png,.png,images,48,48,3
/Users/saanvimalla/Downloads/macro_project/.venv-1/lib/python3.14/site-packages/matplotlib/mpl-data/images/filesave.png,filesave.png,.png,images,24,24,3
/Users/saanvimalla/Downloads/macro_project/.venv-1/lib/python3.14/site-packages/matplotlib/mpl-data/images/qt4_editor_options_large.png,qt4_editor_options_large.png,.png,images,48,48,3
/Users/saanvimalla/Downloads/macro_project/.venv-1/lib/python3.14/site-packages/matplotlib/mpl-data/images/move.png,move.png,.png,images,24,24,3
/Users/saanvimalla/Downloads/macro_project/.venv-1/lib/python3.14/site-packages/matplotlib/mpl-data/images/filesave_large.png,filesave_large.png,.png,images,48,48,3
/Users/saanvimalla/Downloads/macro_project/.venv-1/lib/python3.14/site-packages/matplotlib/mpl-data/images/home_large.png,home_large.png,.png,images,48,48,3
/Users/saanvimalla/Downloads/macro_project/.venv-1/lib/python3.14/site-packages/matplotlib/mpl-data/images/home.png,home.png,.png,images,24,24,3
/Users/saanvimalla/Downloads/macro_project/.venv-1/lib/python3.14/site-packages/matplotlib/mpl-data/images/subplots.png,subplots.png,.png,images,24,24,3
/Users/saanvimalla/Downloads/macro_project/.venv-1/lib/python3.14/site-packages/matplotlib/mpl-data/images/matplotlib.png,matplotlib.png,.png,images,24,24,3
/Users/saanvimalla/Downloads/macro_project/.venv-1/lib/python3.14/site-packages/matplotlib/mpl-data/images/hand.png,hand.png,.png,images,24,24,3
/Users/saanvimalla/Downloads/macro_project/.venv-1/lib/python3.14/site-packages/matplotlib/mpl-data/images/move_large.png,move_large.png,.png,images,48,48,3
/Users/saanvimalla/Downloads/macro_project/.venv-1/lib/python3.14/site-packages/matplotlib/mpl-data/images/forward_large.png,forward_large.png,.png,images,48,48,3
/Users/saanvimalla/Downloads/macro_project/.venv-1/lib/python3.14/site-packages/matplotlib/mpl-data/images/help.png,help.png,.png,images,24,24,3
/Users/saanvimalla/Downloads/macro_project/.venv-1/lib/python3.14/site-packages/matplotlib/mpl-data/images/forward.png,forward.png,.png,images,24,24,3
/Users/saanvimalla/Downloads/macro_project/.venv-1/lib/python3.14/site-packages/matplotlib/mpl-data/images/help_large.png,help_large.png,.png,images,48,48,3
/Users/saanvimalla/Downloads/macro_project/.venv-1/lib/python3.14/site-packages/matplotlib/mpl-data/images/back_large.png,back_large.png,.png,images,48,48,3
/Users/saanvimalla/Downloads/macro_project/.venv-1/lib/python3.14/site-packages/matplotlib/mpl-data/images/back.png,back.png,.png,images,24,24,3
/Users/saanvimalla/Downloads/macro_project/.venv-1/lib/python3.14/site-packages/matplotlib/mpl-data/images/qt4_editor_options.png,qt4_editor_options.png,.png,images,24,24,3
/Users/saanvimalla/Downloads/macro_project/.venv-1/lib/python3.14/site-packages/matplotlib/mpl-data/sample_data/Minduka_Present_Blue_Pack.png,Minduka_Present_Blue_Pack.png,.png,sample_data,128,128,3
/Users/saanvimalla/Downloads/macro_project/.venv-1/lib/python3.14/site-packages/matplotlib/mpl-data/sample_data/logo2.png,logo2.png,.png,sample_data,542,130,3
/Users/saanvimalla/Downloads/macro_project/.venv-1/lib/python3.14/site-packages/matplotlib/mpl-data/sample_data/grace_hopper.jpg,grace_hopper.jpg,.jpg,sample_data,512,600,3
